Rk,Player,Nation,Pos,Squad,Age,Born,90s,Tkl,TklW,Def 3rd,Mid 3rd,Att 3rd,Tkl_2,Att_2,Tkl%,Lost,Blocks,Sh,Pass,Int,Tkl+Int,Clr,Err,Matches
1,Abner,br BRA,MF,Juventude,20-028,2004,0.1,0,0,0,0,0,0,0,,0,0,0,0,0,0,0,0,Matches
2,Luiz Adriano,br BRA,FW,Vitória,37-035,1987,0.8,0,0,0,0,0,0,0,,0,1,1,0,0,0,0,0,Matches
3,Adson,br BRA,"FW,MF",Vasco da Gama,23-224,2000,1.2,6,6,1,2,3,1,5,20.0,4,2,0,2,1,7,1,0,Matches
4,Lucas Alario,ar ARG,"FW,MF",Internacional,31-222,1992,0.5,0,0,0,0,0,0,0,,0,0,0,0,0,0,2,0,Matches
5,Yuri Alberto,br BRA,FW,Corinthians,23-060,2001,2.4,2,1,0,1,1,0,2,0.0,2,0,0,0,1,3,1,0,Matches
6,Alerrandro,br BRA,FW,Vitória,24-126,2000,3.1,3,2,1,2,0,1,6,16.7,5,4,1,3,3,6,6,0,Matches
7,Caio Alexandre,br BRA,MF,Bahia,25-083,1999,4.9,17,5,8,8,1,8,18,44.4,10,3,0,3,1,18,2,0,Matches
8,Matheus Alexandre,br BRA,DF,Cuiabá,25-040,1999,3.0,10,5,8,2,0,9,11,81.8,2,4,1,3,4,14,7,0,Matches
9,Alexsander,br BRA,MF,Fluminense,20-222,2003,1.6,5,3,2,2,1,3,7,42.9,4,1,1,0,2,7,2,0,Matches
10,Alisson,br BRA,GK,Criciúma,28-344,1995,2.0,0,0,0,0,0,0,0,,0,0,0,0,0,0,1,0,Matches
11,Alisson,br BRA,"DF,MF",Atlético Mineiro,18-239,2005,1.4,4,2,2,2,0,1,1,100.0,0,1,0,1,0,4,1,0,Matches
12,Alisson,br BRA,MF,São Paulo,30-327,1993,5.7,9,5,7,2,0,5,11,45.5,6,10,3,7,6,15,7,0,Matches
13,Allan,br BRA,MF,Flamengo,27-075,1997,3.8,8,5,3,4,1,5,6,83.3,1,3,1,2,3,11,7,0,Matches
14,Anderson,br BRA,GK,Cruzeiro,26-073,1998,5.0,0,0,0,0,0,0,1,0.0,1,0,0,0,0,0,3,2,Matches
15,Kervin Andrade,ve VEN,MF,Fortaleza,19-034,2005,0.8,0,0,0,0,0,0,0,,0,4,0,4,0,0,0,0,Matches
16,Rodrigo Andrade,br BRA,"MF,FW",Vitória,26-348,1997,2.6,3,3,1,1,1,2,2,100.0,0,5,2,3,0,3,1,0,Matches
17,André,br BRA,"MF,DF",Fluminense,22-306,2001,3.0,5,2,0,4,1,2,3,66.7,1,4,2,2,5,10,8,0,Matches
18,Wilker Ángel,ve VEN,DF,Criciúma,31-060,1993,0.8,0,0,0,0,0,0,0,,0,2,1,1,0,0,11,0,Matches
19,Guilherme Arana,br BRA,DF,Atlético Mineiro,27-033,1997,4.1,9,6,5,3,1,5,9,55.6,4,3,1,2,9,18,6,0,Matches
20,Luiz Araújo,br BRA,"FW,MF",Flamengo,27-350,1996,4.0,8,6,4,3,1,3,5,60.0,2,4,2,2,6,14,2,0,Matches
21,Michel Araujo,uy URU,"DF,MF",São Paulo,27-232,1996,2.7,2,1,1,1,0,0,2,0.0,2,3,0,3,2,4,3,0,Matches
22,Robert Arboleda,ec ECU,DF,São Paulo,32-208,1991,6.0,6,3,5,1,0,4,8,50.0,4,7,2,5,9,15,25,1,Matches
23,Lucas Arcanjo,br BRA,GK,Vitória,25-283,1998,5.0,0,0,0,0,0,0,1,0.0,1,0,0,0,0,0,1,0,Matches
24,Jhon Arias,co COL,FW,Fluminense,26-239,1997,6.0,14,9,4,4,6,5,10,50.0,5,8,0,8,3,17,4,0,Matches
25,Santiago Arias,co COL,DF,Bahia,32-125,1992,6.0,12,9,6,6,0,5,11,45.5,6,5,3,2,7,19,13,1,Matches
26,Arthur,br BRA,FW,Cruzeiro,25-319,1998,3.8,3,3,0,0,3,2,3,66.7,1,3,1,2,0,3,1,0,Matches
27,Arthur,br BRA,"FW,MF",Criciúma,31-337,1992,1.0,0,0,0,0,0,0,1,0.0,1,0,0,0,0,0,1,0,Matches
28,Filipe Augusto,br BRA,MF,Cuiabá,30-279,1993,0.2,0,0,0,0,0,0,0,,0,0,0,0,0,0,0,0,Matches
29,Renato Augusto,br BRA,"FW,MF",Fluminense,36-099,1988,0.7,1,0,0,0,1,1,1,100.0,0,0,0,0,1,2,1,0,Matches
30,Gabriel Baralhas,br BRA,MF,Atl Goianiense,25-220,1998,3.6,7,3,3,4,0,2,9,22.2,7,8,3,5,2,9,6,0,Matches
31,Danilo Barbosa,br BRA,MF,Botafogo (RJ),28-079,1996,3.5,4,4,3,1,0,2,3,66.7,1,5,2,3,11,15,9,0,Matches
32,Diogo Barbosa,br BRA,DF,Fluminense,31-274,1992,1.7,3,2,1,2,0,2,3,66.7,1,1,0,1,3,6,1,0,Matches
33,Gabriel Barbosa,br BRA,FW,Flamengo,27-261,1996,0.5,0,0,0,0,0,0,0,,0,0,0,0,0,0,0,0,Matches
34,Lucas Barbosa,br BRA,"MF,FW",Juventude,23-085,2001,3.3,8,5,2,4,2,3,8,37.5,5,14,0,14,4,12,1,0,Matches
35,Alexander Barboza,ar ARG,"DF,FW",Botafogo (RJ),29-062,1995,1.4,0,0,0,0,0,0,0,,0,3,2,1,0,0,8,0,Matches
36,Mateo Barcia,uy URU,MF,Criciúma,23-088,2001,0.1,1,0,1,0,0,1,2,50.0,1,0,0,0,1,2,0,0,Matches
37,Álvaro Barreal,ar ARG,"MF,FW",Cruzeiro,23-274,2000,2.2,7,4,1,4,2,1,1,100.0,0,4,0,4,0,7,3,0,Matches
38,Barreto,br BRA,MF,Criciúma,28-159,1995,2.9,5,4,4,1,0,3,10,30.0,7,11,5,6,1,6,5,0,Matches
39,Gabriel Barros,br BRA,"FW,MF",Atl Goianiense,22-205,2001,0.9,2,1,2,0,0,2,5,40.0,3,1,0,1,0,2,0,0,Matches
40,Bastos,ao ANG,DF,Botafogo (RJ),33-051,1991,5.4,7,5,4,3,0,5,8,62.5,3,5,3,2,4,11,36,0,Matches
41,Rodrigo Battaglia,ar ARG,DF,Atlético Mineiro,32-310,1991,2.4,4,1,2,1,1,3,3,100.0,0,2,2,0,1,5,6,0,Matches
42,José Luis Rodríguez Bebanz,uy URU,FW,Vasco da Gama,27-064,1997,0.0,0,0,0,0,0,0,0,,0,0,0,0,0,0,0,0,Matches
43,Ramiro Benetti,br BRA,MF,Cruzeiro,30-361,1993,2.4,3,2,0,2,1,2,8,25.0,6,5,0,5,1,4,2,0,Matches
44,Bento,br BRA,GK,Ath Paranaense,24-342,1999,6.0,0,0,0,0,0,0,1,0.0,1,0,0,0,0,0,0,0,Matches
45,Raul Bicalho,br BRA,DF,Corinthians,25-023,1999,1.0,0,0,0,0,0,0,0,,0,0,0,0,4,4,2,0,Matches
46,Matheus Bidu,br BRA,DF,Corinthians,25-013,1999,0.2,0,0,0,0,0,0,0,,0,1,0,1,2,2,1,0,Matches
47,Biel,br BRA,"FW,MF",Bahia,23-046,2001,1.6,2,2,1,1,0,0,3,0.0,3,3,0,3,1,3,0,0,Matches
48,Guilherme Biro,br BRA,MF,Corinthians,20-027,2004,0.1,0,0,0,0,0,0,0,,0,0,0,0,0,0,0,0,Matches
49,Damián Bobadilla,py PAR,MF,São Paulo,22-311,2001,2.1,10,6,6,3,1,3,8,37.5,5,1,0,1,1,11,2,0,Matches
50,Yannick Bolasie,cd COD,FW,Criciúma,34-359,1989,1.9,1,0,0,1,0,0,1,0.0,1,1,1,0,0,1,0,0,Matches
51,Thiago Borbas,uy URU,FW,Red Bull Bragantino,22-040,2002,2.2,3,2,0,3,0,2,3,66.7,1,3,2,1,0,3,7,0,Matches
52,Marllon Borges,br BRA,DF,Cuiabá,32-031,1992,4.0,6,4,6,0,0,5,6,83.3,1,5,2,3,5,11,23,0,Matches
53,Pedro Borges,br BRA,MF,Fortaleza,27-075,1997,2.4,17,12,7,10,0,5,6,83.3,1,3,0,3,4,21,4,0,Matches
54,Rafael Borré,co COL,FW,Internacional,28-245,1995,4.0,4,4,1,2,1,1,4,25.0,3,2,0,2,0,4,4,0,Matches
55,Danilo Boza,br BRA,DF,Juventude,26-011,1998,3.0,3,1,2,1,0,0,0,,0,5,3,2,2,5,10,0,Matches
56,Breno,br BRA,FW,Fortaleza,28-114,1996,2.1,2,0,1,1,0,1,2,50.0,1,2,0,2,0,2,0,0,Matches
57,Breno,br BRA,MF,Corinthians,19-087,2005,2.9,1,0,0,0,1,0,3,0.0,3,8,1,7,4,5,1,0,Matches
58,Emanuel Brítez,ar ARG,DF,Fortaleza,32-052,1992,4.0,14,7,13,1,0,9,12,75.0,3,4,4,0,3,17,16,0,Matches
59,Bruninho,br BRA,"FW,MF",Red Bull Bragantino,21-064,2003,0.9,1,0,0,0,1,1,3,33.3,2,0,0,0,0,1,1,0,Matches
60,Fabrício Bruno,br BRA,DF,Flamengo,28-095,1996,5.0,7,5,5,2,0,4,4,100.0,0,7,6,1,2,9,21,0,Matches
61,Fabricio Bustos,ar ARG,"DF,MF",Internacional,28-019,1996,3.2,11,7,3,6,2,5,6,83.3,1,1,0,1,3,14,6,0,Matches
62,Rafael Cabral,br BRA,GK,Grêmio,33-363,1990,1.0,0,0,0,0,0,0,0,,0,0,0,0,0,0,0,0,Matches
63,Cacá,br BRA,DF,Corinthians,25-022,1999,2.8,1,1,1,0,0,1,3,33.3,2,9,7,2,0,1,15,1,Matches
64,Jonathan Cafu,br BRA,"MF,FW",Cuiabá,32-312,1991,1.1,1,1,1,0,0,0,3,0.0,3,1,0,1,2,3,1,0,Matches
65,Jonathan Calleri,ar ARG,FW,São Paulo,30-237,1993,4.4,2,1,0,2,0,0,3,0.0,3,1,0,1,1,3,6,0,Matches
66,Patric Calmon PK,br BRA,DF,Vitória,29-317,1994,1.5,2,1,1,1,0,0,1,0.0,1,2,1,1,6,8,3,0,Matches
67,Camutanga,br BRA,DF,Vitória,30-233,1993,2.0,7,4,6,0,1,3,5,60.0,2,4,4,0,0,7,12,0,Matches
68,Yerson Candelo,co COL,DF,Criciúma,32-083,1992,0.3,3,1,1,2,0,0,0,,0,0,0,0,1,4,0,0,Matches
69,Luan Cândido,br BRA,DF,Red Bull Bragantino,23-105,2001,6.0,18,12,9,8,1,7,10,70.0,3,9,7,2,6,24,35,0,Matches
70,Germán Cano,ar ARG,"FW,MF",Fluminense,36-105,1988,4.6,2,1,1,1,0,1,1,100.0,0,1,1,0,1,3,5,1,Matches
71,Agustín Canobbio,uy URU,"FW,MF",Ath Paranaense,25-229,1998,3.3,4,4,0,4,0,0,3,0.0,3,5,0,5,0,4,0,0,Matches
72,Juninho Capixaba,br BRA,"DF,MF",Red Bull Bragantino,26-316,1997,3.8,12,5,5,6,1,6,11,54.5,5,5,0,5,6,18,11,0,Matches
73,Carlinhos,br BRA,"FW,DF",Flamengo,27-095,1997,0.7,0,0,0,0,0,0,0,,0,0,0,0,0,0,1,0,Matches
74,Antonio Carlos,br BRA,DF,Fluminense,31-071,1993,1.5,1,1,0,1,0,0,1,0.0,1,5,4,1,1,2,7,1,Matches
75,Jean Carlos Vicente,br BRA,"FW,MF",Juventude,32-092,1992,2.3,3,2,0,3,0,1,3,33.3,2,4,0,4,2,5,0,0,Matches
76,Cássio,br BRA,GK,Corinthians,36-346,1987,3.0,0,0,0,0,0,0,0,,0,0,0,0,0,0,1,1,Matches
77,Iury de Castilho,br BRA,"FW,MF",Vitória,28-254,1995,0.8,1,0,1,0,0,0,0,,0,1,0,1,0,1,2,0,Matches
78,Murilo Cerqueira,br BRA,DF,Palmeiras,27-051,1997,4.8,10,6,4,6,0,3,7,42.9,4,6,3,3,8,18,13,0,Matches
79,Reynaldo Cesar Moraes,br BRA,DF,Vitória,27-135,1997,1.9,2,2,1,1,0,0,1,0.0,1,5,3,2,0,2,10,0,Matches
80,Christian,br BRA,"FW,MF",Ath Paranaense,23-150,2000,1.2,3,1,1,1,1,1,1,100.0,0,3,1,2,0,3,1,0,Matches
81,Eliel Chrystian,br BRA,MF,Cuiabá,21-112,2003,0.5,2,1,0,1,1,0,0,,0,0,0,0,0,2,0,0,Matches
82,Cicinho,bg BUL,MF,Bahia,35-143,1988,0.0,0,0,0,0,0,0,0,,0,0,0,0,0,0,0,0,Matches
83,José Cifuentes,ec ECU,MF,Cruzeiro,25-066,1999,0.8,3,2,0,2,1,2,3,66.7,1,0,0,0,0,3,3,0,Matches
84,Claudinho,br BRA,DF,Criciúma,23-236,2000,2.7,7,3,6,0,1,6,12,50.0,6,4,0,4,6,13,10,0,Matches
85,Clayson,br BRA,MF,Cuiabá,29-059,1995,2.0,1,0,1,0,0,0,3,0.0,3,1,0,1,0,1,0,0,Matches
86,Clayton,br BRA,FW,Vasco da Gama,25-127,1999,0.6,2,2,1,0,1,1,1,100.0,0,1,1,0,0,2,1,0,Matches
87,Mateus Cocão,br BRA,MF,Vasco da Gama,22-060,2002,3.2,7,6,3,3,1,1,12,8.3,11,5,0,5,4,11,1,1,Matches
88,Igor Coronado,br BRA,"MF,FW",Corinthians,31-273,1992,2.0,3,2,2,0,1,0,1,0.0,1,6,1,5,3,6,2,0,Matches
89,Diego Costa,es ESP,FW,Grêmio,35-223,1988,1.3,2,0,0,1,1,1,1,100.0,0,1,1,0,0,2,0,0,Matches
90,Douglas Costa,br BRA,FW,Fluminense,33-246,1990,1.8,2,2,0,1,1,0,0,,0,4,0,4,2,4,1,0,Matches
91,Franco Cristaldo,ar ARG,MF,Grêmio,27-276,1996,3.1,1,1,1,0,0,1,6,16.7,5,5,0,5,0,1,2,0,Matches
92,Alejo Cruz,uy URU,MF,Atl Goianiense,23-259,2000,1.7,2,0,1,1,0,1,2,50.0,1,2,0,2,0,2,3,0,Matches
93,Tomás Cuello,ar ARG,"FW,MF",Ath Paranaense,24-073,2000,3.8,4,3,2,2,0,2,4,50.0,2,7,1,6,7,11,1,0,Matches
94,Víctor Cuesta,ar ARG,DF,Bahia,35-180,1988,2.7,7,5,1,5,1,4,6,66.7,2,1,0,1,0,7,14,0,Matches
95,Cuiabano,br BRA,DF,Grêmio,21-091,2003,1.8,3,0,2,1,0,2,2,100.0,0,4,2,2,5,8,5,0,Matches
96,Cuiabano,br BRA,DF,Botafogo (RJ),21-091,2003,1.5,4,2,2,2,0,2,3,66.7,1,1,0,1,2,6,5,0,Matches
97,Lucas Cunha,br BRA,DF,Red Bull Bragantino,27-115,1997,0.3,1,1,1,0,0,0,0,,0,2,2,0,0,1,5,0,Matches
98,Danielzinho,br BRA,MF,Atl Goianiense,28-127,1996,0.2,0,0,0,0,0,0,1,0.0,1,0,0,0,0,0,0,0,Matches
99,David,br BRA,FW,Vasco da Gama,28-213,1995,5.7,9,7,2,6,1,0,2,0.0,2,3,0,3,3,12,3,0,Matches
100,Giorgian De Arrascaeta,uy URU,MF,Flamengo,29-351,1994,2.8,1,1,0,1,0,1,6,16.7,5,1,1,0,1,2,0,0,Matches
101,Nicolás De La Cruz,uy URU,MF,Flamengo,26-351,1997,5.0,14,10,2,9,3,6,10,60.0,4,6,3,3,4,18,0,0,Matches
102,Denilson,br BRA,MF,Cuiabá,23-055,2001,2.5,1,1,0,0,1,1,4,25.0,3,1,0,1,2,3,2,0,Matches
103,Derek,br BRA,FW,Atl Goianiense,26-167,1997,1.5,0,0,0,0,0,0,1,0.0,1,3,0,3,1,1,1,0,Matches
104,Deyverson,br BRA,FW,Cuiabá,33-009,1991,0.8,1,1,1,0,0,1,1,100.0,0,0,0,0,0,1,1,0,Matches
105,Matheus Dias,br BRA,DF,Internacional,27-100,1997,0.1,0,0,0,0,0,0,0,,0,0,0,0,0,0,0,0,Matches
106,Diego,br BRA,DF,São Paulo,24-301,1999,5.0,7,3,3,4,0,2,5,40.0,3,5,2,3,11,18,19,0,Matches
107,Dodi,br BRA,MF,Grêmio,28-030,1996,2.0,9,3,2,7,0,5,9,55.6,4,2,0,2,3,12,1,0,Matches
108,Dudu,br BRA,MF,Vitória,24-347,1999,2.3,12,5,6,6,0,2,6,33.3,4,6,0,6,1,13,2,0,Matches
109,Edenílson,br BRA,FW,Grêmio,34-151,1989,0.5,0,0,0,0,0,0,0,,0,0,0,0,0,0,0,0,Matches
110,Éder,it ITA,FW,Criciúma,37-184,1986,1.0,1,0,0,1,0,1,2,50.0,1,0,0,0,0,1,0,0,Matches
111,Carlos Eduardo,br BRA,FW,Atlético Mineiro,19-359,2004,0.1,0,0,0,0,0,0,0,,0,0,0,0,0,0,0,0,Matches
112,Carlos Eduardo,br BRA,FW,Botafogo (RJ),34-213,1989,1.0,1,1,1,0,0,1,1,100.0,0,1,0,1,0,1,1,0,Matches
113,Kauã Elias,br BRA,"MF,FW",Fluminense,18-050,2006,1.0,0,0,0,0,0,0,1,0.0,1,0,0,0,0,0,2,0,Matches
114,Rafael Elias,br BRA,FW,Cruzeiro,25-035,1999,1.1,0,0,0,0,0,0,5,0.0,5,1,1,0,0,0,2,0,Matches
115,Eliédson,br BRA,MF,Criciúma,21-061,2003,0.0,0,0,0,0,0,0,0,,0,1,1,0,0,0,0,0,Matches
116,Rodrigo Ely,br BRA,DF,Grêmio,30-196,1993,3.0,5,2,3,2,0,2,3,66.7,1,10,8,2,5,10,17,0,Matches
117,Alan Empereur,br BRA,DF,Cuiabá,30-068,1994,2.9,2,1,2,0,0,2,3,66.7,1,2,2,0,2,4,13,0,Matches
118,Endrick,br BRA,"FW,MF",Palmeiras,17-301,2006,5.0,5,2,1,4,0,3,5,60.0,2,3,0,3,0,5,2,0,Matches
119,Erick,br BRA,MF,Ath Paranaense,26-185,1997,5.9,9,7,3,5,1,3,7,42.9,4,13,2,11,12,21,10,0,Matches
120,Erick,br BRA,"DF,MF",São Paulo,26-159,1997,1.4,3,3,1,1,1,0,0,,0,2,0,2,1,4,2,0,Matches
121,Erick,br BRA,FW,Juventude,27-135,1997,3.1,4,3,1,3,0,0,1,0.0,1,3,0,3,0,4,2,0,Matches
122,Lucas Esquivel,ar ARG,DF,Ath Paranaense,22-216,2001,5.7,14,9,8,6,0,6,11,54.5,5,6,3,3,4,18,15,0,Matches
123,Estevão,br BRA,"FW,DF",Palmeiras,18-023,2006,2.8,4,2,2,1,1,3,7,42.9,4,3,0,3,2,6,1,0,Matches
124,Lucas Esteves,br BRA,DF,Vitória,23-328,2000,3.4,8,6,7,1,0,3,3,100.0,0,6,3,3,2,10,12,0,Matches
125,Oscar Estupiñan,co COL,FW,Bahia,27-140,1996,0.6,0,0,0,0,0,0,1,0.0,1,0,0,0,0,0,1,0,Matches
126,Lucas Evangelista,br BRA,MF,Red Bull Bragantino,29-011,1995,0.8,1,1,1,0,0,0,3,0.0,3,3,1,2,2,3,0,0,Matches
127,Éverson,br BRA,GK,Atlético Mineiro,33-300,1990,5.0,0,0,0,0,0,0,0,,0,0,0,0,0,0,2,0,Matches
128,Everton,br BRA,FW,Grêmio,27-061,1997,0.4,1,1,0,1,0,0,0,,0,0,0,0,0,1,0,0,Matches
129,Bruno Fabiano Alves,br BRA,DF,Cuiabá,33-031,1991,2.2,2,2,1,1,0,2,4,50.0,2,3,2,1,3,5,7,0,Matches
130,Fabinho,br BRA,MF,Palmeiras,22-038,2002,0.4,1,1,0,1,0,0,0,,0,3,2,1,0,1,0,0,Matches
131,Fábio,br BRA,GK,Fluminense,43-230,1980,6.0,0,0,0,0,0,0,0,,0,0,0,0,0,0,4,2,Matches
132,Fábio,br BRA,DF,Grêmio,33-313,1990,2.3,1,1,1,0,0,1,2,50.0,1,1,0,1,1,2,7,0,Matches
133,Fagner,br BRA,"DF,MF",Corinthians,34-341,1989,4.3,7,3,2,3,2,4,9,44.4,5,2,1,1,3,10,6,0,Matches
134,Rodrigo Fagundes,br BRA,DF,Criciúma,37-068,1987,3.0,4,3,3,1,0,4,4,100.0,0,5,3,2,4,8,23,0,Matches
135,Luiz Felipe,br BRA,"DF,MF",Atl Goianiense,30-251,1993,2.1,0,0,0,0,0,0,0,,0,2,1,1,4,4,5,0,Matches
136,Marcos Felipe,br BRA,GK,Bahia,28-034,1996,6.0,1,1,1,0,0,1,1,100.0,0,0,0,0,0,1,3,0,Matches
137,Lucas Fernandes,br BRA,MF,Cuiabá,26-240,1997,1.5,2,2,1,1,0,0,1,0.0,1,2,0,2,1,3,0,0,Matches
138,Matheus Fernandes,br BRA,MF,Red Bull Bragantino,25-322,1998,0.4,1,1,0,1,0,1,1,100.0,0,2,0,2,1,2,0,0,Matches
139,Nathan Fernandes,br BRA,"FW,MF",Grêmio,19-091,2005,1.3,2,2,0,2,0,0,2,0.0,2,0,0,0,2,4,2,0,Matches
140,Gatito Fernández,py PAR,GK,Botafogo (RJ),36-049,1988,3.0,0,0,0,0,0,0,0,,0,0,0,0,0,0,3,0,Matches
141,Fernandinho,br BRA,MF,Ath Paranaense,39-013,1985,5.7,5,5,5,0,0,4,4,100.0,0,2,0,2,4,9,6,0,Matches
142,Fernando,br BRA,DF,Ath Paranaense,24-246,1999,0.2,2,2,2,0,0,2,2,100.0,0,0,0,0,0,2,1,0,Matches
143,Fernando,br BRA,"MF,DF",Internacional,36-297,1987,1.1,3,3,2,1,0,2,2,100.0,0,2,0,2,1,4,1,0,Matches
144,Luiz Fernando,br BRA,"FW,MF",Atl Goianiense,27-214,1996,4.9,5,4,2,2,1,1,5,20.0,4,7,4,3,4,9,7,0,Matches
145,Nahuel Ferraresi,ve VEN,DF,São Paulo,25-180,1998,1.8,3,3,2,0,1,2,6,33.3,4,4,1,3,3,6,3,0,Matches
146,Ferreira,br BRA,"MF,FW",São Paulo,26-138,1997,1.2,1,1,0,1,0,0,0,,0,1,0,1,0,1,0,0,Matches
147,Filipinho,br BRA,"MF,FW",Ath Paranaense,22-212,2001,0.6,4,2,0,1,3,2,3,66.7,1,2,0,2,0,4,1,0,Matches
148,Alan Franco,ec ECU,MF,Atlético Mineiro,25-270,1998,4.0,10,6,4,5,1,4,5,80.0,1,2,0,2,5,15,2,0,Matches
149,Alan Franco,ar ARG,DF,São Paulo,27-219,1996,3.5,9,6,5,4,0,3,6,50.0,3,2,1,1,1,10,9,1,Matches
150,Lucas Freitas,br BRA,DF,Juventude,23-118,2001,0.4,1,1,0,1,0,0,0,,0,1,1,0,1,2,2,0,Matches
151,Marlon Freitas,br BRA,MF,Botafogo (RJ),29-051,1995,3.5,7,6,3,4,0,5,7,71.4,2,10,5,5,5,12,6,0,Matches
152,Bruno Fuchs,br BRA,DF,Atlético Mineiro,25-046,1999,0.9,2,2,2,0,0,0,0,,0,1,0,1,0,2,1,0,Matches
153,Gabriel,br BRA,DF,Bahia,23-011,2001,5.0,9,7,4,5,0,4,5,80.0,1,5,4,1,8,17,34,0,Matches
154,Gabriel,br BRA,GK,Juventude,31-233,1992,4.0,0,0,0,0,0,0,0,,0,0,0,0,0,0,1,0,Matches
155,Marquinhos Gabriel,br BRA,MF,Criciúma,33-301,1990,2.6,2,1,2,0,0,0,0,,0,3,0,3,2,4,1,0,Matches
156,Zé Gabriel,br BRA,MF,Vasco da Gama,25-117,1999,0.7,2,1,1,1,0,1,1,100.0,0,1,1,0,0,2,1,0,Matches
157,Pablo Galdames Millán,cl CHI,MF,Vasco da Gama,27-139,1996,4.6,13,9,4,8,1,7,16,43.8,9,9,1,8,4,17,6,0,Matches
158,Giuliano Galoppo,ar ARG,MF,São Paulo,24-334,1999,1.7,3,3,0,3,0,1,3,33.3,2,2,0,2,4,7,0,0,Matches
159,Léo Gamalho,br BRA,FW,Vitória,38-108,1986,0.2,0,0,0,0,0,0,0,,0,0,0,0,0,0,0,0,Matches
160,Mateo Gamarra,py PAR,DF,Ath Paranaense,23-210,2000,3.0,4,4,3,1,0,1,3,33.3,2,2,0,2,4,8,17,0,Matches
161,Ganso,br BRA,MF,Fluminense,34-218,1989,4.0,2,2,0,2,0,1,5,20.0,4,5,0,5,2,4,1,0,Matches
162,Luan Garcia,br BRA,DF,Palmeiras,31-007,1993,2.6,2,1,0,2,0,1,2,50.0,1,2,2,0,2,4,5,1,Matches
163,Rodrigo Garro,ar ARG,MF,Corinthians,26-134,1998,5.7,4,4,0,3,1,3,12,25.0,9,7,1,6,7,11,1,0,Matches
164,Pedro Geromel,br BRA,DF,Grêmio,38-239,1985,1.0,0,0,0,0,0,0,0,,0,1,1,0,0,0,8,0,Matches
165,Gerson,br BRA,"FW,MF",Flamengo,26-363,1997,3.0,7,6,3,2,2,3,5,60.0,2,2,0,2,0,7,2,0,Matches
166,Gilberto,br BRA,FW,Juventude,34-347,1989,0.2,0,0,0,0,0,0,0,,0,0,0,0,0,0,0,0,Matches
167,Luciano Giménez,ar ARG,FW,Cuiabá,24-089,2000,0.6,0,0,0,0,0,0,1,0.0,1,0,0,0,0,0,0,0,Matches
168,Giovane,br BRA,DF,Corinthians,20-175,2003,0.1,0,0,0,0,0,0,0,,0,0,0,0,0,0,0,0,Matches
169,Leonardo Godoy,ar ARG,DF,Ath Paranaense,29-019,1995,4.5,5,3,4,1,0,2,5,40.0,3,3,0,3,3,8,4,0,Matches
170,Bruno Gomes,br BRA,MF,Internacional,23-043,2001,0.6,4,3,1,1,2,0,2,0.0,2,0,0,0,1,5,0,0,Matches
171,Igor Gomes,br BRA,MF,Atlético Mineiro,25-061,1999,2.2,3,2,2,1,0,2,3,66.7,1,1,0,1,3,6,1,0,Matches
172,Igor Gomes,br BRA,DF,Internacional,23-072,2001,0.0,0,0,0,0,0,0,0,,0,0,0,0,0,0,2,0,Matches
173,William Gomes,br BRA,DF,São Paulo,18-063,2006,0.3,1,1,1,0,0,0,2,0.0,2,2,0,2,0,1,0,0,Matches
174,Gustavo Gómez,py PAR,DF,Palmeiras,31-011,1993,5.0,8,5,2,6,0,3,4,75.0,1,5,4,1,3,11,12,0,Matches
175,Mateus Gonçalves Martins,br BRA,"MF,FW",Vitória,29-232,1994,2.3,2,1,0,2,0,0,1,0.0,1,0,0,0,0,2,2,0,Matches
176,Yony González,co COL,"MF,FW",Atl Goianiense,29-311,1994,1.1,0,0,0,0,0,0,0,,0,2,1,1,0,0,3,0,Matches
177,Gregore,br BRA,MF,Botafogo (RJ),30-076,1994,3.2,11,8,4,7,0,5,8,62.5,3,5,1,4,3,14,9,0,Matches
178,Guga,br BRA,DF,Fluminense,25-262,1998,0.6,1,1,1,0,0,1,1,100.0,0,2,1,1,1,2,3,0,Matches
179,Guilherme,br BRA,DF,Red Bull Bragantino,22-093,2002,1.2,1,0,1,0,0,1,2,50.0,1,1,1,0,2,3,7,0,Matches
180,Luis Guilherme,br BRA,"FW,DF",Palmeiras,18-098,2006,1.5,1,1,1,0,0,0,0,,0,0,0,0,0,1,1,0,Matches
181,Zé Guilherme,br BRA,DF,Grêmio,19-062,2005,0.9,5,3,4,1,0,2,7,28.6,5,1,0,1,4,9,2,0,Matches
182,Gustavinho,br BRA,MF,Red Bull Bragantino,20-024,2004,4.3,10,2,3,3,4,5,14,35.7,9,4,0,4,1,11,5,0,Matches
183,Gustavo,br BRA,GK,Criciúma,31-068,1993,1.0,0,0,0,0,0,0,0,,0,0,0,0,0,0,0,0,Matches
184,Lucas Halter,br BRA,DF,Botafogo (RJ),24-015,2000,4.8,3,3,2,1,0,3,4,75.0,1,2,2,0,2,5,28,1,Matches
185,Thiago Heleno,br BRA,DF,Ath Paranaense,35-243,1988,3.0,1,1,1,0,0,0,0,,0,6,4,2,4,5,7,0,Matches
186,Helinho,br BRA,FW,Red Bull Bragantino,24-022,2000,1.2,1,1,1,0,0,1,2,50.0,1,0,0,0,2,3,1,0,Matches
187,Bruno Henrique,br BRA,FW,Flamengo,33-139,1990,4.3,4,1,2,2,0,0,2,0.0,2,5,0,5,6,10,4,0,Matches
188,Bruno Henrique,br BRA,MF,Internacional,34-209,1989,2.6,8,5,2,5,1,5,9,55.6,4,4,1,3,1,9,2,0,Matches
189,Gustavo Henrique,br BRA,DF,Corinthians,31-054,1993,2.8,1,1,1,0,0,1,1,100.0,0,5,3,2,4,5,10,0,Matches
190,Luiz Henrique,br BRA,"MF,FW",Botafogo (RJ),23-136,2001,3.6,2,1,1,0,1,2,5,40.0,3,3,1,2,3,5,3,0,Matches
191,Paulo Henrique,br BRA,DF,Vasco da Gama,27-297,1996,5.0,15,9,7,6,2,11,17,64.7,6,8,2,6,9,24,13,0,Matches
192,Pedro Henrique,br BRA,FW,Corinthians,33-336,1990,0.8,2,1,0,1,1,1,2,50.0,1,0,0,0,0,2,2,0,Matches
193,Pedro Henrique,br BRA,DF,Red Bull Bragantino,28-228,1995,3.0,6,5,5,1,0,1,2,50.0,1,5,4,1,1,7,10,0,Matches
194,Hércules,br BRA,MF,Fortaleza,23-210,2000,3.9,8,7,4,4,0,2,12,16.7,10,6,2,4,1,9,5,0,Matches
195,Marcelo Hermes,br BRA,"DF,MF",Criciúma,29-106,1995,3.0,2,1,1,0,1,1,5,20.0,4,2,0,2,3,5,4,0,Matches
196,Diego Hernández,uy URU,"FW,MF",Botafogo (RJ),23-330,2000,1.3,1,1,0,1,0,0,2,0.0,2,3,0,3,1,2,0,0,Matches
197,Lucca Holanda,br BRA,"FW,DF",Internacional,21-045,2003,1.4,2,2,0,0,2,2,4,50.0,2,0,0,0,0,2,0,0,Matches
198,Hugo,br BRA,"DF,MF",Corinthians,26-262,1997,5.6,11,5,5,5,1,6,10,60.0,4,4,2,2,4,15,21,0,Matches
199,Hugo,br BRA,DF,Botafogo (RJ),22-240,2001,4.0,9,5,8,0,1,5,10,50.0,5,2,1,1,1,10,10,0,Matches
200,Vitor Hugo Amorim,br BRA,MF,Cruzeiro,20-089,2004,0.3,1,0,0,1,0,1,1,100.0,0,0,0,0,0,1,0,0,Matches
201,José Hugo,br BRA,DF,Vitória,24-213,1999,0.3,0,0,0,0,0,0,0,,0,0,0,0,0,0,0,0,Matches
202,Victor Hugo,br BRA,FW,Flamengo,20-006,2004,0.2,0,0,0,0,0,0,0,,0,0,0,0,0,0,1,0,Matches
203,Hulk,br BRA,FW,Atlético Mineiro,37-297,1986,3.7,5,1,0,3,2,4,4,100.0,0,1,0,1,0,5,2,0,Matches
204,José Hurtado,ec ECU,DF,Red Bull Bragantino,22-146,2001,3.0,5,3,3,1,1,3,5,60.0,2,1,0,1,3,8,11,0,Matches
205,Igor,br BRA,MF,Flamengo,21-071,2003,0.5,3,2,1,1,1,1,1,100.0,0,2,1,1,1,4,0,0,Matches
206,Gabriel Inocêncio,br BRA,DF,Juventude,29-271,1994,3.0,10,5,5,4,1,3,8,37.5,5,1,0,1,0,10,12,0,Matches
207,Isaac,br BRA,DF,Fluminense,20-023,2004,0.1,0,0,0,0,0,0,0,,0,0,0,0,0,0,0,0,Matches
208,Zé Ivaldo,br BRA,"DF,MF",Cruzeiro,27-086,1997,3.5,2,2,2,0,0,1,2,50.0,1,4,0,4,3,5,10,0,Matches
209,Jadsom,br BRA,MF,Red Bull Bragantino,22-363,2001,4.1,15,8,8,5,2,6,14,42.9,8,1,0,1,4,19,8,0,Matches
210,Jadson,br BRA,MF,Juventude,30-261,1993,3.0,7,3,4,3,0,3,5,60.0,2,3,0,3,5,12,0,0,Matches
211,Janderson,br BRA,"FW,DF",Vitória,25-011,1999,1.9,4,2,3,1,0,0,0,,0,2,0,2,0,4,3,0,Matches
212,Léo Jardim,br BRA,GK,Vasco da Gama,29-058,1995,6.0,0,0,0,0,0,0,0,,0,0,0,0,0,0,1,1,Matches
213,Jeffinho,br BRA,"FW,MF",Botafogo (RJ),24-139,1999,3.6,6,2,1,5,0,4,9,44.4,5,1,0,1,2,8,0,0,Matches
214,Jemerson,br BRA,DF,Atlético Mineiro,31-267,1992,2.3,2,1,1,1,0,2,2,100.0,0,4,3,1,5,7,4,0,Matches
215,Caíque de Jesus Gonçalves,br BRA,MF,Juventude,28-220,1995,3.8,11,7,6,5,0,3,6,50.0,3,3,0,3,4,15,7,0,Matches
216,John,br BRA,GK,Botafogo (RJ),28-094,1996,3.0,0,0,0,0,0,0,1,0.0,1,0,0,0,0,0,2,0,Matches
217,Felipe Jonatan,br BRA,DF,Fortaleza,26-092,1998,1.6,4,3,1,3,0,1,3,33.3,2,2,1,1,4,8,3,0,Matches
218,Daniel Jr,br BRA,"MF,FW",Vitória,22-008,2002,0.3,0,0,0,0,0,0,1,0.0,1,0,0,0,0,0,0,0,Matches
219,Luciano Juba,br BRA,DF,Bahia,24-262,1999,6.0,7,6,3,3,1,4,10,40.0,6,7,2,5,13,20,14,0,Matches
220,Julimar,br BRA,"FW,MF",Ath Paranaense,23-113,2001,3.4,6,4,2,4,0,2,4,50.0,2,4,1,3,2,8,4,0,Matches
221,Lucas Kal,br BRA,"MF,DF",Atl Goianiense,28-062,1996,1.3,1,0,0,1,0,1,1,100.0,0,1,0,1,1,2,2,0,Matches
222,Walter Kannemann,ar ARG,DF,Grêmio,33-064,1991,1.1,3,2,2,1,0,3,5,60.0,2,2,0,2,3,6,1,0,Matches
223,Kanu,br BRA,DF,Bahia,27-071,1997,4.0,4,1,2,2,0,1,2,50.0,1,7,0,7,3,7,18,0,Matches
224,Alan Kardec,br BRA,FW,Atlético Mineiro,35-126,1989,0.1,0,0,0,0,0,0,0,,0,0,0,0,0,0,0,0,Matches
225,Renato Kayser,br BRA,FW,Criciúma,28-090,1996,0.9,0,0,0,0,0,0,0,,0,1,0,1,0,0,1,0,Matches
226,Renato Kayser,br BRA,FW,Fortaleza,28-090,1996,2.5,3,2,0,1,2,1,2,50.0,1,1,0,1,0,3,3,0,Matches
227,John Kennedy,br BRA,FW,Fluminense,21-365,2002,1.3,1,1,0,1,0,0,1,0.0,1,0,0,0,0,1,1,0,Matches
228,Keno,br BRA,FW,Fluminense,34-250,1989,0.9,0,0,0,0,0,0,1,0.0,1,0,0,0,0,0,1,0,Matches
229,Kleiton,br BRA,FW,Juventude,25-024,1999,0.3,0,0,0,0,0,0,0,,0,0,0,0,0,0,0,0,Matches
230,Gabriel Knesowitsch,br BRA,DF,Cuiabá,20-212,2003,1.8,5,5,4,1,0,3,4,75.0,1,0,0,0,3,8,3,0,Matches
231,Benjamín Kuscevic,cl CHI,DF,Fortaleza,28-015,1996,2.0,5,3,3,2,0,1,1,100.0,0,2,2,0,1,6,10,0,Matches
232,Derik Lacerda,br BRA,"MF,FW",Cuiabá,24-233,1999,2.7,1,1,1,0,0,0,2,0.0,2,4,1,3,1,2,2,0,Matches
233,Ignacio Laquintana,uy URU,"FW,MF",Red Bull Bragantino,25-106,1999,1.8,2,1,1,1,0,0,3,0.0,3,1,0,1,2,4,1,0,Matches
234,Lázaro,br BRA,"FW,MF",Palmeiras,22-066,2002,2.6,0,0,0,0,0,0,1,0.0,1,5,0,5,0,0,1,0,Matches
235,Mauricio Lemos,uy URU,DF,Atlético Mineiro,28-141,1995,2.7,3,2,1,2,0,1,3,33.3,2,4,2,2,1,4,9,0,Matches
236,Willean Lepo,br BRA,DF,Vitória,27-122,1997,0.8,5,2,4,0,1,4,5,80.0,1,0,0,0,1,6,3,0,Matches
237,Lima,br BRA,MF,Fluminense,27-341,1996,4.6,8,2,1,5,2,3,6,50.0,3,3,0,3,6,14,2,0,Matches
238,Lincoln,br BRA,MF,Red Bull Bragantino,25-192,1998,0.9,0,0,0,0,0,0,0,,0,0,0,0,0,0,2,0,Matches
239,José López,ar ARG,"FW,DF",Palmeiras,23-163,2000,2.7,1,0,0,1,0,1,4,25.0,3,5,1,4,1,2,1,0,Matches
240,Lorran,br BRA,"MF,FW",Flamengo,17-318,2006,1.4,3,2,1,2,0,0,1,0.0,1,0,0,0,1,4,0,0,Matches
241,Vágner Love,br BRA,MF,Atl Goianiense,39-341,1984,0.4,0,0,0,0,0,0,0,,0,0,0,0,0,0,2,0,Matches
242,Lucão,br BRA,GK,Red Bull Bragantino,23-081,2001,1.5,0,0,0,0,0,0,0,,0,0,0,0,0,0,2,0,Matches
243,Ayrton Lucas,br BRA,DF,Flamengo,26-333,1997,5.7,11,9,7,3,1,4,9,44.4,5,4,1,3,4,15,13,0,Matches
244,Jean Lucas,br BRA,MF,Bahia,25-330,1998,6.0,9,5,3,5,1,3,7,42.9,4,5,1,4,6,15,4,0,Matches
245,João Lucas,br BRA,DF,Juventude,26-069,1998,4.0,14,8,5,8,1,6,10,60.0,4,9,4,5,4,18,8,0,Matches
246,Luciano,br BRA,"MF,FW",São Paulo,30-365,1993,5.7,8,6,3,3,2,2,5,40.0,3,10,0,10,1,9,3,0,Matches
247,André Luis,br BRA,"MF,FW",Cuiabá,27-026,1997,1.0,2,1,2,0,0,1,3,33.3,2,2,0,2,0,2,0,0,Matches
248,Machado,br BRA,MF,Cruzeiro,28-118,1996,0.5,1,0,0,1,0,0,0,,0,1,0,1,1,2,0,0,Matches
249,Imanol Machuca,ar ARG,"MF,FW",Fortaleza,24-123,2000,1.6,0,0,0,0,0,0,1,0.0,1,2,0,2,0,0,0,0,Matches
250,Guilherme Madruga,br BRA,MF,Cuiabá,23-188,2000,0.3,0,0,0,0,0,0,0,,0,1,0,1,0,0,0,0,Matches
251,Mádson,br BRA,DF,Ath Paranaense,32-125,1992,1.5,3,1,1,1,1,0,0,,0,3,2,1,0,3,10,0,Matches
252,Maguinho,br BRA,"DF,FW",Atl Goianiense,31-132,1993,2.0,4,2,2,1,1,1,1,100.0,0,5,3,2,0,4,3,0,Matches
253,Pablo Maia,br BRA,MF,São Paulo,22-128,2002,2.9,7,2,3,3,1,1,3,33.3,2,4,2,2,0,7,0,0,Matches
254,Thiago Maia,br BRA,MF,Internacional,27-055,1997,2.7,7,7,1,6,0,4,6,66.7,2,2,1,1,1,8,9,0,Matches
255,Walisson Maia,br BRA,DF,Criciúma,32-270,1991,2.2,1,1,1,0,0,0,1,0.0,1,3,3,0,1,2,11,1,Matches
256,Maicon,br BRA,DF,Vasco da Gama,35-246,1988,4.0,5,0,5,0,0,4,5,80.0,1,5,4,1,9,14,10,0,Matches
257,Hugo Mallo,es ESP,DF,Internacional,32-330,1991,0.8,1,1,0,1,0,0,0,,0,0,0,0,0,1,0,0,Matches
258,Léo Mana,br BRA,DF,Corinthians,20-041,2004,0.1,0,0,0,0,0,0,0,,0,0,0,0,0,0,2,0,Matches
259,Luis Mandaca,br BRA,"MF,FW",Juventude,22-228,2001,1.1,6,3,2,3,1,2,2,100.0,0,2,0,2,2,8,0,0,Matches
260,Manoel,br BRA,DF,Fluminense,34-081,1990,4.2,4,3,3,0,1,1,5,20.0,4,6,6,0,2,6,15,0,Matches
261,Fernando Marçal,br BRA,DF,Botafogo (RJ),35-088,1989,0.5,1,0,0,1,0,0,1,0.0,1,2,0,2,0,1,5,0,Matches
262,Marcelinho,br BRA,"MF,FW",Juventude,21-158,2002,1.7,1,1,0,1,0,0,2,0.0,2,0,0,0,2,3,0,0,Matches
263,Marcelo,br BRA,DF,Fluminense,36-005,1988,4.0,7,6,2,4,1,6,17,35.3,11,7,1,6,5,12,4,0,Matches
264,João Marcelo,br BRA,DF,Cruzeiro,23-339,2000,4.0,5,2,3,2,0,2,2,100.0,0,9,5,4,6,11,23,0,Matches
265,Agustín Marchesín,ar ARG,GK,Grêmio,36-062,1988,3.0,0,0,0,0,0,0,0,,0,1,0,1,0,0,1,0,Matches
266,Zé Marcos,br BRA,DF,Juventude,26-106,1998,2.9,2,0,0,2,0,2,3,66.7,1,4,2,2,6,8,14,0,Matches
267,Erick Marcus,br BRA,"MF,FW",Vasco da Gama,20-077,2004,0.7,1,1,0,1,0,0,0,,0,3,0,3,0,1,0,0,Matches
268,Marinho,br BRA,"FW,DF",Fortaleza,33-354,1990,2.7,3,2,3,0,0,1,3,33.3,2,4,0,4,1,4,1,0,Matches
269,Marlon,br BRA,DF,Cruzeiro,26-363,1997,5.0,13,8,5,7,1,5,7,71.4,2,6,1,5,3,16,10,0,Matches
270,Marquinhos,br BRA,"DF,FW",Fluminense,21-040,2003,6.0,6,2,2,3,1,4,8,50.0,4,10,0,10,4,10,6,0,Matches
271,Juan Martín Lucero,ar ARG,FW,Fortaleza,32-169,1991,2.4,1,1,0,1,0,1,4,25.0,3,1,0,1,0,1,2,0,Matches
272,Martinelli,br BRA,"MF,DF",Fluminense,23-007,2001,5.5,9,6,3,4,2,5,8,62.5,3,8,4,4,1,10,10,0,Matches
273,Adriano Martins,br BRA,DF,Atl Goianiense,27-046,1997,2.8,2,2,1,1,0,2,3,66.7,1,5,5,0,2,4,13,0,Matches
274,Gustavo Martins Santos,br BRA,DF,Grêmio,21-280,2002,2.9,1,0,0,1,0,1,2,50.0,1,3,0,3,1,2,12,0,Matches
275,Gonzalo Mastriani,uy URU,FW,Ath Paranaense,31-019,1993,1.6,4,4,2,1,1,2,3,66.7,1,2,1,1,0,4,4,0,Matches
276,Fellipe Mateus,br BRA,MF,Criciúma,33-095,1991,2.9,0,0,0,0,0,0,7,0.0,7,6,2,4,1,1,2,0,Matches
277,Matheusinho,br BRA,"FW,MF",Vitória,26-212,1997,4.4,6,5,4,1,1,2,5,40.0,3,1,0,1,5,11,1,0,Matches
278,Matheusinho,br BRA,"FW,MF",Criciúma,26-096,1998,0.3,0,0,0,0,0,0,1,0.0,1,0,0,0,0,0,0,0,Matches
279,Matheuzinho,br BRA,"DF,FW",Corinthians,23-252,2000,2.2,7,5,4,3,0,5,11,45.5,6,3,1,2,1,8,7,0,Matches
280,Mauricio,br BRA,MF,Internacional,22-361,2001,3.7,5,4,0,5,0,1,3,33.3,2,2,0,2,1,6,1,0,Matches
281,Max,br BRA,"MF,FW",Atl Goianiense,21-324,2002,0.5,1,0,1,0,0,1,1,100.0,0,0,0,0,0,1,0,0,Matches
282,Max,br BRA,MF,Cuiabá,23-005,2001,0.2,1,1,0,1,0,0,0,,0,1,0,1,0,1,0,0,Matches
283,Maycon,br BRA,MF,Corinthians,26-307,1997,0.5,2,1,0,2,0,0,1,0.0,1,0,0,0,0,2,0,0,Matches
284,Mayke,br BRA,DF,Palmeiras,31-189,1992,3.8,9,4,2,7,0,4,7,57.1,3,3,0,3,12,21,5,0,Matches
285,Gary Medel,cl CHI,DF,Vasco da Gama,36-288,1987,1.2,1,0,1,0,0,0,0,,0,1,1,0,0,1,3,0,Matches
286,Felipe Melo,br BRA,DF,Fluminense,40-326,1983,2.3,5,3,4,1,0,3,6,50.0,3,5,3,2,2,7,14,0,Matches
287,Douglas Mendes,br BRA,DF,Red Bull Bragantino,19-339,2004,3.0,2,1,2,0,0,1,1,100.0,0,6,3,3,1,3,19,0,Matches
288,Nathan Mendes,br BRA,DF,Red Bull Bragantino,21-272,2002,3.0,3,1,2,0,1,2,5,40.0,3,2,2,0,1,4,6,0,Matches
289,Gabriel Menino,br BRA,MF,Palmeiras,23-231,2000,3.1,8,6,5,3,0,5,11,45.5,6,6,2,4,1,9,3,0,Matches
290,Gabriel Mercado,ar ARG,DF,Internacional,37-060,1987,2.5,4,1,2,1,1,2,3,66.7,1,2,2,0,2,6,6,0,Matches
291,Higor Meritão,br BRA,MF,Criciúma,29-329,1994,2.8,6,4,3,3,0,2,7,28.6,5,8,4,4,3,9,8,0,Matches
292,Carlos Miguel,br BRA,GK,Corinthians,25-221,1998,3.0,0,0,0,0,0,0,0,,0,0,0,0,0,0,1,1,Matches
293,Lucas Mineiro,br BRA,MF,Cuiabá,28-083,1996,1.1,0,0,0,0,0,0,0,,0,1,1,0,0,0,2,1,Matches
294,Moises,br BRA,FW,Fortaleza,27-258,1996,1.5,2,1,0,2,0,0,3,0.0,3,1,0,1,1,3,5,0,Matches
295,Jacob Montes,ni NCA,"FW,MF",Botafogo (RJ),25-210,1998,0.2,0,0,0,0,0,0,0,,0,0,0,0,0,0,0,0,Matches
296,Aníbal Moreno,ar ARG,MF,Palmeiras,25-004,1999,3.9,6,3,3,3,0,3,7,42.9,4,3,0,3,9,15,2,0,Matches
297,Henry Mosquera,co COL,"FW,MF",Red Bull Bragantino,22-184,2001,4.3,2,1,1,1,0,1,3,33.3,2,3,0,3,2,4,2,0,Matches
298,Gustavo Mosquito,br BRA,FW,Corinthians,26-253,1997,1.8,3,3,1,1,1,0,4,0.0,4,0,0,0,2,5,1,0,Matches
299,Jean Mota,br BRA,MF,Vitória,30-215,1993,0.9,1,1,0,1,0,0,1,0.0,1,0,0,0,0,1,1,0,Matches
300,Hugo Moura,br BRA,MF,Vasco da Gama,26-135,1998,1.4,7,6,5,2,0,4,7,57.1,3,2,0,2,4,11,2,0,Matches
301,Léo Naldi,br BRA,MF,Vitória,22-273,2001,0.8,4,3,2,1,1,0,0,,0,1,0,1,0,4,1,0,Matches
302,Matheus Nascimento,br BRA,FW,Botafogo (RJ),20-075,2004,0.3,1,1,0,0,1,0,0,,0,1,0,1,0,1,0,0,Matches
303,Nata,br BRA,"MF,DF",Grêmio,22-347,2001,0.1,0,0,0,0,0,0,0,,0,1,1,0,0,0,0,0,Matches
304,Kaiky Naves,br BRA,FW,Palmeiras,22-009,2002,0.0,0,0,0,0,0,0,0,,0,0,0,0,0,0,1,0,Matches
305,Nenê,br BRA,"MF,FW",Juventude,42-303,1981,3.0,0,0,0,0,0,0,2,0.0,2,2,0,2,1,1,0,0,Matches
306,Neris,br BRA,DF,Cruzeiro,31-335,1992,2.6,4,2,2,1,1,1,1,100.0,0,1,1,0,2,6,9,0,Matches
307,Rodrigo Nestor,br BRA,"MF,FW",São Paulo,23-282,2000,1.8,3,2,2,1,0,2,3,66.7,1,1,1,0,1,4,1,0,Matches
308,José Vitor Silva Neves,br BRA,"FW,MF",Ath Paranaense,24-015,2000,1.0,1,1,0,1,0,1,2,50.0,1,2,0,2,0,1,0,0,Matches
309,Newton,br BRA,MF,Criciúma,24-066,2000,0.2,1,1,0,1,0,0,0,,0,0,0,0,0,1,2,0,Matches
310,Nikão,br BRA,"FW,MF",Ath Paranaense,31-293,1992,1.3,5,4,1,1,3,3,4,75.0,1,0,0,0,1,6,2,0,Matches
311,Gustavo Nunes,br BRA,FW,Grêmio,18-179,2005,2.3,3,1,1,0,2,1,1,100.0,0,6,0,6,1,4,1,0,Matches
312,Cauly Oliveira Souza,br BRA,"MF,FW",Bahia,28-245,1995,5.1,4,1,0,2,2,0,3,0.0,3,1,0,1,0,4,3,0,Matches
313,Leo Ortiz,br BRA,DF,Flamengo,28-135,1996,1.0,2,0,2,0,0,2,2,100.0,0,2,2,0,0,2,5,0,Matches
314,Osvaldo,br BRA,"MF,FW",Vitória,37-036,1987,2.7,2,2,0,2,0,2,2,100.0,0,1,0,1,2,4,0,0,Matches
315,Otávio,br BRA,MF,Atlético Mineiro,30-013,1994,5.0,19,11,8,9,2,6,9,66.7,3,5,2,3,9,28,7,0,Matches
316,Pablo,br BRA,"FW,MF",Ath Paranaense,31-329,1992,4.2,4,4,0,4,0,1,2,50.0,1,2,1,1,1,5,2,0,Matches
317,Pablo,br BRA,DF,Botafogo (RJ),32-331,1991,0.3,1,1,0,1,0,1,1,100.0,0,0,0,0,0,1,3,0,Matches
318,Bruno Pacheco,br BRA,DF,Fortaleza,32-161,1991,3.4,7,4,7,0,0,5,8,62.5,3,2,0,2,4,11,11,1,Matches
319,Patryck,br BRA,DF,São Paulo,21-120,2003,1.0,1,1,1,0,0,1,4,25.0,3,0,0,0,3,4,4,0,Matches
320,Patrick de Paula,br BRA,MF,Botafogo (RJ),24-252,1999,0.1,0,0,0,0,0,0,0,,0,0,0,0,1,1,0,0,Matches
321,Paulinho,br BRA,FW,Atlético Mineiro,23-307,2000,4.5,7,1,1,2,4,1,4,25.0,3,4,0,4,1,8,0,0,Matches
322,Paulinho,br BRA,MF,Corinthians,35-297,1988,1.3,6,5,2,3,1,3,5,60.0,2,2,1,1,0,6,3,0,Matches
323,Cristian Pavón,ar ARG,FW,Grêmio,28-117,1996,1.2,2,1,2,0,0,0,2,0.0,2,3,0,3,0,2,0,0,Matches
324,Dimitri Payet,fr FRA,MF,Vasco da Gama,37-049,1987,1.2,1,1,0,1,0,0,0,,0,0,0,0,0,1,0,0,Matches
325,Pedrão,br BRA,DF,Atl Goianiense,31-151,1992,1.2,2,0,1,1,0,0,1,0.0,1,3,1,2,0,2,3,0,Matches
326,Pedrinho,br BRA,MF,Atlético Mineiro,26-034,1998,0.3,0,0,0,0,0,0,0,,0,1,0,1,0,0,0,0,Matches
327,Pedro,br BRA,FW,Flamengo,26-332,1997,5.0,4,2,0,2,2,0,1,0.0,1,4,1,3,2,6,9,0,Matches
328,João Pedro,br BRA,FW,Cruzeiro,21-105,2003,0.1,0,0,0,0,0,0,0,,0,0,0,0,0,0,1,0,Matches
329,João Pedro,br BRA,MF,Vasco da Gama,19-028,2005,0.2,3,2,2,1,0,1,2,50.0,1,0,0,0,0,3,0,0,Matches
330,João Pedro,it ITA,FW,Grêmio,32-069,1992,2.3,1,0,0,0,1,0,0,,0,1,0,1,1,2,1,0,Matches
331,João Pedro,br BRA,DF,Grêmio,27-184,1996,3.0,3,0,1,1,1,0,3,0.0,3,2,0,2,0,3,6,0,Matches
332,Léo Pelé,br BRA,DF,Vasco da Gama,28-072,1996,6.0,9,3,6,3,0,2,7,28.6,5,4,1,3,1,10,32,0,Matches
333,Carlos de Pena,uy URU,"MF,FW",Bahia,32-067,1992,0.8,2,2,0,1,1,1,3,33.3,2,1,0,1,2,4,2,0,Matches
334,Léo Pereira,br BRA,DF,Flamengo,28-107,1996,5.8,7,6,6,1,0,6,8,75.0,2,7,6,1,4,11,24,0,Matches
335,Matheus Pereira,pt POR,FW,Cruzeiro,28-012,1996,4.9,2,2,2,0,0,1,1,100.0,0,1,0,1,2,4,2,0,Matches
336,Yago Pikachu,br BRA,"DF,FW",Fortaleza,31-347,1992,2.6,1,1,0,1,0,0,2,0.0,2,0,0,0,2,3,1,0,Matches
337,Joaquín Piquerez,uy URU,DF,Palmeiras,25-267,1998,4.8,8,5,5,1,2,6,10,60.0,4,4,0,4,7,15,11,0,Matches
338,Rafael Pires,br BRA,GK,São Paulo,34-329,1989,6.0,0,0,0,0,0,0,0,,0,0,0,0,0,0,0,0,Matches
339,Lucas Piton,br BRA,DF,Vasco da Gama,23-221,2000,6.0,13,8,7,6,0,7,14,50.0,7,6,1,5,13,26,11,0,Matches
340,Isidro Pitta,py PAR,FW,Cuiabá,24-277,1999,2.3,1,1,0,1,0,0,0,,0,0,0,0,0,1,4,0,Matches
341,Tomas Pochettino,ar ARG,MF,Fortaleza,28-106,1996,3.6,4,1,1,3,0,2,6,33.3,4,6,0,6,1,5,4,0,Matches
342,Mateo Ponte,uy URU,DF,Botafogo (RJ),20-359,2003,3.3,8,6,3,5,0,3,7,42.9,4,4,3,1,5,13,5,0,Matches
343,Werik Popó,br BRA,FW,Juventude,22-213,2001,0.2,0,0,0,0,0,0,0,,0,1,0,1,0,0,1,0,Matches
344,Gustavo Prado,br BRA,"FW,MF",Internacional,18-346,2005,1.2,4,2,2,1,1,1,3,33.3,2,3,0,3,0,4,3,0,Matches
345,Bruno Praxedes,br BRA,MF,Vasco da Gama,22-099,2002,0.3,1,1,0,0,1,0,2,0.0,2,0,0,0,0,1,1,0,Matches
346,Erick Pulgar,cl CHI,MF,Flamengo,30-123,1994,3.5,7,4,3,4,0,3,10,30.0,7,1,0,1,4,11,5,0,Matches
347,Du Queiroz,br BRA,MF,Grêmio,24-119,2000,2.5,2,1,0,2,0,1,4,25.0,3,5,0,5,5,7,1,0,Matches
348,Igor Rabello,br BRA,DF,Atlético Mineiro,29-019,1995,2.1,6,3,1,5,0,4,4,100.0,0,2,1,1,2,8,14,0,Matches
349,Zé Rafael,br BRA,MF,Palmeiras,30-336,1993,1.0,4,2,0,4,0,2,3,66.7,1,2,1,1,1,5,0,0,Matches
350,Railan,br BRA,DF,Cuiabá,24-068,2000,1.0,2,1,1,0,1,0,2,0.0,2,0,0,0,1,3,3,0,Matches
351,Eric Ramires,br BRA,"MF,FW",Red Bull Bragantino,23-281,2000,3.5,12,7,6,4,2,8,10,80.0,2,3,1,2,1,13,3,0,Matches
352,Ramon,br BRA,DF,Cuiabá,23-065,2001,0.8,1,1,1,0,0,0,0,,0,0,0,0,2,3,1,0,Matches
353,Raniele,br BRA,"MF,DF",Corinthians,27-138,1996,4.4,6,3,2,3,1,2,10,20.0,8,11,3,8,6,12,4,0,Matches
354,Rafael Ratão,br BRA,FW,Bahia,28-169,1995,0.4,2,1,1,1,0,1,3,33.3,2,1,0,1,0,2,1,0,Matches
355,Raul,br BRA,MF,Red Bull Bragantino,27-311,1996,1.4,0,0,0,0,0,0,0,,0,1,1,0,1,1,2,0,Matches
356,Pedro Raul,br BRA,FW,Corinthians,27-194,1996,1.7,1,1,0,1,0,0,1,0.0,1,1,0,1,0,1,1,0,Matches
357,Robert Renan,br BRA,DF,Internacional,20-219,2003,1.1,0,0,0,0,0,0,1,0.0,1,1,0,1,1,1,5,0,Matches
358,Renê,br BRA,DF,Internacional,31-246,1992,4.0,10,7,2,8,0,3,6,50.0,3,2,0,2,9,19,9,0,Matches
359,Rezende,br BRA,"MF,DF",Bahia,29-136,1995,2.2,9,7,4,4,1,1,1,100.0,0,3,1,2,4,13,5,0,Matches
360,Rhaldney,br BRA,MF,Atl Goianiense,25-179,1998,2.7,6,4,2,3,1,1,7,14.3,6,2,1,1,2,8,5,0,Matches
361,Everton Ribeiro,br BRA,"MF,FW",Bahia,35-037,1989,4.6,9,5,4,2,3,4,14,28.6,10,4,0,4,9,18,0,0,Matches
362,Wesley Ribeiro,br BRA,FW,Corinthians,19-073,2005,4.7,2,0,1,1,0,1,3,33.3,2,9,0,9,2,4,0,0,Matches
363,João Ricardo Riedi,br BRA,GK,Fortaleza,35-254,1988,5.0,1,0,1,0,0,0,0,,0,0,0,0,0,1,3,0,Matches
364,Rikelme,br BRA,DF,Cuiabá,20-306,2003,3.3,7,5,5,2,0,5,8,62.5,3,6,0,6,6,13,8,0,Matches
365,Rildo,br BRA,"MF,FW",Juventude,24-117,2000,0.4,0,0,0,0,0,0,0,,0,0,0,0,1,1,0,0,Matches
366,Richard Ríos,co COL,MF,Palmeiras,23-350,2000,3.9,10,5,3,4,3,1,7,14.3,6,4,0,4,3,13,2,0,Matches
367,Robert,br BRA,DF,Cruzeiro,19-034,2005,0.1,0,0,0,0,0,0,1,0.0,1,0,0,0,0,0,0,0,Matches
368,Kaique Rocha,br BRA,DF,Ath Paranaense,23-079,2001,6.0,11,9,7,4,0,9,11,81.8,2,6,2,4,7,18,33,0,Matches
369,Marcos Rocha,br BRA,DF,Palmeiras,35-158,1988,2.2,4,1,2,2,0,0,0,,0,1,1,0,2,6,4,0,Matches
370,Sergio Rochet,uy URU,GK,Internacional,31-055,1993,4.0,0,0,0,0,0,0,0,,0,0,0,0,0,0,6,0,Matches
371,Rodrigo,br BRA,MF,São Paulo,20-062,2004,0.6,4,2,1,2,1,2,4,50.0,2,2,0,2,0,4,3,0,Matches
372,Emiliano Rodríguez,uy URU,FW,Atl Goianiense,20-306,2003,3.1,1,0,0,1,0,0,1,0.0,1,2,0,2,1,2,2,0,Matches
373,James Rodríguez,co COL,MF,São Paulo,32-310,1991,0.4,0,0,0,0,0,0,1,0.0,1,0,0,0,0,0,0,0,Matches
374,Robert Rojas,py PAR,DF,Vasco da Gama,28-017,1996,0.0,3,2,2,1,0,2,2,100.0,0,0,0,0,0,3,1,0,Matches
375,Guilherme Romão,br BRA,DF,Atl Goianiense,26-223,1997,5.0,5,1,3,2,0,2,3,66.7,1,3,1,2,4,9,25,0,Matches
376,Ángel Romero,py PAR,FW,Corinthians,31-318,1992,4.5,3,3,1,2,0,1,5,20.0,4,2,0,2,0,3,4,0,Matches
377,Lucas Romero,ar ARG,MF,Cruzeiro,30-029,1994,3.9,16,14,7,6,3,9,12,75.0,3,4,0,4,4,20,3,0,Matches
378,Óscar Romero,py PAR,"FW,MF",Botafogo (RJ),31-318,1992,1.5,6,5,4,1,1,4,4,100.0,0,3,0,3,2,8,1,0,Matches
379,Rômulo,br BRA,DF,Atlético Mineiro,20-107,2004,0.5,2,1,0,1,1,2,2,100.0,0,0,0,0,3,5,2,0,Matches
380,Romulo,br BRA,MF,Internacional,24-077,2000,0.9,1,1,1,0,0,0,1,0.0,1,2,2,0,4,5,4,0,Matches
381,Romulo,br BRA,MF,Palmeiras,22-223,2001,0.6,3,2,3,0,0,1,3,33.3,2,1,0,1,0,3,0,0,Matches
382,Ronald,br BRA,MF,Grêmio,21-096,2003,0.1,0,0,0,0,0,0,0,,0,1,1,0,0,0,0,0,Matches
383,Ronaldo,br BRA,GK,Atl Goianiense,27-269,1996,5.0,0,0,0,0,0,0,0,,0,0,0,0,0,0,4,0,Matches
384,Budiga Roni,br BRA,MF,Atl Goianiense,25-032,1999,1.5,3,3,3,0,0,2,5,40.0,3,3,3,0,2,5,5,0,Matches
385,Rony,br BRA,FW,Palmeiras,29-006,1995,3.5,4,4,0,3,1,0,2,0.0,2,1,0,1,0,4,3,0,Matches
386,Matheus Rossetto,br BRA,MF,Fortaleza,27-349,1996,1.0,1,1,0,1,0,0,1,0.0,1,2,0,2,0,1,1,0,Matches
387,Rossi,br BRA,FW,Vasco da Gama,31-025,1993,2.4,2,2,1,1,0,2,2,100.0,0,4,1,3,1,3,3,0,Matches
388,Agustín Rossi,ar ARG,GK,Flamengo,28-270,1995,6.0,0,0,0,0,0,0,0,,0,0,0,0,0,0,1,0,Matches
389,Ruan,br BRA,"MF,FW",Juventude,19-014,2005,0.5,0,0,0,0,0,0,1,0.0,1,1,0,1,0,0,1,0,Matches
390,Rubens,br BRA,DF,Atlético Mineiro,22-331,2001,0.1,1,1,0,1,0,0,1,0.0,1,0,0,0,0,1,1,0,Matches
391,Alan Ruschel,br BRA,DF,Juventude,34-268,1989,1.0,2,0,1,1,0,1,3,33.3,2,2,0,2,0,2,0,0,Matches
392,Rodrigo Sam,br BRA,DF,Juventude,28-298,1995,1.7,2,1,1,1,0,2,2,100.0,0,3,2,1,2,4,6,0,Matches
393,Alex Santana,br BRA,"MF,FW",Ath Paranaense,29-004,1995,1.1,1,0,0,0,1,1,5,20.0,4,1,0,1,0,1,0,0,Matches
394,Ademir Santos,br BRA,"FW,MF",Bahia,29-091,1995,2.0,4,2,0,0,4,0,2,0.0,2,1,0,1,2,6,1,0,Matches
395,Allyson Aires dos Santos,br BRA,DF,Cuiabá,33-207,1990,1.0,0,0,0,0,0,0,0,,0,0,0,0,2,2,7,0,Matches
396,Eduardo Santos,br BRA,DF,Red Bull Bragantino,26-171,1997,2.5,6,5,3,3,0,4,5,80.0,1,4,2,2,1,7,5,0,Matches
397,Juan Santos,br BRA,FW,São Paulo,22-072,2002,0.7,0,0,0,0,0,0,1,0.0,1,0,0,0,0,0,1,0,Matches
398,Júnior Santos,br BRA,"FW,MF",Botafogo (RJ),29-219,1994,4.8,6,3,3,1,2,4,5,80.0,1,3,1,2,0,6,2,0,Matches
399,Renzo Saravia,ar ARG,DF,Atlético Mineiro,30-336,1993,5.0,19,12,8,8,3,8,13,61.5,5,6,2,4,5,24,7,0,Matches
400,Eduardo Sasha,br BRA,FW,Red Bull Bragantino,32-083,1992,4.2,2,2,0,1,1,1,4,25.0,3,2,0,2,2,4,2,0,Matches
401,Lucas Sasha,br BRA,MF,Fortaleza,34-077,1990,1.1,6,4,4,2,0,3,6,50.0,3,5,0,5,3,9,1,0,Matches
402,Jefferson Savarino,ve VEN,"MF,FW",Botafogo (RJ),27-188,1996,4.0,3,1,2,1,0,3,5,60.0,2,3,1,2,0,3,3,0,Matches
403,Gustavo Scarpa,br BRA,"MF,FW",Atlético Mineiro,30-133,1994,3.5,3,1,1,1,1,2,2,100.0,0,3,2,1,1,4,2,0,Matches
404,Cleiton Schwengber,br BRA,GK,Red Bull Bragantino,26-272,1997,4.5,0,0,0,0,0,0,0,,0,0,0,0,0,0,6,0,Matches
405,Juan Sforza,ar ARG,MF,Vasco da Gama,22-093,2002,4.6,8,4,2,5,1,6,16,37.5,10,5,2,3,3,11,6,0,Matches
406,Shaylon,br BRA,"MF,FW",Atl Goianiense,27-020,1997,4.8,3,1,1,2,0,0,7,0.0,7,5,0,5,4,7,1,0,Matches
407,André Silva,br BRA,"MF,FW",São Paulo,26-349,1997,3.1,1,0,0,1,0,1,5,20.0,4,7,1,6,3,4,1,0,Matches
408,Luan Silva,br BRA,MF,Vitória,25-003,1999,1.5,1,0,0,1,0,1,3,33.3,2,0,0,0,1,2,2,0,Matches
409,Lucas Silva,br BRA,MF,Cruzeiro,31-091,1993,4.2,3,1,1,2,0,1,3,33.3,2,6,2,4,0,3,5,0,Matches
410,Rafael Silva,br BRA,FW,Cruzeiro,32-043,1992,3.9,4,3,1,3,0,3,3,100.0,0,2,0,2,1,5,2,0,Matches
411,Everton Soares,br BRA,FW,Flamengo,28-056,1996,1.6,2,1,0,0,2,0,3,0.0,3,3,0,3,1,3,1,0,Matches
412,Tiquinho Soares,br BRA,FW,Botafogo (RJ),33-121,1991,2.2,1,1,0,0,1,1,2,50.0,1,2,0,2,0,1,4,0,Matches
413,Fernando Sobral,br BRA,MF,Cuiabá,29-152,1994,3.2,6,6,1,2,3,6,10,60.0,4,7,1,6,2,8,4,0,Matches
414,Yeferson Soteldo,ve VEN,FW,Grêmio,26-322,1997,3.0,5,3,3,2,0,5,7,71.4,2,2,0,2,0,5,0,1,Matches
415,Igor Vinícius de Souza,br BRA,DF,São Paulo,27-046,1997,5.4,11,7,7,3,1,4,7,57.1,3,3,0,3,2,13,3,0,Matches
416,Everaldo Stum,br BRA,FW,Bahia,32-317,1991,2.8,0,0,0,0,0,0,2,0.0,2,1,0,1,1,1,5,0,Matches
417,Damián Suárez,uy URU,DF,Botafogo (RJ),36-020,1988,2.6,3,3,1,2,0,0,4,0.0,4,4,1,3,2,5,3,0,Matches
418,Talisson,br BRA,FW,Red Bull Bragantino,21-362,2002,0.2,0,0,0,0,0,0,0,,0,0,0,0,0,0,0,0,Matches
419,Tchê Tchê,br BRA,MF,Botafogo (RJ),31-261,1992,3.1,3,3,1,2,0,2,4,50.0,2,1,0,1,2,5,1,0,Matches
420,David Terans,uy URU,"MF,FW",Fluminense,29-280,1994,0.6,3,3,1,2,0,2,2,100.0,0,1,0,1,0,3,0,0,Matches
421,Thaciano,br BRA,FW,Bahia,29-005,1995,5.2,3,3,1,2,0,0,2,0.0,2,3,0,3,2,5,4,0,Matches
422,Thiaguinho,br BRA,MF,Juventude,27-036,1997,0.5,2,2,0,2,0,0,3,0.0,3,0,0,0,0,2,1,0,Matches
423,Guilherme Tinga,br BRA,DF,Fortaleza,30-259,1993,4.1,5,4,2,3,0,3,8,37.5,5,3,0,3,8,13,15,0,Matches
424,Titi,br BRA,DF,Fortaleza,36-066,1988,5.0,5,2,5,0,0,2,9,22.2,7,5,4,1,3,8,15,1,Matches
425,Félix Torres Caicedo,ec ECU,DF,Corinthians,27-127,1997,6.0,5,1,4,1,0,3,7,42.9,4,7,3,4,14,19,26,0,Matches
426,Miguel Trauco,pe PER,"DF,MF",Criciúma,31-266,1992,1.1,2,1,2,0,0,0,1,0.0,1,2,0,2,0,2,5,0,Matches
427,Bruno Tubarão,br BRA,DF,Atl Goianiense,29-073,1995,4.0,13,8,6,6,1,5,7,71.4,2,3,0,3,3,16,9,0,Matches
428,Bruno Uvini,br BRA,DF,Vitória,32-349,1991,3.0,1,1,0,1,0,1,1,100.0,0,3,2,1,5,6,7,0,Matches
429,Vanderlan,br BRA,DF,Palmeiras,21-253,2002,1.2,3,2,1,2,0,2,3,66.7,1,1,0,1,1,4,3,0,Matches
430,Guillermo Varela,uy URU,DF,Flamengo,31-054,1993,3.7,3,3,2,0,1,1,2,50.0,1,3,1,2,5,8,7,0,Matches
431,Eduardo Vargas,cl CHI,FW,Atlético Mineiro,34-179,1989,1.5,0,0,0,0,0,0,1,0.0,1,1,0,1,1,1,3,0,Matches
432,Pablo Vegetti,ar ARG,FW,Vasco da Gama,35-215,1988,5.8,1,1,0,1,0,1,5,20.0,4,1,0,1,0,1,7,0,Matches
433,Raphael Veiga,br BRA,MF,Palmeiras,28-333,1995,4.4,7,3,0,7,0,1,5,20.0,4,4,1,3,1,8,1,0,Matches
434,Fausto Vera,ar ARG,MF,Corinthians,24-052,2000,2.1,1,1,0,1,0,1,4,25.0,3,2,1,1,2,3,0,0,Matches
435,Gabriel Veron,br BRA,"FW,MF",Cruzeiro,21-257,2002,0.9,1,0,0,0,1,0,1,0.0,1,4,0,4,1,2,0,0,Matches
436,João Victor,br BRA,DF,Vasco da Gama,25-305,1998,2.4,9,8,7,1,1,6,7,85.7,1,4,1,3,2,11,11,0,Matches
437,Felipe Vieira,,DF,Fluminense,,,1.5,4,2,2,1,1,0,0,,0,1,1,0,2,6,7,0,Matches
438,Mathías Villasanti,py PAR,MF,Grêmio,27-114,1997,4.0,8,6,4,4,0,2,10,20.0,8,5,0,5,7,15,6,1,Matches
439,Matías Viña,uy URU,DF,Flamengo,26-190,1997,1.1,1,1,1,0,0,1,1,100.0,0,2,0,2,2,3,4,0,Matches
440,Alix Vinicius,br BRA,DF,Atl Goianiense,24-193,1999,3.5,4,3,3,1,0,3,3,100.0,0,8,7,1,1,5,31,0,Matches
441,Mateus Vital,br BRA,MF,Cruzeiro,26-095,1998,0.8,3,2,2,1,0,1,1,100.0,0,1,0,1,0,3,0,0,Matches
442,Vitão,br BRA,DF,Internacional,24-105,2000,4.0,3,1,3,0,0,3,5,60.0,2,7,4,3,4,7,12,0,Matches
443,Vitinho,br BRA,"FW,MF",Red Bull Bragantino,25-046,1999,4.0,8,6,6,2,0,6,8,75.0,2,7,0,7,2,10,6,0,Matches
444,Rayan Vitor,br BRA,"FW,MF",Vasco da Gama,17-288,2006,1.9,3,2,1,2,0,1,3,33.3,2,3,0,3,2,5,2,0,Matches
445,Felipe Vizeu,br BRA,FW,Criciúma,27-066,1997,0.3,1,0,1,0,0,0,0,,0,0,0,0,0,1,0,0,Matches
446,Wagner,br BRA,DF,Vitória,24-299,1999,3.1,4,2,4,0,0,2,4,50.0,2,8,5,3,3,7,15,0,Matches
447,Walter,br BRA,GK,Cuiabá,36-181,1987,4.0,0,0,0,0,0,0,0,,0,0,0,0,0,0,1,0,Matches
448,Wanderson,br BRA,"FW,MF",Internacional,29-223,1994,2.0,2,2,0,0,2,0,2,0.0,2,2,0,2,1,3,0,0,Matches
449,Welington,br BRA,DF,São Paulo,23-088,2001,2.6,9,8,3,6,0,6,6,100.0,0,1,1,0,5,14,6,0,Matches
450,José Welison,br BRA,MF,Fortaleza,29-067,1995,1.7,8,6,4,4,0,2,4,50.0,2,6,1,5,3,11,1,0,Matches
451,Wesley,br BRA,DF,Flamengo,20-254,2003,1.3,2,2,1,1,0,0,1,0.0,1,3,3,0,2,4,7,0,Matches
452,Wesley,br BRA,"FW,MF",Internacional,25-048,1999,3.4,7,5,3,3,1,4,5,80.0,1,3,0,3,1,8,0,0,Matches
453,Wéverton,br BRA,GK,Palmeiras,36-156,1987,6.0,0,0,0,0,0,0,0,,0,0,0,0,0,0,1,0,Matches
454,William,br BRA,DF,Cruzeiro,29-044,1995,5.0,20,9,6,11,3,5,9,55.6,4,8,1,7,7,27,9,0,Matches
455,Willian,br BRA,MF,Vitória,31-001,1993,4.0,4,3,2,2,0,1,5,20.0,4,8,2,6,4,8,6,0,Matches
456,Samuel Xavier,br BRA,DF,Fluminense,33-346,1990,2.5,7,6,4,2,1,3,3,100.0,0,4,1,3,1,8,9,0,Matches
457,Bruno Zapelli,ar ARG,"MF,FW",Ath Paranaense,22-000,2002,2.6,3,0,0,3,0,2,9,22.2,7,3,0,3,0,3,3,0,Matches
458,Federico Zaracho,ar ARG,MF,Atlético Mineiro,26-068,1998,3.1,6,3,1,3,2,0,3,0.0,3,7,0,7,7,13,2,0,Matches
459,Zeca,br BRA,DF,Vitória,30-001,1994,4.3,10,5,5,3,2,3,8,37.5,5,4,3,1,3,13,8,0,Matches
