Rk,Player,Nation,Pos,Squad,Age,Born,MP,Min,Mn/MP,Min%,90s,Starts,Mn/Start,Compl,Subs,Mn/Sub,unSub,PPM,onG,onGA,+/-,+/-90,On-Off,onxG,onxGA,xG+/-,xG+/-90,On-Off_2,Matches
1,Abner,br BRA,MF,Juventude,20-028,2004,1,8,8,2.2,0.1,0,,0,1,8,2,0.00,1,0,+1,+11.25,+12.02,0.2,0.0,+0.2,+2.01,+2.62,Matches
2,Luiz Adriano,br BRA,FW,Vitória,37-035,1987,4,76,19,16.9,0.8,0,,0,4,19,0,0.25,1,1,0,0.00,+1.44,1.3,1.9,-0.6,-0.75,+0.03,Matches
3,Adriel,br BRA,GK,Bahia,23-124,2001,0,,,,,0,,0,0,,2,,,,,,,,,,,,Matches
4,Adson,br BRA,"FW,MF",Vasco da Gama,23-224,2000,5,104,21,19.3,1.2,0,,0,5,21,1,1.20,2,3,-1,-0.87,-0.04,2.2,2.5,-0.3,-0.22,-0.10,Matches
5,Lucas Alario,ar ARG,"FW,MF",Internacional,31-222,1992,2,42,21,11.7,0.5,0,,0,2,21,1,2.00,1,0,+1,+2.14,+2.14,0.9,0.2,+0.7,+1.55,+0.85,Matches
6,Yuri Alberto,br BRA,FW,Corinthians,23-060,2001,4,213,53,39.4,2.4,2,73,1,2,34,0,0.25,0,2,-2,-0.85,-0.85,2.7,1.5,+1.2,+0.52,+0.37,Matches
7,Alerrandro,br BRA,FW,Vitória,24-126,2000,4,276,69,61.3,3.1,4,69,0,0,,1,0.25,3,7,-4,-1.30,-0.27,3.2,4.7,-1.6,-0.51,+0.67,Matches
8,Caio Alexandre,br BRA,MF,Bahia,25-083,1999,6,442,74,81.9,4.9,6,74,0,0,,0,2.17,7,4,+3,+0.61,+0.61,7.1,4.0,+3.2,+0.64,+0.23,Matches
9,Matheus Alexandre,br BRA,DF,Cuiabá,25-040,1999,3,270,90,75.0,3.0,3,90,3,0,,1,0.00,0,6,-6,-2.00,+2.00,2.0,4.6,-2.6,-0.86,+0.78,Matches
10,Alexsander,br BRA,MF,Fluminense,20-222,2003,3,145,48,26.9,1.6,1,90,1,2,28,2,0.33,2,4,-2,-1.24,-0.79,1.4,2.6,-1.2,-0.77,-0.55,Matches
11,Alisson,br BRA,GK,Criciúma,28-344,1995,2,180,90,66.7,2.0,2,90,2,0,,1,1.00,2,2,0,0.00,-4.00,1.0,1.6,-0.6,-0.28,+0.18,Matches
12,Alisson,br BRA,"DF,MF",Atlético Mineiro,18-239,2005,4,122,31,27.1,1.4,1,90,1,3,11,1,2.00,3,1,+2,+1.48,+0.38,2.8,0.8,+2.0,+1.47,+1.43,Matches
13,Alisson,br BRA,MF,São Paulo,30-327,1993,6,516,86,95.6,5.7,6,86,4,0,,0,1.67,9,5,+4,+0.70,+0.70,8.1,3.4,+4.7,+0.83,+0.45,Matches
14,Allan,br BRA,MF,Flamengo,27-075,1997,5,346,69,64.1,3.8,4,75,1,1,45,1,1.60,4,4,0,0.00,-0.93,4.4,3.7,+0.7,+0.19,+0.02,Matches
15,Felipe Alves Raymundo,br BRA,GK,Fluminense,35-362,1988,0,,,,,0,,0,0,,6,,,,,,,,,,,,Matches
16,Anderson,br BRA,GK,Cruzeiro,26-073,1998,5,450,90,100.0,5.0,5,90,5,0,,0,2.00,8,7,+1,+0.20,,5.0,5.5,-0.5,-0.10,,Matches
17,Kervin Andrade,ve VEN,MF,Fortaleza,19-034,2005,1,70,70,15.6,0.8,1,70,0,0,,4,1.00,1,1,0,0.00,-0.24,0.9,0.4,+0.5,+0.68,+0.78,Matches
18,Rodrigo Andrade,br BRA,"MF,FW",Vitória,26-348,1997,3,233,78,51.8,2.6,3,78,1,0,,0,0.33,3,5,-2,-0.77,+0.89,4.5,4.3,+0.2,+0.06,+1.72,Matches
19,André,br BRA,"MF,DF",Fluminense,22-306,2001,3,270,90,50.0,3.0,3,90,3,0,,0,1.33,5,5,0,0.00,+1.33,3.4,4.1,-0.7,-0.23,+0.27,Matches
20,Marcos André,br BRA,DF,Ath Paranaense,17-329,2006,0,,,,,0,,0,0,,3,,,,,,,,,,,,Matches
21,Wilker Ángel,ve VEN,DF,Criciúma,31-060,1993,2,69,35,25.6,0.8,1,66,0,1,3,0,2.00,3,0,+3,+3.91,+3.47,0.6,1.6,-1.1,-1.39,-1.41,Matches
22,Anthoni,br BRA,GK,Internacional,22-115,2002,0,,,,,0,,0,0,,1,,,,,,,,,,,,Matches
23,Léo Aragão,br BRA,GK,Cruzeiro,22-028,2002,0,,,,,0,,0,0,,4,,,,,,,,,,,,Matches
24,Guilherme Arana,br BRA,DF,Atlético Mineiro,27-033,1997,5,372,74,82.7,4.1,3,90,3,2,51,0,1.80,7,3,+4,+0.97,-1.34,4.4,3.7,+0.8,+0.18,-1.42,Matches
25,Luiz Araújo,br BRA,"FW,MF",Flamengo,27-350,1996,6,360,60,66.7,4.0,3,75,0,3,45,0,1.83,4,3,+1,+0.25,-0.25,3.9,3.2,+0.7,+0.18,-0.01,Matches
26,Michel Araujo,uy URU,"DF,MF",São Paulo,27-232,1996,5,245,49,45.4,2.7,3,66,1,2,23,0,1.40,3,2,+1,+0.37,-0.55,4.2,1.3,+3.0,+1.08,+0.51,Matches
27,Robert Arboleda,ec ECU,DF,São Paulo,32-208,1991,6,540,90,100.0,6.0,6,90,6,0,,0,1.67,10,6,+4,+0.67,,8.4,3.6,+4.8,+0.81,,Matches
28,Lucas Arcanjo,br BRA,GK,Vitória,25-283,1998,5,450,90,100.0,5.0,5,90,5,0,,0,0.20,5,11,-6,-1.20,,5.2,9.0,-3.9,-0.77,,Matches
29,Jhon Arias,co COL,FW,Fluminense,26-239,1997,6,540,90,100.0,6.0,6,90,6,0,,0,0.83,8,12,-4,-0.67,,6.2,8.4,-2.2,-0.36,,Matches
30,Santiago Arias,co COL,DF,Bahia,32-125,1992,6,540,90,100.0,6.0,6,90,6,0,,0,2.17,9,6,+3,+0.50,,8.9,5.3,+3.6,+0.60,,Matches
31,Arthur,br BRA,FW,Cruzeiro,25-319,1998,5,343,69,76.2,3.8,5,69,0,0,,0,2.00,5,6,-1,-0.26,-1.94,3.6,4.7,-1.2,-0.30,-0.84,Matches
32,Arthur,br BRA,"FW,MF",Criciúma,31-337,1992,3,90,30,33.3,1.0,1,60,0,2,15,0,1.67,4,0,+4,+4.00,+4.00,0.8,2.0,-1.2,-1.23,-1.35,Matches
33,Arthur,br BRA,MF,Fluminense,20-083,2004,0,,,,,0,,0,0,,3,,,,,,,,,,,,Matches
34,Arthur,br BRA,FW,Corinthians,21-066,2003,0,,,,,0,,0,0,,1,,,,,,,,,,,,Matches
35,Filipe Augusto,br BRA,MF,Cuiabá,30-279,1993,1,14,14,3.9,0.2,0,,0,1,14,0,0.00,0,1,-1,-6.43,-4.09,0.0,0.2,-0.2,-1.40,-0.36,Matches
36,Renato Augusto,br BRA,"FW,MF",Fluminense,36-099,1988,2,62,31,11.5,0.7,0,,0,2,31,0,0.50,1,2,-1,-1.45,-0.89,0.8,0.9,-0.1,-0.07,+0.32,Matches
37,Yarlen Augusto,br BRA,FW,Botafogo (RJ),18-087,2006,0,,,,,0,,0,0,,5,,,,,,,,,,,,Matches
38,Gabriel Baralhas,br BRA,MF,Atl Goianiense,25-220,1998,4,323,81,71.8,3.6,4,81,3,0,,0,0.00,1,6,-5,-1.39,-0.68,4.2,3.5,+0.7,+0.18,+1.62,Matches
39,Danilo Barbosa,br BRA,MF,Botafogo (RJ),28-079,1996,6,319,53,59.1,3.5,4,73,1,2,14,0,1.67,9,4,+5,+1.41,+1.41,4.4,4.2,+0.2,+0.05,-0.28,Matches
40,Diogo Barbosa,br BRA,DF,Fluminense,31-274,1992,3,156,52,28.9,1.7,2,75,0,1,6,2,0.25,4,6,-2,-1.15,-0.69,0.7,2.8,-2.1,-1.23,-1.22,Matches
41,Gabriel Barbosa,br BRA,FW,Flamengo,27-261,1996,1,45,45,8.3,0.5,0,,0,1,45,1,3.00,1,0,+1,+2.00,+1.82,0.6,1.1,-0.5,-1.01,-1.30,Matches
42,Lucas Barbosa,br BRA,"MF,FW",Juventude,23-085,2001,4,294,74,81.7,3.3,4,74,0,0,,0,1.25,4,6,-2,-0.61,-0.61,2.3,5.2,-2.8,-0.87,-1.70,Matches
43,Alexander Barboza,ar ARG,"DF,FW",Botafogo (RJ),29-062,1995,4,124,31,23.0,1.4,1,90,1,3,11,1,1.00,2,2,0,0.00,-1.08,1.4,1.8,-0.4,-0.27,-0.57,Matches
44,Mateo Barcia,uy URU,MF,Criciúma,23-088,2001,1,12,12,4.4,0.1,0,,0,1,12,2,1.00,1,0,+1,+7.50,+6.45,0.1,0.4,-0.3,-2.49,-2.25,Matches
45,Álvaro Barreal,ar ARG,"MF,FW",Cruzeiro,23-274,2000,5,196,39,43.6,2.2,1,65,0,4,33,0,2.00,5,2,+3,+1.38,+2.09,2.0,1.9,+0.1,+0.03,+0.24,Matches
46,Barreto,br BRA,MF,Criciúma,28-159,1995,3,258,86,95.6,2.9,3,86,2,0,,0,1.67,5,2,+3,+1.05,-6.45,2.4,3.1,-0.7,-0.24,+2.25,Matches
47,Gabriel Barros,br BRA,"FW,MF",Atl Goianiense,22-205,2001,2,79,40,17.6,0.9,1,62,0,1,17,2,0.00,0,1,-1,-1.14,+0.07,1.3,1.0,+0.3,+0.37,+0.78,Matches
48,Bastos,ao ANG,DF,Botafogo (RJ),33-051,1991,6,486,81,90.0,5.4,6,81,4,0,,0,1.67,10,5,+5,+0.93,+0.93,7.7,6.4,+1.3,+0.24,+0.73,Matches
49,Rodrigo Battaglia,ar ARG,DF,Atlético Mineiro,32-310,1991,3,216,72,48.0,2.4,3,72,1,0,,1,1.67,5,2,+3,+1.25,+0.10,2.5,2.5,0.0,+0.02,-0.79,Matches
50,José Luis Rodríguez Bebanz,uy URU,FW,Vasco da Gama,27-064,1997,1,1,1,0.2,0.0,0,,0,1,1,3,3.00,0,0,0,0.00,+0.83,0.1,0.1,0.0,-0.14,0.00,Matches
51,Muriel Becker,br BRA,GK,Vitória,37-093,1987,0,,,,,0,,0,0,,4,,,,,,,,,,,,Matches
52,Matheus Belém,br BRA,DF,São Paulo,21-094,2003,0,,,,,0,,0,0,,1,,,,,,,,,,,,Matches
53,Ramiro Benetti,br BRA,MF,Cruzeiro,30-361,1993,4,219,55,48.7,2.4,3,73,1,1,1,0,1.75,2,5,-3,-1.23,-2.79,2.3,3.4,-1.1,-0.44,-0.67,Matches
54,Bento,br BRA,GK,Ath Paranaense,24-342,1999,6,540,90,100.0,6.0,6,90,6,0,,0,2.17,9,3,+6,+1.00,,7.4,6.5,+0.9,+0.15,,Matches
55,Alexandro Bernabei,ar ARG,DF,Internacional,23-236,2000,0,,,,,0,,0,0,,4,,,,,,,,,,,,Matches
56,Lucas Besozzi,ar ARG,FW,Grêmio,21-116,2003,0,,,,,0,,0,0,,1,,,,,,,,,,,,Matches
57,Raul Bicalho,br BRA,DF,Corinthians,25-023,1999,1,90,90,16.7,1.0,1,90,1,0,,4,0.00,0,1,-1,-1.00,-0.80,1.2,0.5,+0.7,+0.74,+0.53,Matches
58,Matheus Bidu,br BRA,DF,Corinthians,25-013,1999,1,18,18,3.3,0.2,0,,0,1,18,5,3.00,0,0,0,0.00,+0.34,0.1,0.1,+0.1,+0.29,-0.01,Matches
59,Biel,br BRA,"FW,MF",Bahia,23-046,2001,6,142,24,26.3,1.6,0,,0,6,24,0,2.17,4,2,+2,+1.27,+1.04,3.8,1.5,+2.3,+1.47,+1.18,Matches
60,Guilherme Biro,br BRA,MF,Corinthians,20-027,2004,2,10,5,1.9,0.1,0,,0,2,5,1,1.50,0,0,0,0.00,+0.34,0.1,0.0,+0.1,+1.00,+0.72,Matches
61,Damián Bobadilla,py PAR,MF,São Paulo,22-311,2001,4,188,47,34.8,2.1,3,60,1,1,9,2,2.50,1,1,0,0.00,-1.02,2.7,1.3,+1.4,+0.69,-0.17,Matches
62,Yannick Bolasie,cd COD,FW,Criciúma,34-359,1989,3,170,57,63.0,1.9,2,69,0,1,33,0,1.67,3,2,+1,+0.53,-2.17,1.0,2.4,-1.4,-0.75,-1.11,Matches
63,Thiago Borbas,uy URU,FW,Red Bull Bragantino,22-040,2002,6,197,33,36.5,2.2,1,76,0,5,24,0,1.50,3,3,0,0.00,-0.26,1.4,3.5,-2.1,-0.94,-0.38,Matches
64,Marllon Borges,br BRA,DF,Cuiabá,32-031,1992,4,360,90,100.0,4.0,4,90,4,0,,0,0.00,0,10,-10,-2.50,,2.3,6.5,-4.2,-1.06,,Matches
65,Pedro Borges,br BRA,MF,Fortaleza,27-075,1997,4,217,54,48.2,2.4,2,87,1,2,22,0,1.50,2,3,-1,-0.41,-1.19,3.1,2.5,+0.5,+0.21,+0.36,Matches
66,Rafael Borré,co COL,FW,Internacional,28-245,1995,4,360,90,100.0,4.0,4,90,4,0,,0,1.75,4,3,+1,+0.25,,6.5,3.3,+3.2,+0.80,,Matches
67,Danilo Boza,br BRA,DF,Juventude,26-011,1998,3,270,90,75.0,3.0,3,90,3,0,,0,1.33,4,6,-2,-0.67,-0.67,3.0,5.1,-2.1,-0.69,-0.55,Matches
68,Breno,br BRA,FW,Fortaleza,28-114,1996,3,193,64,42.9,2.1,3,64,0,0,,0,1.00,2,2,0,0.00,-0.35,2.2,1.9,+0.3,+0.14,+0.20,Matches
69,Breno,br BRA,"FW,MF",Palmeiras,28-114,1996,0,,,,,0,,0,0,,1,,,,,,,,,,,,Matches
70,Breno,br BRA,MF,Corinthians,19-087,2005,4,265,66,49.1,2.9,3,86,1,1,7,2,1.00,3,2,+1,+0.34,+1.32,4.6,2.8,+1.8,+0.61,+0.61,Matches
71,Emanuel Brítez,ar ARG,DF,Fortaleza,32-052,1992,4,360,90,80.0,4.0,4,90,4,0,,0,1.40,5,4,+1,+0.25,+0.25,3.7,3.7,+0.1,+0.02,-0.02,Matches
72,Bruninho,br BRA,"FW,MF",Red Bull Bragantino,21-064,2003,2,79,40,14.6,0.9,1,60,0,1,19,2,3.00,2,0,+2,+2.28,+2.47,0.6,0.8,-0.2,-0.25,+0.53,Matches
73,Fabrício Bruno,br BRA,DF,Flamengo,28-095,1996,5,450,90,83.3,5.0,5,90,5,0,,1,2.00,6,4,+2,+0.40,+0.40,5.2,5.3,0.0,-0.01,-1.13,Matches
74,Fabricio Bustos,ar ARG,"DF,MF",Internacional,28-019,1996,4,285,71,79.2,3.2,3,85,1,1,29,0,1.75,4,3,+1,+0.32,+0.32,5.8,2.3,+3.5,+1.12,+1.51,Matches
75,Rafael Cabral,br BRA,GK,Grêmio,33-363,1990,1,90,90,25.0,1.0,1,90,1,0,,0,0.00,0,1,-1,-1.00,-1.67,0.1,1.1,-1.0,-1.03,-1.23,Matches
76,Cacá,br BRA,DF,Corinthians,25-022,1999,3,254,85,47.0,2.8,3,85,2,0,,3,1.33,3,2,+1,+0.35,+1.30,4.6,3.1,+1.5,+0.54,+0.45,Matches
77,Raúl Cáceres,py PAR,DF,Vitória,32-242,1991,0,,,,,0,,0,0,,1,,,,,,,,,,,,Matches
78,Caetano,br BRA,DF,Corinthians,24-328,1999,0,,,,,0,,0,0,,4,,,,,,,,,,,,Matches
79,Gabriel Caetano,br BRA,MF,Red Bull Bragantino,22-013,2002,0,,,,,0,,0,0,,1,,,,,,,,,,,,Matches
80,Jonathan Cafu,br BRA,"MF,FW",Cuiabá,32-312,1991,3,103,34,28.6,1.1,1,66,0,2,19,1,0.00,0,2,-2,-1.75,+1.05,1.3,1.3,0.0,+0.03,+1.52,Matches
81,Caíque,br BRA,GK,Grêmio,26-291,1997,0,,,,,0,,0,0,,3,,,,,,,,,,,,Matches
82,Lucas Calegari,br BRA,DF,Fluminense,22-080,2002,0,,,,,0,,0,0,,2,,,,,,,,,,,,Matches
83,Jonathan Calleri,ar ARG,FW,São Paulo,30-237,1993,5,397,79,73.5,4.4,5,79,3,0,,0,1.40,6,5,+1,+0.23,-1.66,5.8,2.7,+3.1,+0.70,-0.40,Matches
84,Patric Calmon PK,br BRA,DF,Vitória,29-317,1994,2,135,68,30.0,1.5,2,68,1,0,,1,0.00,1,3,-2,-1.33,-0.19,1.7,3.2,-1.5,-0.98,-0.30,Matches
85,Camutanga,br BRA,DF,Vitória,30-233,1993,2,179,90,39.8,2.0,2,90,1,0,,0,0.00,1,3,-2,-1.01,+0.32,2.9,2.3,+0.5,+0.28,+1.74,Matches
86,Yerson Candelo,co COL,DF,Criciúma,32-083,1992,2,28,14,10.4,0.3,0,,0,2,14,1,2.00,0,0,0,0.00,-1.49,0.4,0.4,0.0,-0.04,+0.33,Matches
87,Luan Cândido,br BRA,DF,Red Bull Bragantino,23-105,2001,6,540,90,100.0,6.0,6,90,6,0,,0,1.50,7,6,+1,+0.17,,4.2,8.4,-4.2,-0.70,,Matches
88,Germán Cano,ar ARG,"FW,MF",Fluminense,36-105,1988,5,410,82,75.9,4.6,5,82,0,0,,1,1.00,7,10,-3,-0.66,+0.03,5.3,5.8,-0.6,-0.13,+0.96,Matches
89,Agustín Canobbio,uy URU,"FW,MF",Ath Paranaense,25-229,1998,5,297,59,55.0,3.3,4,67,1,1,30,0,2.40,5,2,+3,+0.91,-0.20,3.3,3.5,-0.2,-0.06,-0.47,Matches
90,Juninho Capixaba,br BRA,"DF,MF",Red Bull Bragantino,26-316,1997,5,338,68,62.6,3.8,5,68,1,0,,1,1.80,6,3,+3,+0.80,+1.69,3.2,4.8,-1.6,-0.42,+0.75,Matches
91,Felipe Carballo,uy URU,MF,Grêmio,27-226,1996,0,,,,,0,,0,0,,1,,,,,,,,,,,,Matches
92,Carlinhos,br BRA,"FW,DF",Flamengo,27-095,1997,2,59,30,10.9,0.7,1,45,0,1,14,4,2.00,1,0,+1,+1.53,+1.34,1.0,0.2,+0.8,+1.17,+1.11,Matches
93,Antonio Carlos,br BRA,DF,Fluminense,31-071,1993,2,135,68,25.0,1.5,1,90,1,1,45,4,1.50,2,3,-1,-0.67,0.00,1.5,3.3,-1.8,-1.18,-1.10,Matches
94,João Carlos,br BRA,FW,Criciúma,22-331,2001,0,,,,,0,,0,0,,3,,,,,,,,,,,,Matches
95,Jean Carlos Vicente,br BRA,"FW,MF",Juventude,32-092,1992,3,204,68,56.7,2.3,3,68,1,0,,0,1.33,3,3,0,0.00,+1.15,2.1,3.2,-1.1,-0.50,+0.13,Matches
96,Gabriel Carvalho,br BRA,MF,Internacional,16-274,2007,0,,,,,0,,0,0,,4,,,,,,,,,,,,Matches
97,Cássio,br BRA,GK,Corinthians,36-346,1987,3,270,90,50.0,3.0,3,90,3,0,,3,0.33,0,3,-3,-1.00,-1.33,2.6,2.3,+0.3,+0.10,-0.40,Matches
98,Iury de Castilho,br BRA,"FW,MF",Vitória,28-254,1995,3,74,25,16.4,0.8,0,,0,3,25,0,0.33,1,0,+1,+1.22,+2.89,1.6,1.3,+0.3,+0.31,+1.30,Matches
99,Murilo Cerqueira,br BRA,DF,Palmeiras,27-051,1997,5,436,87,80.7,4.8,5,87,4,0,,0,1.60,3,1,+2,+0.41,+2.14,5.2,3.9,+1.3,+0.26,-0.52,Matches
100,Reynaldo Cesar Moraes,br BRA,DF,Vitória,27-135,1997,2,168,84,37.3,1.9,1,90,1,1,78,2,0.00,2,5,-3,-1.61,-0.65,1.9,4.6,-2.6,-1.42,-1.03,Matches
101,Gabriel Chapecó,br BRA,GK,Cruzeiro,24-049,2000,0,,,,,0,,0,0,,1,,,,,,,,,,,,Matches
102,Gabriel Chapecó,br BRA,GK,Grêmio,24-049,2000,0,,,,,0,,0,0,,2,,,,,,,,,,,,Matches
103,Christian,br BRA,"FW,MF",Ath Paranaense,23-150,2000,2,107,54,19.8,1.2,1,62,0,1,45,3,2.00,1,1,0,0.00,-1.25,1.2,1.5,-0.3,-0.26,-0.51,Matches
104,Eliel Chrystian,br BRA,MF,Cuiabá,21-112,2003,1,45,45,12.5,0.5,0,,0,1,45,2,0.00,0,2,-2,-4.00,-1.71,0.2,1.4,-1.2,-2.32,-1.45,Matches
105,Cicinho,bg BUL,MF,Bahia,35-143,1988,1,1,1,0.2,0.0,0,,0,1,1,5,3.00,0,0,0,0.00,-0.50,0.0,0.0,0.0,-2.49,-3.10,Matches
106,José Cifuentes,ec ECU,MF,Cruzeiro,25-066,1999,3,69,23,15.3,0.8,1,45,0,2,12,2,3.00,1,1,0,0.00,-0.24,1.1,0.5,+0.7,+0.88,+1.16,Matches
107,Claudinho,br BRA,DF,Criciúma,23-236,2000,3,242,81,89.6,2.7,3,81,1,0,,0,1.67,6,2,+4,+1.49,+1.49,2.1,3.1,-1.0,-0.37,-0.33,Matches
108,Mateus Claus,br BRA,GK,Juventude,29-288,1994,0,,,,,0,,0,0,,2,,,,,,,,,,,,Matches
109,Clayson,br BRA,MF,Cuiabá,29-059,1995,4,179,45,49.7,2.0,3,57,0,1,8,0,0.00,0,5,-5,-2.51,-0.03,1.7,3.0,-1.3,-0.67,+0.78,Matches
110,Clayton,br BRA,FW,Vasco da Gama,25-127,1999,4,52,13,9.6,0.6,0,,0,4,13,2,0.00,0,1,-1,-1.73,-0.99,1.2,1.0,+0.1,+0.22,+0.40,Matches
111,Cleiton,br BRA,DF,Flamengo,21-022,2003,0,,,,,0,,0,0,,1,,,,,,,,,,,,Matches
112,Mateus Cocão,br BRA,MF,Vasco da Gama,22-060,2002,6,284,47,52.6,3.2,4,63,1,2,16,0,1.00,2,5,-3,-0.95,-0.25,2.4,5.6,-3.2,-1.01,-1.83,Matches
113,Igor Coronado,br BRA,"MF,FW",Corinthians,31-273,1992,4,178,45,33.0,2.0,2,74,1,2,16,0,0.25,0,3,-3,-1.52,-1.77,1.8,2.1,-0.3,-0.16,-0.67,Matches
114,Diego Costa,es ESP,FW,Grêmio,35-223,1988,2,116,58,32.2,1.3,2,58,0,0,,0,0.00,0,3,-3,-2.33,-3.80,0.2,1.4,-1.2,-0.81,-1.10,Matches
115,Douglas Costa,br BRA,FW,Fluminense,33-246,1990,5,164,33,30.4,1.8,1,59,0,4,26,0,1.00,2,1,+1,+0.55,+1.75,2.4,1.6,+0.8,+0.42,+1.12,Matches
116,Franco Cristaldo,ar ARG,MF,Grêmio,27-276,1996,4,277,69,76.9,3.1,3,77,1,1,45,0,1.50,4,2,+2,+0.65,+1.73,3.0,2.8,+0.2,+0.05,+0.73,Matches
117,Alejo Cruz,uy URU,MF,Atl Goianiense,23-259,2000,4,153,38,34.0,1.7,3,51,0,1,1,1,0.25,0,3,-3,-1.76,-0.86,1.2,1.2,-0.1,-0.04,+0.36,Matches
118,Tomás Cuello,ar ARG,"FW,MF",Ath Paranaense,24-073,2000,6,343,57,63.5,3.8,6,57,0,0,,0,2.17,6,2,+4,+1.05,+0.14,5.5,2.8,+2.7,+0.71,+1.53,Matches
119,Víctor Cuesta,ar ARG,DF,Bahia,35-180,1988,3,239,80,44.3,2.7,3,80,2,0,,2,1.33,3,5,-2,-0.75,-2.25,2.4,3.8,-1.3,-0.50,-1.98,Matches
120,Cuiabano,br BRA,DF,Grêmio,21-091,2003,2,163,82,45.3,1.8,2,82,1,0,,0,1.50,3,2,+1,+0.55,+0.55,2.3,0.8,+1.5,+0.83,+1.73,Matches
121,Cuiabano,br BRA,DF,Botafogo (RJ),21-091,2003,2,135,68,25.0,1.5,1,90,1,1,45,1,0.50,2,2,0,0.00,-1.11,1.2,1.6,-0.4,-0.29,-0.61,Matches
122,Lucas Cunha,br BRA,DF,Red Bull Bragantino,27-115,1997,2,29,15,5.4,0.3,0,,0,2,15,4,2.00,0,0,0,0.00,-0.18,0.1,0.7,-0.7,-2.07,-1.44,Matches
123,Matheus Cunha,br BRA,GK,Flamengo,22-359,2001,0,,,,,0,,0,0,,6,,,,,,,,,,,,Matches
124,Danielzinho,br BRA,MF,Atl Goianiense,28-127,1996,1,19,19,4.2,0.2,0,,0,1,19,4,0.00,0,1,-1,-4.74,-3.69,0.2,0.3,-0.1,-0.67,-0.41,Matches
125,David,br BRA,FW,Vasco da Gama,28-213,1995,6,514,86,95.2,5.7,6,86,2,0,,0,1.00,6,10,-4,-0.70,+2.76,7.0,8.6,-1.6,-0.28,-2.76,Matches
126,Giorgian De Arrascaeta,uy URU,MF,Flamengo,29-351,1994,3,249,83,46.1,2.8,3,83,2,0,,2,1.33,2,2,0,0.00,-0.62,2.1,2.2,-0.1,-0.05,-0.44,Matches
127,Nicolás De La Cruz,uy URU,MF,Flamengo,26-351,1997,6,449,75,83.1,5.0,5,87,2,1,15,0,1.83,6,4,+2,+0.40,+0.40,5.8,5.0,+0.8,+0.16,-0.13,Matches
128,Sergio Antonio De Luiz Junior,br BRA,"FW,MF",Vasco da Gama,29-041,1995,0,,,,,0,,0,0,,1,,,,,,,,,,,,Matches
129,Denilson,br BRA,MF,Cuiabá,23-055,2001,3,225,75,62.5,2.5,3,75,1,0,,0,0.00,0,5,-5,-2.00,+1.33,1.6,3.8,-2.2,-0.87,+0.50,Matches
130,Derek,br BRA,FW,Atl Goianiense,26-167,1997,4,132,33,29.3,1.5,1,71,0,3,20,1,0.25,1,2,-1,-0.68,+0.73,2.1,2.6,-0.5,-0.34,-0.09,Matches
131,Deyverson,br BRA,FW,Cuiabá,33-009,1991,1,76,76,21.1,0.8,1,76,0,0,,0,0.00,0,3,-3,-3.55,-1.33,0.3,1.7,-1.4,-1.69,-0.80,Matches
132,Lucas Di Yorio,ar ARG,FW,Ath Paranaense,27-177,1996,0,,,,,0,,0,0,,1,,,,,,,,,,,,Matches
133,Matheus Dias,br BRA,DF,Internacional,27-100,1997,1,11,11,3.1,0.1,0,,0,1,11,3,1.00,0,0,0,0.00,-0.26,0.2,0.0,+0.2,+2.00,+1.24,Matches
134,Diego,br BRA,DF,São Paulo,24-301,1999,5,450,90,83.3,5.0,5,90,5,0,,1,1.40,8,5,+3,+0.60,-0.40,6.6,3.0,+3.7,+0.73,-0.44,Matches
135,Dija,br BRA,DF,Red Bull Bragantino,21-033,2003,0,,,,,0,,0,0,,2,,,,,,,,,,,,Matches
136,Dodi,br BRA,MF,Grêmio,28-030,1996,3,179,60,49.7,2.0,2,87,1,1,6,1,2.00,2,1,+1,+0.50,+0.50,1.2,1.5,-0.3,-0.14,-0.04,Matches
137,Matheus dos Reis,br BRA,FW,Fluminense,17-045,2007,0,,,,,0,,0,0,,1,,,,,,,,,,,,Matches
138,Renan dos Santos,br BRA,GK,Juventude,34-365,1989,0,,,,,0,,0,0,,2,,,,,,,,,,,,Matches
139,David Duarte,br BRA,DF,Bahia,29-114,1995,0,,,,,0,,0,0,,6,,,,,,,,,,,,Matches
140,Dudu,br BRA,MF,Vitória,24-347,1999,3,211,70,46.9,2.3,3,70,2,0,,0,0.00,2,6,-4,-1.71,-0.95,2.4,4.9,-2.5,-1.05,-0.52,Matches
141,Francisco Dyogo,br BRA,GK,Flamengo,20-129,2004,0,,,,,0,,0,0,,1,,,,,,,,,,,,Matches
142,Edenílson,br BRA,FW,Grêmio,34-151,1989,1,45,45,12.5,0.5,1,45,0,0,,0,0.00,0,1,-1,-2.00,-2.57,0.0,0.5,-0.5,-0.97,-0.98,Matches
143,Éder,it ITA,FW,Criciúma,37-184,1986,2,88,44,32.6,1.0,1,57,0,1,31,0,2.00,2,0,+2,+2.05,+1.06,1.4,0.7,+0.7,+0.75,+1.61,Matches
144,Carlos Eduardo,br BRA,FW,Atlético Mineiro,19-359,2004,2,12,6,2.7,0.1,0,,0,2,6,3,1.00,0,1,-1,-7.50,-8.94,0.5,0.1,+0.4,+2.92,+2.56,Matches
145,Carlos Eduardo,br BRA,FW,Botafogo (RJ),34-213,1989,2,88,44,16.3,1.0,1,59,0,1,29,0,3.00,2,1,+1,+1.02,+0.23,0.4,0.8,-0.5,-0.47,-0.76,Matches
146,Kauã Elias,br BRA,"MF,FW",Fluminense,18-050,2006,4,93,23,17.2,1.0,1,78,0,3,5,1,0.50,1,1,0,0.00,+0.81,0.5,1.4,-0.9,-0.91,-0.67,Matches
147,Rafael Elias,br BRA,FW,Cruzeiro,25-035,1999,5,103,21,22.9,1.1,0,,0,5,21,0,2.00,3,1,+2,+1.75,+2.01,1.4,0.8,+0.6,+0.51,+0.80,Matches
148,Eliédson,br BRA,MF,Criciúma,21-061,2003,1,3,3,1.1,0.0,0,,0,1,3,1,1.00,0,0,0,0.00,-1.35,0.0,0.1,-0.1,-1.80,-1.48,Matches
149,Rodrigo Ely,br BRA,DF,Grêmio,30-196,1993,3,270,90,75.0,3.0,3,90,3,0,,1,1.00,2,3,-1,-0.33,-2.33,2.0,3.4,-1.4,-0.46,-1.40,Matches
150,Leandro Emmanuel Martínez,ar ARG,"FW,MF",Fortaleza,29-348,1994,0,,,,,0,,0,0,,4,,,,,,,,,,,,Matches
151,Alan Empereur,br BRA,DF,Cuiabá,30-068,1994,4,261,65,72.5,2.9,4,65,2,0,,0,0.00,0,8,-8,-2.76,-0.94,1.5,4.9,-3.4,-1.16,-0.39,Matches
152,Endrick,br BRA,"FW,MF",Palmeiras,17-301,2006,6,453,76,83.9,5.0,6,76,3,0,,0,1.33,2,3,-1,-0.20,-1.23,5.5,4.0,+1.5,+0.30,-0.41,Matches
153,Erick,br BRA,MF,Ath Paranaense,26-185,1997,6,532,89,98.5,5.9,6,89,5,0,,0,2.17,9,3,+6,+1.02,+1.02,7.4,6.5,+0.9,+0.15,+0.15,Matches
154,Erick,br BRA,"DF,MF",São Paulo,26-159,1997,4,125,31,23.1,1.4,0,,0,4,31,2,1.50,4,3,+1,+0.72,+0.07,2.2,1.5,+0.7,+0.53,-0.37,Matches
155,Erick,br BRA,FW,Juventude,27-135,1997,4,276,69,76.7,3.1,3,68,0,1,73,0,1.25,4,4,0,0.00,+2.14,2.4,4.1,-1.7,-0.56,-0.04,Matches
156,Gonzalo Escobar,ar ARG,DF,Fortaleza,27-062,1997,0,,,,,0,,0,0,,1,,,,,,,,,,,,Matches
157,Lucas Esquivel,ar ARG,DF,Ath Paranaense,22-216,2001,6,516,86,95.6,5.7,6,86,5,0,,0,2.17,9,3,+6,+1.05,+1.05,7.3,5.8,+1.5,+0.26,+2.45,Matches
158,Estevão,br BRA,"FW,DF",Palmeiras,18-023,2006,6,253,42,46.9,2.8,3,63,0,3,21,0,1.33,2,2,0,0.00,0.00,4.0,2.6,+1.4,+0.49,+0.24,Matches
159,Lucas Esteves,br BRA,DF,Vitória,23-328,2000,4,310,78,68.9,3.4,3,88,2,1,45,1,0.25,4,8,-4,-1.16,+0.12,3.5,5.7,-2.2,-0.63,+0.45,Matches
160,Oscar Estupiñan,co COL,FW,Bahia,27-140,1996,2,54,27,10.0,0.6,1,45,0,1,9,4,0.50,0,0,0,0.00,-0.56,0.5,0.3,+0.2,+0.26,-0.38,Matches
161,Lucas Evangelista,br BRA,MF,Red Bull Bragantino,29-011,1995,2,73,37,13.5,0.8,1,56,0,1,17,0,0.50,0,2,-2,-2.47,-3.04,0.3,1.4,-1.1,-1.38,-0.78,Matches
162,Éverson,br BRA,GK,Atlético Mineiro,33-300,1990,5,450,90,100.0,5.0,5,90,5,0,,0,1.80,9,3,+6,+1.20,,5.8,3.7,+2.1,+0.43,,Matches
163,Everton,br BRA,FW,Grêmio,27-061,1997,2,38,19,10.6,0.4,0,,0,2,19,2,3.00,0,0,0,0.00,-0.28,0.0,0.2,-0.1,-0.33,-0.24,Matches
164,Everton,br BRA,FW,Red Bull Bragantino,22-083,2002,0,,,,,0,,0,0,,1,,,,,,,,,,,,Matches
165,Evertton,br BRA,MF,Flamengo,21-079,2003,0,,,,,0,,0,0,,2,,,,,,,,,,,,Matches
166,Fabiano,br BRA,FW,Botafogo (RJ),18-032,2006,0,,,,,0,,0,0,,1,,,,,,,,,,,,Matches
167,Bruno Fabiano Alves,br BRA,DF,Cuiabá,33-031,1991,3,200,67,55.6,2.2,2,90,2,1,20,1,0.00,0,5,-5,-2.25,+0.56,1.8,3.8,-2.0,-0.90,+0.35,Matches
168,Fabinho,br BRA,MF,Palmeiras,22-038,2002,2,34,17,6.3,0.4,0,,0,2,17,4,3.00,0,0,0,0.00,0.00,0.6,0.2,+0.4,+1.02,+0.70,Matches
169,Fábio,br BRA,GK,Fluminense,43-230,1980,6,540,90,100.0,6.0,6,90,6,0,,0,0.83,8,12,-4,-0.67,,6.2,8.4,-2.2,-0.36,,Matches
170,Fábio,br BRA,DF,Grêmio,33-313,1990,3,205,68,56.9,2.3,2,84,1,1,37,1,2.00,2,1,+1,+0.44,+0.44,1.4,1.3,+0.1,+0.04,+0.36,Matches
171,Fabrício,br BRA,GK,Internacional,38-131,1986,0,,,,,0,,0,0,,3,,,,,,,,,,,,Matches
172,Fabrício,br BRA,GK,Red Bull Bragantino,23-337,2000,0,,,,,0,,0,0,,2,,,,,,,,,,,,Matches
173,Fagner,br BRA,"DF,MF",Corinthians,34-341,1989,5,384,77,71.1,4.3,5,77,2,0,,1,1.00,3,4,-1,-0.23,+0.34,5.7,4.5,+1.1,+0.27,-0.09,Matches
174,Rodrigo Fagundes,br BRA,DF,Criciúma,37-068,1987,3,270,90,100.0,3.0,3,90,3,0,,0,1.67,6,2,+4,+1.33,,2.5,3.5,-1.0,-0.34,,Matches
175,Luiz Felipe,br BRA,"DF,MF",Atl Goianiense,30-251,1993,3,186,62,41.3,2.1,2,70,1,1,46,0,0.00,1,3,-2,-0.97,+0.40,2.1,2.0,0.0,+0.01,+0.49,Matches
176,Marcos Felipe,br BRA,GK,Bahia,28-034,1996,6,540,90,100.0,6.0,6,90,6,0,,0,2.17,9,6,+3,+0.50,,8.9,5.3,+3.6,+0.60,,Matches
177,Danilo Fernandes,br BRA,GK,Bahia,36-044,1988,0,,,,,0,,0,0,,4,,,,,,,,,,,,Matches
178,Lucas Fernandes,br BRA,MF,Cuiabá,26-240,1997,3,138,46,38.3,1.5,1,82,0,2,28,1,0.00,0,4,-4,-2.61,-0.18,0.6,2.6,-2.0,-1.29,-0.38,Matches
179,Matheus Fernandes,br BRA,MF,Red Bull Bragantino,25-322,1998,1,34,34,6.3,0.4,0,,0,1,34,2,0.00,0,0,0,0.00,-0.18,0.2,0.0,+0.2,+0.63,+1.42,Matches
180,Nathan Fernandes,br BRA,"FW,MF",Grêmio,19-091,2005,4,115,29,31.9,1.3,0,,0,4,29,0,1.50,1,0,+1,+0.78,+0.78,1.1,1.1,-0.1,-0.05,+0.09,Matches
181,Gatito Fernández,py PAR,GK,Botafogo (RJ),36-049,1988,3,270,90,50.0,3.0,3,90,3,0,,3,2.00,8,4,+4,+1.33,+1.00,5.6,2.8,+2.8,+0.93,+1.52,Matches
182,Fernandinho,br BRA,MF,Ath Paranaense,39-013,1985,6,512,85,94.8,5.7,6,85,5,0,,0,2.17,9,3,+6,+1.05,+1.05,7.4,6.4,+1.0,+0.18,+0.59,Matches
183,Fernando,br BRA,DF,Ath Paranaense,24-246,1999,1,19,19,3.5,0.2,0,,0,1,19,3,3.00,0,0,0,0.00,-1.04,0.1,0.7,-0.5,-2.42,-2.67,Matches
184,Fernando,br BRA,"MF,DF",Internacional,36-297,1987,2,101,51,28.1,1.1,1,90,1,1,11,0,2.00,2,1,+1,+0.89,+0.89,2.1,0.7,+1.4,+1.28,+0.67,Matches
185,Luiz Fernando,br BRA,"FW,MF",Atl Goianiense,27-214,1996,5,442,88,98.2,4.9,5,88,1,0,,0,0.20,2,7,-5,-1.02,+10.23,4.4,4.9,-0.5,-0.09,+10.18,Matches
186,Nahuel Ferraresi,ve VEN,DF,São Paulo,25-180,1998,3,158,53,29.3,1.8,2,68,1,1,23,3,1.00,2,3,-1,-0.57,-1.75,1.6,0.7,+0.9,+0.49,-0.45,Matches
187,Ferreira,br BRA,"MF,FW",São Paulo,26-138,1997,4,106,27,19.6,1.2,0,,0,4,27,1,1.75,3,1,+2,+1.70,+1.28,1.9,1.2,+0.7,+0.58,-0.28,Matches
188,Adriano Filho,br BRA,MF,Criciúma,19-338,2004,0,,,,,0,,0,0,,1,,,,,,,,,,,,Matches
189,Filipinho,br BRA,"MF,FW",Ath Paranaense,22-212,2001,3,54,18,10.0,0.6,1,45,0,2,5,3,2.33,0,1,-1,-1.67,-2.96,0.6,0.5,+0.1,+0.18,+0.03,Matches
190,Kelvin Flórez,co COL,MF,Red Bull Bragantino,20-100,2004,0,,,,,0,,0,0,,1,,,,,,,,,,,,Matches
191,Alan Franco,ec ECU,MF,Atlético Mineiro,25-270,1998,5,357,71,79.3,4.0,4,84,3,1,22,0,1.80,8,3,+5,+1.26,+0.29,4.9,3.3,+1.6,+0.40,-0.13,Matches
192,Alan Franco,ar ARG,DF,São Paulo,27-219,1996,4,318,80,58.9,3.5,4,80,2,0,,2,2.50,6,2,+4,+1.13,+1.13,6.0,1.8,+4.1,+1.17,+0.89,Matches
193,Lucas Freitas,br BRA,DF,Juventude,23-118,2001,1,37,37,10.3,0.4,1,37,0,0,,2,0.00,0,2,-2,-4.86,-4.86,0.1,1.8,-1.7,-4.12,-3.97,Matches
194,Marlon Freitas,br BRA,MF,Botafogo (RJ),29-051,1995,5,319,64,59.1,3.5,4,73,3,1,27,0,1.40,9,4,+5,+1.41,+1.41,6.1,4.3,+1.8,+0.50,+0.81,Matches
195,Bruno Fuchs,br BRA,DF,Atlético Mineiro,25-046,1999,1,85,85,18.9,0.9,1,85,0,0,,0,3.00,3,0,+3,+3.18,+2.44,2.1,0.0,+2.1,+2.23,+2.22,Matches
196,Gabriel,br BRA,DF,Bahia,23-011,2001,5,450,90,83.3,5.0,5,90,5,0,,1,2.60,8,4,+4,+0.80,+1.80,8.3,3.5,+4.8,+0.96,+2.16,Matches
197,Gabriel,br BRA,MF,Ath Paranaense,31-312,1992,0,,,,,0,,0,0,,3,,,,,,,,,,,,Matches
198,Gabriel,br BRA,GK,Juventude,31-233,1992,4,360,90,100.0,4.0,4,90,4,0,,0,1.25,5,7,-2,-0.50,,3.6,5.8,-2.2,-0.55,,Matches
199,Marquinhos Gabriel,br BRA,MF,Criciúma,33-301,1990,3,232,77,85.9,2.6,3,77,1,0,,0,1.67,5,2,+3,+1.16,-1.20,2.2,2.9,-0.8,-0.30,+0.27,Matches
200,Zé Gabriel,br BRA,MF,Vasco da Gama,25-117,1999,2,65,33,12.0,0.7,0,,0,2,33,2,0.00,1,1,0,0.00,+0.95,1.6,0.6,+1.0,+1.41,+1.77,Matches
201,Pablo Galdames Millán,cl CHI,MF,Vasco da Gama,27-139,1996,6,411,69,76.1,4.6,5,73,1,1,45,0,1.00,5,8,-3,-0.66,+0.74,4.3,6.5,-2.2,-0.48,-1.40,Matches
202,Giuliano Galoppo,ar ARG,MF,São Paulo,24-334,1999,4,152,38,28.1,1.7,1,58,0,3,31,2,2.25,4,1,+3,+1.78,+1.54,3.4,0.5,+2.9,+1.72,+1.27,Matches
203,Léo Gamalho,br BRA,FW,Vitória,38-108,1986,1,17,17,3.8,0.2,0,,0,1,17,0,0.00,0,1,-1,-5.29,-4.25,0.2,0.0,+0.2,+0.81,+1.64,Matches
204,Mateo Gamarra,py PAR,DF,Ath Paranaense,23-210,2000,3,270,90,50.0,3.0,3,90,3,0,,3,2.33,4,1,+3,+1.00,0.00,4.5,3.5,+1.0,+0.32,+0.33,Matches
205,Ganso,br BRA,MF,Fluminense,34-218,1989,5,360,72,66.7,4.0,5,72,1,0,,0,1.00,6,8,-2,-0.50,+0.50,4.3,4.9,-0.7,-0.17,+0.57,Matches
206,García,br BRA,DF,Palmeiras,22-134,2002,0,,,,,0,,0,0,,1,,,,,,,,,,,,Matches
207,Erick Garcia,br BRA,DF,Criciúma,18-348,2005,0,,,,,0,,0,0,,2,,,,,,,,,,,,Matches
208,Luan Garcia,br BRA,DF,Palmeiras,31-007,1993,3,237,79,43.9,2.6,3,79,2,0,,3,1.33,1,1,0,0.00,0.00,2.3,2.3,0.0,-0.02,-0.68,Matches
209,Rodrigo Garro,ar ARG,MF,Corinthians,26-134,1998,6,509,85,94.3,5.7,6,85,3,0,,0,0.83,3,5,-2,-0.35,-0.35,6.9,5.4,+1.5,+0.27,-0.50,Matches
210,Wesley Gasolina,br BRA,MF,Cruzeiro,24-065,2000,0,,,,,0,,0,0,,2,,,,,,,,,,,,Matches
211,Pedro Geromel,br BRA,DF,Grêmio,38-239,1985,1,90,90,25.0,1.0,1,90,1,0,,0,3.00,2,0,+2,+2.00,+2.33,1.1,0.2,+0.9,+0.93,+1.40,Matches
212,Gerson,br BRA,"FW,MF",Flamengo,26-363,1997,6,266,44,49.3,3.0,2,90,2,4,22,0,1.83,4,3,+1,+0.34,+0.01,4.7,3.6,+1.2,+0.40,+0.43,Matches
213,Gilberto,br BRA,DF,Bahia,31-071,1993,0,,,,,0,,0,0,,6,,,,,,,,,,,,Matches
214,Gilberto,br BRA,FW,Juventude,34-347,1989,1,17,17,4.7,0.2,1,17,0,0,,0,1.00,0,0,0,0.00,+0.52,0.1,0.4,-0.3,-1.67,-1.17,Matches
215,Luciano Giménez,ar ARG,FW,Cuiabá,24-089,2000,2,57,29,15.8,0.6,0,,0,2,29,2,0.00,0,2,-2,-3.16,-0.78,0.4,1.4,-1.0,-1.56,-0.60,Matches
216,Giovane,br BRA,DF,Corinthians,20-175,2003,1,12,12,2.2,0.1,0,,0,1,12,3,1.00,0,0,0,0.00,+0.34,0.1,0.3,-0.3,-2.01,-2.36,Matches
217,Leonardo Godoy,ar ARG,DF,Ath Paranaense,29-019,1995,6,401,67,74.3,4.5,5,71,1,1,45,0,2.17,7,2,+5,+1.12,+0.47,6.1,3.7,+2.4,+0.54,+1.48,Matches
218,Bruno Gomes,br BRA,MF,Internacional,23-043,2001,2,58,29,16.1,0.6,1,45,0,1,13,2,1.50,0,0,0,0.00,-0.30,0.7,0.3,+0.3,+0.50,-0.36,Matches
219,Igor Gomes,br BRA,MF,Atlético Mineiro,25-061,1999,5,198,40,44.0,2.2,2,55,0,3,29,0,1.80,4,0,+4,+1.82,+1.10,2.3,1.2,+1.1,+0.51,+0.15,Matches
220,Igor Gomes,br BRA,DF,Internacional,23-072,2001,1,3,3,0.8,0.0,0,,0,1,3,3,3.00,0,0,0,0.00,-0.25,0.0,0.2,-0.2,-6.60,-7.46,Matches
221,William Gomes,br BRA,DF,São Paulo,18-063,2006,1,26,26,4.8,0.3,0,,0,1,26,3,0.00,1,2,-1,-3.46,-4.34,0.2,0.3,-0.1,-0.29,-1.15,Matches
222,Gustavo Gómez,py PAR,DF,Palmeiras,31-011,1993,5,450,90,83.3,5.0,5,90,5,0,,0,1.00,2,3,-1,-0.20,-1.20,6.3,3.5,+2.7,+0.55,+1.10,Matches
223,Léo Gonçalves,br BRA,MF,Criciúma,22-024,2002,0,,,,,0,,0,0,,2,,,,,,,,,,,,Matches
224,Mateus Gonçalves Martins,br BRA,"MF,FW",Vitória,29-232,1994,4,210,53,46.7,2.3,1,61,0,3,50,1,0.25,3,6,-3,-1.29,-0.16,2.5,4.9,-2.4,-1.03,-0.49,Matches
225,Matheus Gonçalves,br BRA,FW,Flamengo,18-273,2005,0,,,,,0,,0,0,,3,,,,,,,,,,,,Matches
226,Yony González,co COL,"MF,FW",Atl Goianiense,29-311,1994,3,100,33,22.2,1.1,0,,0,3,33,0,0.00,1,2,-1,-0.90,+0.39,1.7,1.5,+0.2,+0.17,+0.58,Matches
227,Gregore,br BRA,MF,Botafogo (RJ),30-076,1994,5,284,57,52.6,3.2,3,81,1,2,21,1,1.40,4,4,0,0.00,-1.76,3.8,3.3,+0.5,+0.16,-0.02,Matches
228,Guga,br BRA,DF,Fluminense,25-262,1998,2,57,29,10.6,0.6,1,45,0,1,12,3,0.33,2,5,-3,-4.74,-4.55,0.3,1.3,-1.0,-1.65,-1.45,Matches
229,Guilherme,br BRA,DF,Criciúma,21-277,2002,0,,,,,0,,0,0,,1,,,,,,,,,,,,Matches
230,Guilherme,br BRA,DF,Red Bull Bragantino,22-093,2002,2,111,56,20.6,1.2,1,90,1,1,21,4,2.00,2,1,+1,+0.81,+0.81,1.0,1.8,-0.8,-0.65,+0.07,Matches
231,Luis Guilherme,br BRA,"FW,DF",Palmeiras,18-098,2006,4,138,35,25.6,1.5,1,57,0,3,27,2,1.75,1,0,+1,+0.65,+0.88,2.0,0.9,+1.1,+0.69,+0.44,Matches
232,Zé Guilherme,br BRA,DF,Grêmio,19-062,2005,3,82,27,22.8,0.9,1,53,0,2,15,1,1.00,1,0,+1,+1.10,+1.10,0.6,1.7,-1.1,-1.24,-1.46,Matches
233,Gustavinho,br BRA,MF,Red Bull Bragantino,20-024,2004,6,387,65,71.7,4.3,6,65,1,0,,0,1.50,4,4,0,0.00,-0.59,2.7,5.8,-3.1,-0.72,-0.06,Matches
234,Gustavo,br BRA,GK,Criciúma,31-068,1993,1,90,90,33.3,1.0,1,90,1,0,,0,3.00,4,0,+4,+4.00,+4.00,1.4,1.9,-0.5,-0.46,-0.18,Matches
235,Luiz Gustavo,br BRA,DF,Atl Goianiense,20-353,2003,0,,,,,0,,0,0,,1,,,,,,,,,,,,Matches
236,Luiz Gustavo,br BRA,"DF,MF",São Paulo,36-299,1987,0,,,,,0,,0,0,,3,,,,,,,,,,,,Matches
237,Ryan Gustavo,br BRA,MF,Corinthians,20-307,2003,0,,,,,0,,0,0,,3,,,,,,,,,,,,Matches
238,Lucas Halter,br BRA,DF,Botafogo (RJ),24-015,2000,5,431,86,79.8,4.8,5,86,4,0,,1,1.80,10,6,+4,+0.84,+0.01,6.7,6.2,+0.4,+0.09,-0.38,Matches
239,Thiago Heleno,br BRA,DF,Ath Paranaense,35-243,1988,3,270,90,50.0,3.0,3,90,3,0,,0,2.00,5,2,+3,+1.00,0.00,3.0,3.0,0.0,-0.01,-0.33,Matches
240,Helinho,br BRA,FW,Red Bull Bragantino,24-022,2000,2,107,54,19.8,1.2,1,90,1,1,17,1,0.50,0,2,-2,-1.68,-2.31,0.5,1.4,-0.9,-0.74,-0.05,Matches
241,Bruno Henrique,br BRA,FW,Flamengo,33-139,1990,5,390,78,72.2,4.3,4,86,3,1,45,0,1.60,4,4,0,0.00,-1.20,5.0,3.2,+1.8,+0.42,+0.84,Matches
242,Bruno Henrique,br BRA,MF,Internacional,34-209,1989,4,234,59,65.0,2.6,3,63,0,1,45,0,1.75,4,2,+2,+0.77,+1.48,4.2,2.1,+2.0,+0.78,-0.07,Matches
243,Gustavo Henrique,br BRA,DF,Corinthians,31-054,1993,3,251,84,46.5,2.8,3,84,2,0,,0,0.33,0,4,-4,-1.43,-2.06,2.7,3.4,-0.7,-0.25,-1.01,Matches
244,Luiz Henrique,br BRA,"MF,FW",Botafogo (RJ),23-136,2001,5,323,65,59.8,3.6,5,65,1,0,,1,1.40,5,5,0,0.00,-2.07,3.2,4.8,-1.6,-0.46,-1.56,Matches
245,Paulo Henrique,br BRA,DF,Vasco da Gama,27-297,1996,6,452,75,83.7,5.0,5,88,3,1,11,0,1.00,4,11,-7,-1.39,-3.44,6.2,8.2,-1.9,-0.38,-1.46,Matches
246,Pedro Henrique,br BRA,DF,Ath Paranaense,28-228,1995,0,,,,,0,,0,0,,2,,,,,,,,,,,,Matches
247,Pedro Henrique,br BRA,FW,Corinthians,33-336,1990,2,75,38,13.9,0.8,2,38,0,0,,2,1.50,0,1,-1,-1.20,-1.01,0.6,0.5,+0.2,+0.23,-0.08,Matches
248,Pedro Henrique,br BRA,DF,Red Bull Bragantino,28-228,1995,3,270,90,50.0,3.0,3,90,3,0,,0,0.67,2,3,-1,-0.33,-1.00,1.6,4.2,-2.6,-0.88,-0.35,Matches
249,Hércules,br BRA,MF,Fortaleza,23-210,2000,5,354,71,78.7,3.9,4,83,2,1,21,0,1.40,3,2,+1,+0.25,+0.25,3.2,3.4,-0.2,-0.04,-0.30,Matches
250,Marcelo Hermes,br BRA,"DF,MF",Criciúma,29-106,1995,3,270,90,100.0,3.0,3,90,3,0,,0,1.67,6,2,+4,+1.33,,2.5,3.5,-1.0,-0.34,,Matches
251,Diego Hernández,uy URU,"FW,MF",Botafogo (RJ),23-330,2000,4,121,30,22.4,1.3,0,,0,4,30,1,1.75,4,2,+2,+1.49,+0.84,2.3,1.5,+0.7,+0.55,+0.49,Matches
252,Lucca Holanda,br BRA,"FW,DF",Internacional,21-045,2003,4,125,31,34.7,1.4,2,54,0,2,9,0,1.75,1,1,0,0.00,-0.38,1.7,0.9,+0.8,+0.59,-0.33,Matches
253,Hugo,br BRA,"DF,MF",Corinthians,26-262,1997,6,500,83,92.6,5.6,6,83,4,0,,0,0.83,3,5,-2,-0.36,-0.36,6.5,5.4,+1.1,+0.21,-1.21,Matches
254,Hugo,br BRA,DF,Botafogo (RJ),22-240,2001,5,360,72,66.7,4.0,4,79,3,1,45,1,1.80,9,4,+5,+1.25,+1.25,5.9,4.9,+1.0,+0.26,+0.27,Matches
255,Vitor Hugo Amorim,br BRA,MF,Cruzeiro,20-089,2004,1,25,25,5.6,0.3,0,,0,1,25,2,3.00,1,0,+1,+3.60,+3.60,0.3,0.2,+0.1,+0.35,+0.48,Matches
256,José Hugo,br BRA,DF,Vitória,24-213,1999,2,30,15,6.7,0.3,0,,0,2,15,3,0.00,1,0,+1,+3.00,+4.50,1.4,0.8,+0.6,+1.68,+2.63,Matches
257,Victor Hugo,br BRA,FW,Flamengo,20-006,2004,3,21,7,3.9,0.2,0,,0,3,7,3,3.00,1,1,0,0.00,-0.35,1.0,0.5,+0.5,+2.09,+1.99,Matches
258,Hulk,br BRA,FW,Atlético Mineiro,37-297,1986,4,330,83,73.3,3.7,4,83,1,0,,0,1.50,4,2,+2,+0.55,-2.45,2.4,3.3,-0.8,-0.23,-2.47,Matches
259,José Hurtado,ec ECU,DF,Red Bull Bragantino,22-146,2001,3,270,90,50.0,3.0,3,90,3,0,,0,2.33,5,3,+2,+0.67,+1.00,2.6,4.1,-1.6,-0.53,+0.35,Matches
260,Igor,br BRA,MF,Flamengo,21-071,2003,2,47,24,8.7,0.5,1,36,0,1,11,4,2.00,0,1,-1,-1.91,-2.46,0.6,0.7,-0.1,-0.27,-0.49,Matches
261,Gabriel Inocêncio,br BRA,DF,Juventude,29-271,1994,3,270,90,75.0,3.0,3,90,3,0,,1,1.33,4,6,-2,-0.67,-0.67,2.4,4.6,-2.1,-0.71,-0.63,Matches
262,Isaac,br BRA,FW,Atlético Mineiro,20-052,2004,0,,,,,0,,0,0,,3,,,,,,,,,,,,Matches
263,Isaac,br BRA,DF,Fluminense,20-023,2004,1,12,12,2.2,0.1,0,,0,1,12,4,0.00,0,0,0,0.00,+0.68,0.1,0.1,0.0,-0.19,+0.17,Matches
264,Zé Ivaldo,br BRA,"DF,MF",Cruzeiro,27-086,1997,4,315,79,70.0,3.5,3,90,3,1,45,1,2.25,7,3,+4,+1.14,+3.14,3.8,3.9,0.0,-0.01,+0.32,Matches
265,Jader,br BRA,FW,Ath Paranaense,20-298,2003,0,,,,,0,,0,0,,3,,,,,,,,,,,,Matches
266,Jadsom,br BRA,MF,Red Bull Bragantino,22-363,2001,6,371,62,68.7,4.1,4,77,2,2,33,0,1.50,5,6,-1,-0.24,-1.31,2.7,6.5,-3.8,-0.92,-0.71,Matches
267,Jadson,br BRA,MF,Juventude,30-261,1993,3,269,90,74.7,3.0,3,90,2,0,,0,1.67,4,2,+2,+0.67,+4.63,3.3,2.9,+0.4,+0.12,+2.69,Matches
268,Janderson,br BRA,"FW,DF",Vitória,25-011,1999,3,175,58,38.9,1.9,2,73,0,1,29,0,0.00,1,5,-4,-2.06,-1.40,1.0,3.5,-2.5,-1.28,-0.82,Matches
269,Janderson,br BRA,FW,Botafogo (RJ),25-011,1999,0,,,,,0,,0,0,,1,,,,,,,,,,,,Matches
270,Jandrei,br BRA,GK,São Paulo,31-077,1993,0,,,,,0,,0,0,,6,,,,,,,,,,,,Matches
271,Léo Jardim,br BRA,GK,Vasco da Gama,29-058,1995,6,540,90,100.0,6.0,6,90,6,0,,0,1.00,6,11,-5,-0.83,,8.0,8.9,-0.9,-0.15,,Matches
272,Jeffinho,br BRA,"FW,MF",Botafogo (RJ),24-139,1999,6,324,54,60.0,3.6,5,59,0,1,31,0,1.67,7,3,+4,+1.11,+0.69,6.0,3.4,+2.5,+0.71,+1.35,Matches
273,Jemerson,br BRA,DF,Atlético Mineiro,31-267,1992,3,203,68,45.1,2.3,3,68,1,0,,1,1.67,3,1,+2,+0.89,-0.57,1.7,2.0,-0.3,-0.15,-1.06,Matches
274,Caíque de Jesus Gonçalves,br BRA,MF,Juventude,28-220,1995,4,342,86,95.0,3.8,4,86,3,0,,0,1.25,5,7,-2,-0.53,-0.53,3.5,5.7,-2.2,-0.57,-0.30,Matches
275,Jhosefer,br BRA,FW,Cruzeiro,20-069,2004,0,,,,,0,,0,0,,1,,,,,,,,,,,,Matches
276,John,br BRA,GK,Botafogo (RJ),28-094,1996,3,270,90,50.0,3.0,3,90,3,0,,3,1.33,4,3,+1,+0.33,-1.00,2.4,4.2,-1.8,-0.59,-1.52,Matches
277,Felipe Jonatan,br BRA,DF,Fortaleza,26-092,1998,2,148,74,32.9,1.6,2,74,1,0,,1,1.00,2,2,0,0.00,-0.30,1.5,1.0,+0.5,+0.33,+0.45,Matches
278,Jhonatan Jowjow,br BRA,MF,Palmeiras,21-251,2002,0,,,,,0,,0,0,,4,,,,,,,,,,,,Matches
279,Daniel Jr,br BRA,"MF,FW",Vitória,22-008,2002,2,31,16,6.9,0.3,0,,0,2,16,2,0.00,0,1,-1,-2.90,-1.83,0.2,0.9,-0.7,-2.04,-1.36,Matches
280,Luciano Juba,br BRA,DF,Bahia,24-262,1999,6,540,90,100.0,6.0,6,90,6,0,,0,2.17,9,6,+3,+0.50,,8.9,5.3,+3.6,+0.60,,Matches
281,Julimar,br BRA,"FW,MF",Ath Paranaense,23-113,2001,6,307,51,56.9,3.4,3,54,0,3,48,0,2.17,5,1,+4,+1.17,+0.40,5.2,3.4,+1.8,+0.52,+0.86,Matches
282,Justen,br BRA,DF,Fluminense,20-319,2003,0,,,,,0,,0,0,,1,,,,,,,,,,,,Matches
283,Kaiki,br BRA,DF,Cruzeiro,21-070,2003,0,,,,,0,,0,0,,5,,,,,,,,,,,,Matches
284,Lucas Kal,br BRA,"MF,DF",Atl Goianiense,28-062,1996,2,119,60,26.4,1.3,1,82,0,1,37,3,0.00,0,2,-2,-1.51,-0.42,1.4,1.0,+0.4,+0.27,+0.74,Matches
285,Walter Kannemann,ar ARG,DF,Grêmio,33-064,1991,2,103,52,28.6,1.1,2,52,1,0,,0,1.00,1,1,0,0.00,-0.35,0.1,1.4,-1.3,-1.16,-1.46,Matches
286,Kanu,br BRA,DF,Bahia,27-071,1997,4,360,90,66.7,4.0,4,90,4,0,,2,2.25,5,3,+2,+0.50,0.00,5.4,3.3,+2.1,+0.52,-0.25,Matches
287,Alan Kardec,br BRA,FW,Atlético Mineiro,35-126,1989,1,12,12,2.7,0.1,0,,0,1,12,4,3.00,0,0,0,0.00,-1.23,0.0,0.2,-0.2,-1.58,-2.07,Matches
288,Kauan,br BRA,MF,Fortaleza,19-031,2005,0,,,,,0,,0,0,,4,,,,,,,,,,,,Matches
289,Kauê,br BRA,MF,Botafogo (RJ),19-208,2004,0,,,,,0,,0,0,,1,,,,,,,,,,,,Matches
290,Renato Kayser,br BRA,FW,Criciúma,28-090,1996,1,85,85,31.5,0.9,1,85,0,0,,0,1.00,1,1,0,0.00,-1.95,0.7,0.6,+0.1,+0.09,+0.63,Matches
291,Renato Kayser,br BRA,FW,Fortaleza,28-090,1996,4,228,57,50.7,2.5,3,72,1,1,11,0,1.00,2,3,-1,-0.39,-1.21,3.0,2.0,+1.0,+0.38,+0.72,Matches
292,Keiller,br BRA,GK,Vasco da Gama,27-201,1996,0,,,,,0,,0,0,,5,,,,,,,,,,,,Matches
293,John Kennedy,br BRA,FW,Fluminense,21-365,2002,4,119,30,22.0,1.3,0,,0,4,30,0,1.00,1,2,-1,-0.76,-0.11,1.2,1.5,-0.3,-0.19,+0.21,Matches
294,Keno,br BRA,FW,Fluminense,34-250,1989,1,78,78,14.4,0.9,1,78,0,0,,0,0.00,1,1,0,0.00,+0.78,0.4,1.3,-0.9,-1.04,-0.79,Matches
295,Kleiton,br BRA,FW,Juventude,25-024,1999,1,29,29,8.1,0.3,0,,0,1,29,3,1.00,0,1,-1,-3.10,-2.83,0.9,0.5,+0.5,+1.40,+2.13,Matches
296,Gabriel Knesowitsch,br BRA,DF,Cuiabá,20-212,2003,2,160,80,44.4,1.8,1,90,1,1,70,2,0.00,0,3,-3,-1.69,+1.46,1.0,2.4,-1.4,-0.81,+0.44,Matches
297,Maurício Kozlinski,br BRA,GK,Fortaleza,32-334,1991,0,,,,,0,,0,0,,1,,,,,,,,,,,,Matches
298,Benjamín Kuscevic,cl CHI,DF,Fortaleza,28-015,1996,2,180,90,40.0,2.0,2,90,2,0,,0,2.00,3,2,+1,+0.50,+0.50,1.0,1.1,-0.1,-0.06,-0.14,Matches
299,Derik Lacerda,br BRA,"MF,FW",Cuiabá,24-233,1999,4,245,61,68.1,2.7,3,74,0,1,24,0,0.00,0,8,-8,-2.94,-1.37,0.8,5.2,-4.5,-1.64,-1.83,Matches
300,Ignacio Laquintana,uy URU,"FW,MF",Red Bull Bragantino,25-106,1999,4,165,41,30.6,1.8,2,68,1,2,15,2,2.00,2,2,0,0.00,-0.24,1.4,2.6,-1.2,-0.65,+0.07,Matches
301,Lázaro,br BRA,"FW,MF",Palmeiras,22-066,2002,6,232,39,43.0,2.6,2,60,0,4,28,0,1.33,1,2,-1,-0.39,-0.68,3.2,2.1,+1.1,+0.43,+0.12,Matches
302,Mauricio Lemos,uy URU,DF,Atlético Mineiro,28-141,1995,4,247,62,54.9,2.7,3,75,2,1,22,1,2.00,2,1,+1,+0.36,-1.85,2.1,1.3,+0.9,+0.31,-0.26,Matches
303,Willean Lepo,br BRA,DF,Vitória,27-122,1997,3,74,25,16.4,0.8,2,29,0,1,17,1,0.33,0,0,0,0.00,+1.44,0.4,0.6,-0.2,-0.30,+0.57,Matches
304,Lima,br BRA,MF,Fluminense,27-341,1996,6,410,68,75.9,4.6,5,79,3,1,17,0,0.83,6,8,-2,-0.44,+0.95,4.9,6.2,-1.3,-0.28,+0.33,Matches
305,Leonardo Linck,br BRA,GK,Ath Paranaense,23-075,2001,0,,,,,0,,0,0,,6,,,,,,,,,,,,Matches
306,Lincoln,br BRA,MF,Red Bull Bragantino,25-192,1998,3,83,28,15.4,0.9,0,,0,3,28,0,0.67,0,1,-1,-1.08,-1.48,0.4,1.8,-1.4,-1.54,-0.99,Matches
307,Marcelo Lomba,br BRA,GK,Palmeiras,37-151,1986,0,,,,,0,,0,0,,6,,,,,,,,,,,,Matches
308,Gabriel Lopes,br BRA,MF,Red Bull Bragantino,17-310,2006,0,,,,,0,,0,0,,1,,,,,,,,,,,,Matches
309,José López,ar ARG,"FW,DF",Palmeiras,23-163,2000,5,243,49,45.0,2.7,3,62,0,2,29,1,1.00,0,2,-2,-0.74,-1.35,2.5,1.7,+0.8,+0.29,-0.14,Matches
310,Lorran,br BRA,"MF,FW",Flamengo,17-318,2006,4,125,31,23.1,1.4,1,87,0,3,13,2,1.75,4,1,+3,+2.16,+2.38,3.3,2.4,+0.9,+0.63,+0.58,Matches
311,Vágner Love,br BRA,MF,Atl Goianiense,39-341,1984,2,35,18,7.8,0.4,0,,0,2,18,2,0.00,1,2,-1,-2.57,-1.49,0.6,0.1,+0.5,+1.37,+1.78,Matches
312,Lucão,br BRA,GK,Red Bull Bragantino,23-081,2001,2,135,68,25.0,1.5,1,90,1,1,45,4,2.00,4,2,+2,+1.33,+1.56,1.7,2.2,-0.6,-0.37,+0.45,Matches
313,Ayrton Lucas,br BRA,DF,Flamengo,26-333,1997,6,517,86,95.7,5.7,6,86,4,0,,0,1.83,6,4,+2,+0.35,+0.35,6.3,5.8,+0.5,+0.09,-2.17,Matches
314,Jean Lucas,br BRA,MF,Bahia,25-330,1998,6,540,90,100.0,6.0,6,90,6,0,,0,2.17,9,6,+3,+0.50,,8.9,5.3,+3.6,+0.60,,Matches
315,João Lucas,br BRA,DF,Juventude,26-069,1998,4,360,90,100.0,4.0,4,90,4,0,,0,1.25,5,7,-2,-0.50,,3.6,5.8,-2.2,-0.55,,Matches
316,Patrick de Lucca,br BRA,MF,Vasco da Gama,24-076,2000,0,,,,,0,,0,0,,2,,,,,,,,,,,,Matches
317,Luciano,br BRA,"MF,FW",São Paulo,30-365,1993,6,511,85,94.6,5.7,6,85,2,0,,0,1.67,9,5,+4,+0.70,+0.70,8.2,3.4,+4.8,+0.85,+0.78,Matches
318,Jan Lucumí González,co COL,FW,Fluminense,20-096,2004,0,,,,,0,,0,0,,6,,,,,,,,,,,,Matches
319,André Luis,br BRA,"MF,FW",Cuiabá,27-026,1997,4,87,22,24.2,1.0,0,,0,4,22,0,0.00,0,2,-2,-2.07,+0.57,0.6,1.5,-0.9,-0.95,+0.14,Matches
320,Victor Luis,br BRA,DF,Vasco da Gama,30-329,1993,0,,,,,0,,0,0,,6,,,,,,,,,,,,Matches
321,David Luiz,br BRA,"DF,MF",Flamengo,37-025,1987,0,,,,,0,,0,0,,6,,,,,,,,,,,,Matches
322,Machado,br BRA,MF,Cruzeiro,28-118,1996,1,45,45,10.0,0.5,1,45,0,0,,3,0.00,0,3,-3,-6.00,-6.89,0.3,1.0,-0.7,-1.37,-1.41,Matches
323,Imanol Machuca,ar ARG,"MF,FW",Fortaleza,24-123,2000,5,140,28,31.1,1.6,1,63,0,4,19,0,1.40,3,1,+2,+1.29,+1.58,1.6,1.1,+0.5,+0.31,+0.41,Matches
324,Guilherme Madruga,br BRA,MF,Cuiabá,23-188,2000,1,24,24,6.7,0.3,0,,0,1,24,2,0.00,0,1,-1,-3.75,-1.34,0.2,0.8,-0.6,-2.16,-1.19,Matches
325,Mádson,br BRA,DF,Ath Paranaense,32-125,1992,5,139,28,25.7,1.5,1,45,0,4,24,1,2.00,2,1,+1,+0.65,-0.47,1.3,2.8,-1.5,-0.94,-1.48,Matches
326,Maguinho,br BRA,"DF,FW",Atl Goianiense,31-132,1993,3,180,60,40.0,2.0,2,89,0,1,2,1,0.33,2,2,0,0.00,+2.00,2.0,2.2,-0.2,-0.11,+0.28,Matches
327,Pablo Maia,br BRA,MF,São Paulo,22-128,2002,3,259,86,48.0,2.9,3,86,1,0,,0,1.00,5,4,+1,+0.35,-0.61,2.7,1.7,+1.0,+0.34,-0.89,Matches
328,Thiago Maia,br BRA,MF,Internacional,27-055,1997,4,244,61,67.8,2.7,3,71,1,1,30,0,1.75,2,2,0,0.00,-0.78,4.2,2.1,+2.1,+0.76,-0.15,Matches
329,Walisson Maia,br BRA,DF,Criciúma,32-270,1991,3,201,67,74.4,2.2,2,89,1,1,24,0,1.67,3,2,+1,+0.45,-3.47,1.9,1.9,+0.1,+0.02,+1.41,Matches
330,Maicon,br BRA,DF,Vasco da Gama,35-246,1988,5,360,72,66.7,4.0,3,90,3,2,45,1,0.60,4,8,-4,-1.00,-0.50,5.3,6.7,-1.4,-0.35,-0.62,Matches
331,Hugo Mallo,es ESP,DF,Internacional,32-330,1991,1,76,76,21.1,0.8,1,76,0,0,,3,0.00,0,1,-1,-1.18,-1.82,1.2,0.8,+0.4,+0.42,-0.49,Matches
332,Léo Mana,br BRA,DF,Corinthians,20-041,2004,1,9,9,1.7,0.1,0,,0,1,9,0,0.00,0,0,0,0.00,+0.34,0.0,0.0,0.0,+0.20,-0.09,Matches
333,Luis Mandaca,br BRA,"MF,FW",Juventude,22-228,2001,3,97,32,26.9,1.1,1,82,0,2,8,1,1.33,0,5,-5,-4.64,-5.67,1.1,3.2,-2.1,-1.96,-1.93,Matches
334,Manoel,br BRA,DF,Fluminense,34-081,1990,5,381,76,70.6,4.2,5,76,3,0,,0,0.80,6,9,-3,-0.71,-0.14,4.1,6.5,-2.4,-0.56,-0.67,Matches
335,Fernando Marçal,br BRA,DF,Botafogo (RJ),35-088,1989,1,45,45,8.3,0.5,1,45,0,0,,0,0.00,1,1,0,0.00,-0.91,0.9,0.5,+0.4,+0.82,+0.71,Matches
336,Dé Marcão,br BRA,DF,Atl Goianiense,23-002,2001,0,,,,,0,,0,0,,1,,,,,,,,,,,,Matches
337,Marcelinho,br BRA,"MF,FW",Juventude,21-158,2002,4,157,39,43.6,1.7,1,61,0,3,32,0,1.25,3,3,0,0.00,+0.89,0.9,2.3,-1.5,-0.83,-0.50,Matches
338,Marcelo,br BRA,DF,Fluminense,36-005,1988,5,360,72,66.7,4.0,4,89,3,1,6,0,1.00,6,8,-2,-0.50,+0.50,5.4,5.4,0.0,0.00,+1.08,Matches
339,João Marcelo,br BRA,DF,Cruzeiro,23-339,2000,5,361,72,80.2,4.0,4,90,4,1,1,0,2.00,5,5,0,0.00,-1.01,3.4,3.5,-0.1,-0.02,+0.42,Matches
340,Agustín Marchesín,ar ARG,GK,Grêmio,36-062,1988,3,270,90,75.0,3.0,3,90,3,0,,0,2.00,4,2,+2,+0.67,+1.67,3.0,2.4,+0.6,+0.19,+1.23,Matches
341,Zé Marcos,br BRA,DF,Juventude,26-106,1998,3,258,86,71.7,2.9,3,86,2,0,,0,1.67,4,2,+2,+0.70,+4.23,3.2,2.6,+0.6,+0.22,+2.74,Matches
342,Erick Marcus,br BRA,"MF,FW",Vasco da Gama,20-077,2004,2,63,32,11.7,0.7,0,,0,2,32,1,0.00,1,1,0,0.00,+0.94,1.8,1.1,+0.7,+0.94,+1.23,Matches
343,Mariano,br BRA,DF,Atlético Mineiro,37-329,1986,0,,,,,0,,0,0,,5,,,,,,,,,,,,Matches
344,Marinho,br BRA,"FW,DF",Fortaleza,33-354,1990,5,243,49,54.0,2.7,3,68,0,2,20,0,1.40,2,3,-1,-0.37,-1.24,2.3,1.5,+0.8,+0.28,+0.57,Matches
345,Marlon,br BRA,DF,Cruzeiro,26-363,1997,5,450,90,100.0,5.0,5,90,5,0,,0,2.00,8,7,+1,+0.20,,5.0,5.5,-0.5,-0.10,,Matches
346,Marquinhos,br BRA,"DF,FW",Fluminense,21-040,2003,6,537,90,99.4,6.0,6,90,5,0,,0,0.83,8,12,-4,-0.67,-0.67,6.0,7.9,-1.9,-0.31,+8.78,Matches
347,Juan Martín Lucero,ar ARG,FW,Fortaleza,32-169,1991,4,214,54,47.6,2.4,2,81,0,2,27,1,1.50,3,0,+3,+1.26,+2.02,1.3,2.1,-0.8,-0.33,-0.68,Matches
348,Martinelli,br BRA,"MF,DF",Fluminense,23-007,2001,6,495,83,91.7,5.5,6,83,5,0,,0,0.83,8,11,-3,-0.55,+1.45,6.0,7.8,-1.8,-0.33,+0.41,Matches
349,Adriano Martins,br BRA,DF,Atl Goianiense,27-046,1997,3,255,85,56.7,2.8,3,85,2,0,,0,0.33,2,3,-1,-0.35,+1.95,3.4,2.8,+0.7,+0.23,+1.17,Matches
350,Gustavo Martins Santos,br BRA,DF,Grêmio,21-280,2002,3,257,86,71.4,2.9,2,90,2,1,77,0,2.00,4,2,+2,+0.70,+1.57,3.0,2.1,+0.9,+0.30,+1.46,Matches
351,Gonzalo Mastriani,uy URU,FW,Ath Paranaense,31-019,1993,5,147,29,27.2,1.6,1,90,1,4,14,1,2.00,1,2,-1,-0.61,-2.22,0.8,2.5,-1.7,-1.06,-1.67,Matches
352,Fellipe Mateus,br BRA,MF,Criciúma,33-095,1991,3,262,87,97.0,2.9,3,87,1,0,,0,1.67,6,2,+4,+1.37,+1.37,2.4,3.4,-1.0,-0.35,-0.28,Matches
353,Matheusinho,br BRA,"FW,MF",Vitória,26-212,1997,5,394,79,87.6,4.4,5,79,2,0,,0,0.20,4,10,-6,-1.37,-1.37,3.6,7.5,-3.9,-0.90,-1.01,Matches
354,Matheusinho,br BRA,"FW,MF",Criciúma,26-096,1998,2,25,13,9.3,0.3,0,,0,2,13,1,1.00,1,0,+1,+3.60,+2.50,0.3,0.5,-0.2,-0.86,-0.58,Matches
355,Matheuzinho,br BRA,"DF,FW",Corinthians,23-252,2000,4,198,50,36.7,2.2,1,90,1,3,36,1,1.25,0,1,-1,-0.45,-0.19,2.6,1.2,+1.5,+0.67,+0.59,Matches
356,Mauricio,br BRA,MF,Internacional,22-361,2001,4,336,84,93.3,3.7,4,84,1,0,,0,1.75,3,3,0,0.00,-3.75,6.0,3.0,+3.1,+0.82,+0.31,Matches
357,Max,br BRA,"MF,FW",Atl Goianiense,21-324,2002,4,43,11,9.6,0.5,0,,0,4,11,1,0.25,0,2,-2,-4.19,-3.30,0.1,1.5,-1.4,-2.86,-2.86,Matches
358,Max,br BRA,MF,Cuiabá,23-005,2001,1,15,15,4.2,0.2,0,,0,1,15,0,0.00,0,0,0,0.00,+2.61,0.0,0.3,-0.3,-1.75,-0.72,Matches
359,Maycon,br BRA,MF,Corinthians,26-307,1997,2,47,24,8.7,0.5,0,,0,2,24,0,0.50,0,2,-2,-3.83,-3.83,0.5,1.1,-0.6,-1.21,-1.65,Matches
360,Mayke,br BRA,DF,Palmeiras,31-189,1992,5,340,68,63.0,3.8,4,81,2,1,18,1,1.00,1,3,-2,-0.53,-1.43,3.7,3.7,0.0,0.00,-0.99,Matches
361,Gary Medel,cl CHI,DF,Vasco da Gama,36-288,1987,2,108,54,20.0,1.2,2,54,0,0,,2,1.50,2,1,+1,+0.83,+2.08,2.0,0.7,+1.4,+1.14,+1.60,Matches
362,Eduardo Melo,br BRA,FW,Criciúma,23-004,2001,0,,,,,0,,0,0,,1,,,,,,,,,,,,Matches
363,Felipe Melo,br BRA,DF,Fluminense,40-326,1983,4,206,52,38.1,2.3,4,52,0,0,,1,1.25,3,4,-1,-0.44,+0.37,2.7,2.8,-0.2,-0.08,+0.45,Matches
364,Douglas Mendes,br BRA,DF,Red Bull Bragantino,19-339,2004,3,270,90,50.0,3.0,3,90,3,0,,2,2.33,5,3,+2,+0.67,+1.00,2.6,4.1,-1.6,-0.53,+0.35,Matches
365,Matheus Mendes,br BRA,GK,Atlético Mineiro,25-068,1999,0,,,,,0,,0,0,,5,,,,,,,,,,,,Matches
366,Nathan Mendes,br BRA,DF,Red Bull Bragantino,21-272,2002,3,270,90,50.0,3.0,3,90,3,0,,0,0.67,2,3,-1,-0.33,-1.00,1.6,4.2,-2.6,-0.88,-0.35,Matches
367,Vinicius Mendonça,br BRA,FW,Red Bull Bragantino,20-087,2004,0,,,,,0,,0,0,,1,,,,,,,,,,,,Matches
368,Gabriel Menino,br BRA,MF,Palmeiras,23-231,2000,5,281,56,52.0,3.1,3,78,1,2,23,1,1.40,3,2,+1,+0.32,+0.67,4.3,2.4,+1.9,+0.61,+0.50,Matches
369,Gabriel Mercado,ar ARG,DF,Internacional,37-060,1987,3,225,75,62.5,2.5,2,90,2,1,45,1,2.33,4,2,+2,+0.80,+1.47,4.6,2.1,+2.5,+1.01,+0.57,Matches
370,Higor Meritão,br BRA,MF,Criciúma,29-329,1994,3,255,85,94.4,2.8,3,85,2,0,,0,1.67,6,2,+4,+1.41,+1.41,2.3,3.2,-0.9,-0.32,+0.31,Matches
371,Carlos Miguel,br BRA,GK,Corinthians,25-221,1998,3,270,90,50.0,3.0,3,90,3,0,,2,1.25,3,2,+1,+0.33,+1.33,4.6,3.2,+1.5,+0.49,+0.40,Matches
372,Lucas Mineiro,br BRA,MF,Cuiabá,28-083,1996,2,102,51,28.3,1.1,1,90,1,1,12,1,0.00,0,4,-4,-3.53,-1.44,0.5,2.0,-1.5,-1.30,-0.34,Matches
373,Moises,br BRA,FW,Fortaleza,27-258,1996,5,137,27,30.4,1.5,0,,0,5,27,0,1.40,2,2,0,0.00,-0.29,1.7,1.7,0.0,+0.03,+0.01,Matches
374,Jacob Montes,ni NCA,"FW,MF",Botafogo (RJ),25-210,1998,1,19,19,3.5,0.2,0,,0,1,19,3,3.00,1,1,0,0.00,-0.86,0.1,0.2,-0.1,-0.26,-0.44,Matches
375,João Moreira,pt POR,DF,São Paulo,19-362,2004,0,,,,,0,,0,0,,3,,,,,,,,,,,,Matches
376,Aníbal Moreno,ar ARG,MF,Palmeiras,25-004,1999,4,351,88,65.0,3.9,4,88,3,0,,0,1.25,2,1,+1,+0.26,+0.73,4.2,2.4,+1.8,+0.47,+0.30,Matches
377,Henry Mosquera,co COL,"FW,MF",Red Bull Bragantino,22-184,2001,6,389,65,72.0,4.3,4,79,2,2,38,0,1.50,5,3,+2,+0.46,+1.06,3.3,5.7,-2.3,-0.53,+0.60,Matches
378,Gustavo Mosquito,br BRA,FW,Corinthians,26-253,1997,4,159,40,29.4,1.8,1,45,0,3,38,2,1.00,3,1,+2,+1.13,+2.08,2.3,2.0,+0.3,+0.19,-0.14,Matches
379,Jean Mota,br BRA,MF,Vitória,30-215,1993,3,78,26,17.3,0.9,0,,0,3,26,2,0.00,1,1,0,0.00,+1.45,1.6,1.1,+0.5,+0.55,+1.60,Matches
380,Hugo Moura,br BRA,MF,Vasco da Gama,26-135,1998,3,130,43,24.1,1.4,2,43,0,1,45,0,0.00,1,5,-4,-2.77,-2.55,3.1,2.5,+0.6,+0.42,+0.75,Matches
381,Mycael,br BRA,GK,Ath Paranaense,20-066,2004,0,,,,,0,,0,0,,4,,,,,,,,,,,,Matches
382,Léo Naldi,br BRA,MF,Vitória,22-273,2001,2,74,37,16.4,0.8,1,45,0,1,29,3,0.50,1,1,0,0.00,+1.44,0.6,0.7,-0.2,-0.23,+0.65,Matches
383,Matheus Nascimento,br BRA,FW,Botafogo (RJ),20-075,2004,1,24,24,4.4,0.3,1,24,0,0,,1,3.00,0,0,0,0.00,-0.87,0.2,0.0,+0.2,+0.81,+0.67,Matches
384,Nata,br BRA,"MF,DF",Grêmio,22-347,2001,2,8,4,2.2,0.1,0,,0,2,4,2,3.00,0,0,0,0.00,-0.26,0.0,0.0,0.0,-0.29,-0.18,Matches
385,Nathan,br BRA,"FW,MF",Grêmio,28-065,1996,0,,,,,0,,0,0,,4,,,,,,,,,,,,Matches
386,Kaiky Naves,br BRA,FW,Palmeiras,22-009,2002,1,1,1,0.2,0.0,0,,0,1,1,2,3.00,0,0,0,0.00,0.00,0.1,0.0,+0.1,+8.84,+8.49,Matches
387,Nenê,br BRA,"MF,FW",Juventude,42-303,1981,4,267,67,74.2,3.0,4,67,0,0,,0,1.25,3,4,-1,-0.34,+0.63,2.2,4.2,-2.1,-0.70,-0.55,Matches
388,Neris,br BRA,DF,Cruzeiro,31-335,1992,4,231,58,51.3,2.6,3,77,1,1,1,1,1.75,3,6,-3,-1.17,-2.81,2.7,3.7,-1.0,-0.38,-0.58,Matches
389,Rodrigo Nestor,br BRA,"MF,FW",São Paulo,23-282,2000,4,161,40,29.8,1.8,2,64,0,2,17,2,2.25,5,3,+2,+1.12,+0.64,3.6,0.8,+2.8,+1.57,+1.08,Matches
390,José Vitor Silva Neves,br BRA,"FW,MF",Ath Paranaense,24-015,2000,3,86,29,15.9,1.0,0,,0,3,29,3,2.00,1,1,0,0.00,-1.19,0.1,1.2,-1.0,-1.08,-1.47,Matches
391,Newton,br BRA,MF,Criciúma,24-066,2000,1,15,15,5.6,0.2,0,,0,1,15,0,3.00,0,0,0,0.00,-1.41,0.2,0.3,-0.1,-0.63,-0.31,Matches
392,Nikão,br BRA,"FW,MF",Ath Paranaense,31-293,1992,3,120,40,22.2,1.3,1,60,0,2,30,0,2.33,3,0,+3,+2.25,+1.61,1.8,2.3,-0.5,-0.35,-0.65,Matches
393,Gustavo Nunes,br BRA,FW,Grêmio,18-179,2005,4,203,51,56.4,2.3,1,89,0,3,38,0,1.50,2,0,+2,+0.89,+1.46,1.9,2.3,-0.4,-0.17,-0.13,Matches
394,Cauly Oliveira Souza,br BRA,"MF,FW",Bahia,28-245,1995,6,463,77,85.7,5.1,5,84,1,1,45,0,2.17,8,6,+2,+0.39,-0.78,7.3,4.9,+2.4,+0.46,-0.97,Matches
395,Leo Ortiz,br BRA,DF,Flamengo,28-135,1996,2,93,47,17.2,1.0,1,90,1,1,3,4,2.00,1,1,0,0.00,-0.40,1.8,0.6,+1.1,+1.09,+1.09,Matches
396,Osvaldo,br BRA,"MF,FW",Vitória,37-036,1987,4,245,61,54.4,2.7,4,61,0,0,,0,0.25,3,6,-3,-1.10,+0.22,2.9,5.1,-2.2,-0.81,-0.09,Matches
397,Otávio,br BRA,MF,Atlético Mineiro,30-013,1994,5,450,90,100.0,5.0,5,90,5,0,,0,1.80,9,3,+6,+1.20,,5.8,3.7,+2.1,+0.43,,Matches
398,Pablo,br BRA,"FW,MF",Ath Paranaense,31-329,1992,5,374,75,69.3,4.2,5,75,0,0,,0,2.60,8,1,+7,+1.68,+2.23,6.5,3.4,+3.2,+0.76,+1.98,Matches
399,Pablo,br BRA,GK,Vasco da Gama,21-096,2003,0,,,,,0,,0,0,,1,,,,,,,,,,,,Matches
400,Pablo,br BRA,DF,Botafogo (RJ),32-331,1991,1,29,29,5.4,0.3,0,,0,1,29,1,3.00,1,0,+1,+3.10,+2.40,0.1,0.0,+0.1,+0.51,+0.35,Matches
401,Juan Pablo,br BRA,DF,Cuiabá,22-022,2002,0,,,,,0,,0,0,,1,,,,,,,,,,,,Matches
402,Bruno Pacheco,br BRA,DF,Fortaleza,32-161,1991,4,302,76,67.1,3.4,3,90,3,1,32,1,1.50,3,2,+1,+0.30,+0.30,2.8,3.3,-0.4,-0.13,-0.45,Matches
403,Brahian Palacios,co COL,FW,Atlético Mineiro,21-175,2002,0,,,,,0,,0,0,,2,,,,,,,,,,,,Matches
404,Helibelton Palacios,co COL,DF,Cruzeiro,30-341,1993,0,,,,,0,,0,0,,3,,,,,,,,,,,,Matches
405,Mateus Pasinato,br BRA,GK,Cuiabá,31-324,1992,0,,,,,0,,0,0,,4,,,,,,,,,,,,Matches
406,Patryck,br BRA,DF,São Paulo,21-120,2003,1,89,89,16.5,1.0,1,89,0,0,,4,3.00,2,1,+1,+1.01,+0.41,1.8,0.6,+1.2,+1.18,+0.45,Matches
407,Patrick de Paula,br BRA,MF,Botafogo (RJ),24-252,1999,1,11,11,2.0,0.1,0,,0,1,11,5,3.00,0,0,0,0.00,-0.85,0.1,0.5,-0.4,-3.50,-3.75,Matches
408,Paulinho,br BRA,FW,Atlético Mineiro,23-307,2000,5,403,81,89.6,4.5,5,81,0,0,,0,1.80,9,2,+7,+1.56,+3.48,5.2,2.9,+2.3,+0.52,+0.88,Matches
409,Paulinho,br BRA,MF,Corinthians,35-297,1988,6,118,20,21.9,1.3,1,45,0,5,15,0,0.83,0,1,-1,-0.76,-0.55,1.4,1.7,-0.3,-0.23,-0.68,Matches
410,Caio Paulista,br BRA,"DF,FW",Palmeiras,26-006,1998,0,,,,,0,,0,0,,6,,,,,,,,,,,,Matches
411,Cristian Pavón,ar ARG,FW,Grêmio,28-117,1996,2,111,56,30.8,1.2,2,56,0,0,,0,1.50,2,2,0,0.00,-0.36,1.2,0.7,+0.4,+0.36,+0.69,Matches
412,Dimitri Payet,fr FRA,MF,Vasco da Gama,37-049,1987,2,111,56,20.6,1.2,2,56,0,0,,0,1.50,2,1,+1,+0.81,+2.07,2.5,0.6,+1.9,+1.56,+2.15,Matches
413,Pedrão,br BRA,DF,Atl Goianiense,31-151,1992,2,105,53,23.3,1.2,1,90,1,1,15,3,0.00,0,2,-2,-1.71,-0.67,0.9,1.5,-0.6,-0.53,-0.33,Matches
414,Pedrinho,br BRA,MF,Atlético Mineiro,26-034,1998,1,25,25,5.6,0.3,0,,0,1,25,4,3.00,1,0,+1,+3.60,+2.54,0.8,0.2,+0.6,+2.08,+1.75,Matches
415,Pedro,br BRA,FW,Flamengo,26-332,1997,6,450,75,83.3,5.0,5,81,4,1,45,0,1.83,6,5,+1,+0.20,-0.80,6.3,4.6,+1.7,+0.34,+0.93,Matches
416,João Pedro,br BRA,FW,Cruzeiro,21-105,2003,1,9,9,2.0,0.1,0,,0,1,9,0,3.00,0,0,0,0.00,-0.20,0.0,0.2,-0.2,-1.79,-1.73,Matches
417,João Pedro,br BRA,MF,Vasco da Gama,19-028,2005,1,17,17,3.1,0.2,0,,0,1,17,3,3.00,0,0,0,0.00,+0.86,0.3,0.1,+0.2,+1.17,+1.35,Matches
418,João Pedro,br BRA,DF,Corinthians,20-138,2003,0,,,,,0,,0,0,,1,,,,,,,,,,,,Matches
419,João Pedro,it ITA,FW,Grêmio,32-069,1992,4,207,52,57.5,2.3,2,72,0,2,32,0,1.50,4,0,+4,+1.74,+3.50,2.9,2.0,+0.9,+0.38,+1.17,Matches
420,João Pedro,br BRA,DF,Grêmio,27-184,1996,3,270,90,75.0,3.0,3,90,3,0,,1,1.00,2,3,-1,-0.33,-2.33,2.0,3.4,-1.4,-0.46,-1.40,Matches
421,Léo Pelé,br BRA,DF,Vasco da Gama,28-072,1996,6,540,90,100.0,6.0,6,90,6,0,,0,1.00,6,11,-5,-0.83,,8.0,8.9,-0.9,-0.15,,Matches
422,Carlos de Pena,uy URU,"MF,FW",Bahia,32-067,1992,6,76,13,14.1,0.8,0,,0,6,13,0,2.17,1,1,0,0.00,-0.58,1.6,0.4,+1.2,+1.38,+0.91,Matches
423,Léo Pereira,br BRA,DF,Flamengo,28-107,1996,6,526,88,97.4,5.8,6,88,5,0,,0,1.83,6,5,+1,+0.17,-6.26,6.2,5.9,+0.2,+0.04,-5.47,Matches
424,Matheus Pereira,pt POR,FW,Cruzeiro,28-012,1996,5,439,88,97.6,4.9,5,88,2,0,,0,2.00,7,6,+1,+0.21,+0.21,4.5,5.0,-0.5,-0.09,+0.37,Matches
425,Yago Pikachu,br BRA,"DF,FW",Fortaleza,31-347,1992,5,232,46,51.6,2.6,3,66,0,2,17,0,1.40,1,0,+1,+0.39,+0.39,1.8,2.8,-1.0,-0.38,-0.83,Matches
426,Joaquín Piquerez,uy URU,DF,Palmeiras,25-267,1998,5,432,86,80.0,4.8,5,86,4,0,,1,1.00,2,3,-1,-0.21,-1.04,6.3,3.4,+2.9,+0.60,+1.15,Matches
427,Rafael Pires,br BRA,GK,São Paulo,34-329,1989,6,540,90,100.0,6.0,6,90,6,0,,0,1.67,10,6,+4,+0.67,,8.4,3.6,+4.8,+0.81,,Matches
428,Lucas Piton,br BRA,DF,Vasco da Gama,23-221,2000,6,540,90,100.0,6.0,6,90,6,0,,0,1.00,6,11,-5,-0.83,,8.0,8.9,-0.9,-0.15,,Matches
429,Isidro Pitta,py PAR,FW,Cuiabá,24-277,1999,4,206,52,57.2,2.3,3,64,0,1,14,0,0.00,0,4,-4,-1.75,+1.76,1.4,2.4,-1.0,-0.43,+1.46,Matches
430,Tomas Pochettino,ar ARG,MF,Fortaleza,28-106,1996,4,323,81,71.8,3.6,4,81,1,0,,1,1.50,4,2,+2,+0.56,+1.27,2.4,3.2,-0.8,-0.22,-0.87,Matches
431,Mateo Ponte,uy URU,DF,Botafogo (RJ),20-359,2003,4,296,74,54.8,3.3,4,74,2,0,,2,1.75,6,4,+2,+0.61,-0.50,4.7,3.1,+1.7,+0.51,+0.75,Matches
432,Werik Popó,br BRA,FW,Juventude,22-213,2001,2,22,11,6.1,0.2,0,,0,2,11,1,2.00,0,0,0,0.00,+0.53,1.0,0.4,+0.6,+2.51,+3.27,Matches
433,Gustavo Prado,br BRA,"FW,MF",Internacional,18-346,2005,4,109,27,30.3,1.2,0,,0,4,27,0,1.75,1,1,0,0.00,-0.36,2.2,1.4,+0.9,+0.72,-0.12,Matches
434,Bruno Praxedes,br BRA,MF,Vasco da Gama,22-099,2002,1,24,24,4.4,0.3,0,,0,1,24,2,3.00,0,1,-1,-3.75,-3.05,0.6,1.4,-0.8,-2.90,-2.89,Matches
435,Erick Pulgar,cl CHI,MF,Flamengo,30-123,1994,4,315,79,58.3,3.5,4,79,3,0,,0,1.75,4,2,+2,+0.57,+0.57,3.3,2.9,+0.4,+0.11,-0.17,Matches
436,Du Queiroz,br BRA,MF,Grêmio,24-119,2000,4,227,57,63.1,2.5,3,73,1,1,8,0,1.50,2,3,-1,-0.40,-1.75,1.9,2.6,-0.7,-0.27,-0.41,Matches
437,Igor Rabello,br BRA,DF,Atlético Mineiro,29-019,1995,4,188,47,41.8,2.1,1,90,1,3,33,1,2.00,3,1,+2,+0.96,-0.42,2.6,1.2,+1.4,+0.66,+0.39,Matches
438,Zé Rafael,br BRA,MF,Palmeiras,30-336,1993,2,90,45,16.7,1.0,1,81,0,1,9,0,1.50,0,2,-2,-2.00,-2.40,1.4,1.0,+0.5,+0.47,+0.12,Matches
439,Railan,br BRA,DF,Cuiabá,24-068,2000,1,90,90,25.0,1.0,1,90,1,0,,3,0.00,0,4,-4,-4.00,-2.00,0.3,2.0,-1.6,-1.64,-0.78,Matches
440,Eric Ramires,br BRA,"MF,FW",Red Bull Bragantino,23-281,2000,6,316,53,58.5,3.5,3,66,0,3,40,0,1.50,6,3,+3,+0.85,+1.66,2.7,4.2,-1.5,-0.43,+0.65,Matches
441,Ramon,br BRA,DF,Cuiabá,23-065,2001,1,70,70,19.4,0.8,1,70,0,0,,1,0.00,0,1,-1,-1.29,+1.51,0.2,0.8,-0.6,-0.74,+0.39,Matches
442,Pedro Rangel,br BRA,GK,Atl Goianiense,23-323,2000,0,,,,,0,,0,0,,5,,,,,,,,,,,,Matches
443,Raniele,br BRA,"MF,DF",Corinthians,27-138,1996,5,395,79,73.1,4.4,5,79,2,0,,0,1.00,3,3,0,0.00,+1.24,5.1,3.2,+1.9,+0.43,+0.49,Matches
444,Rafael Ratão,br BRA,FW,Bahia,28-169,1995,3,37,12,6.9,0.4,0,,0,3,12,3,3.00,1,0,+1,+2.43,+2.07,1.3,0.2,+1.0,+2.52,+2.06,Matches
445,Raul,br BRA,MF,Red Bull Bragantino,27-311,1996,3,129,43,23.9,1.4,2,50,0,1,30,0,2.33,1,1,0,0.00,-0.22,1.2,1.8,-0.6,-0.41,+0.38,Matches
446,Pedro Raul,br BRA,FW,Corinthians,27-194,1996,4,154,39,28.5,1.7,1,90,1,3,21,2,0.50,0,2,-2,-1.17,-1.17,2.0,1.9,+0.2,+0.09,-0.29,Matches
447,Leonardo Realpe,ec ECU,DF,Red Bull Bragantino,23-081,2001,0,,,,,0,,0,0,,4,,,,,,,,,,,,Matches
448,Renan,br BRA,FW,Ath Paranaense,21-107,2003,0,,,,,0,,0,0,,1,,,,,,,,,,,,Matches
449,Robert Renan,br BRA,DF,Internacional,20-219,2003,2,103,52,28.6,1.1,1,90,1,1,13,1,1.50,0,1,-1,-0.87,-1.57,1.6,1.5,+0.1,+0.05,-1.06,Matches
450,Renê,br BRA,DF,Internacional,31-246,1992,4,360,90,100.0,4.0,4,90,4,0,,0,1.75,4,3,+1,+0.25,,6.5,3.3,+3.2,+0.80,,Matches
451,Rezende,br BRA,"MF,DF",Bahia,29-136,1995,6,197,33,36.5,2.2,1,90,1,5,21,0,2.17,4,3,+1,+0.46,-0.07,3.9,2.9,+1.0,+0.44,-0.25,Matches
452,Rhaldney,br BRA,MF,Atl Goianiense,25-179,1998,4,243,61,54.0,2.7,3,66,1,1,45,0,0.25,1,5,-4,-1.48,-0.61,1.4,3.9,-2.5,-0.91,-1.38,Matches
453,Rhyan,br BRA,GK,Cuiabá,18-135,2006,0,,,,,0,,0,0,,2,,,,,,,,,,,,Matches
454,Everton Ribeiro,br BRA,"MF,FW",Bahia,35-037,1989,6,416,69,77.0,4.6,6,69,0,0,,0,2.17,6,4,+2,+0.43,-0.29,5.4,4.3,+1.1,+0.25,-1.55,Matches
455,Wesley Ribeiro,br BRA,FW,Corinthians,19-073,2005,6,427,71,79.1,4.7,5,81,4,1,22,0,0.83,3,2,+1,+0.21,+2.60,6.0,3.9,+2.1,+0.44,+0.67,Matches
456,João Ricardo Riedi,br BRA,GK,Fortaleza,35-254,1988,5,450,90,100.0,5.0,5,90,5,0,,0,1.40,5,4,+1,+0.20,,4.4,4.2,+0.1,+0.02,,Matches
457,Rikelme,br BRA,DF,Cuiabá,20-306,2003,4,299,75,83.1,3.3,3,90,3,1,29,0,0.00,0,9,-9,-2.71,-1.23,2.1,5.7,-3.6,-1.09,-0.22,Matches
458,Rildo,br BRA,"MF,FW",Juventude,24-117,2000,2,36,18,10.0,0.4,0,,0,2,18,2,1.00,0,0,0,0.00,+0.56,1.0,0.2,+0.8,+1.96,+2.79,Matches
459,Richard Ríos,co COL,MF,Palmeiras,23-350,2000,6,349,58,64.6,3.9,4,73,1,2,30,0,1.33,2,1,+1,+0.26,+0.73,3.9,3.7,+0.2,+0.04,-0.91,Matches
460,Robert,br BRA,DF,Cruzeiro,19-034,2005,1,11,11,2.4,0.1,0,,0,1,11,3,1.00,1,0,+1,+8.18,+8.18,0.1,0.1,0.0,-0.09,+0.02,Matches
461,Cauã da Rocha,br BRA,DF,Juventude,19-156,2004,0,,,,,0,,0,0,,4,,,,,,,,,,,,Matches
462,Kaique Rocha,br BRA,DF,Ath Paranaense,23-079,2001,6,540,90,100.0,6.0,6,90,6,0,,0,2.17,9,3,+6,+1.00,,7.4,6.5,+0.9,+0.15,,Matches
463,Marcos Rocha,br BRA,DF,Palmeiras,35-158,1988,4,200,50,37.0,2.2,2,81,1,2,19,2,1.25,2,0,+2,+0.90,+1.43,3.4,1.2,+2.2,+0.99,+0.99,Matches
464,Pedro Rocha Neves,br BRA,FW,Fortaleza,29-230,1994,0,,,,,0,,0,0,,2,,,,,,,,,,,,Matches
465,Sergio Rochet,uy URU,GK,Internacional,31-055,1993,4,360,90,100.0,4.0,4,90,4,0,,0,1.75,4,3,+1,+0.25,,6.5,3.3,+3.2,+0.80,,Matches
466,Yeferson Rodallega,co COL,DF,Atl Goianiense,23-176,2000,0,,,,,0,,0,0,,5,,,,,,,,,,,,Matches
467,Rodrigo,br BRA,MF,São Paulo,20-062,2004,2,53,27,9.8,0.6,0,,0,2,27,0,3.00,2,0,+2,+3.40,+3.03,1.5,0.2,+1.2,+2.10,+1.43,Matches
468,Emiliano Rodríguez,uy URU,FW,Atl Goianiense,20-306,2003,5,281,56,62.4,3.1,4,66,0,1,19,0,0.20,1,5,-4,-1.28,-0.22,2.4,2.8,-0.4,-0.13,+0.39,Matches
469,James Rodríguez,co COL,MF,São Paulo,32-310,1991,2,38,19,7.0,0.4,0,,0,2,19,0,0.50,1,2,-1,-2.37,-3.26,0.2,0.3,-0.1,-0.20,-1.08,Matches
470,Robert Rojas,py PAR,DF,Vasco da Gama,28-017,1996,1,4,4,0.7,0.0,0,,0,1,4,5,3.00,0,0,0,0.00,+0.84,0.3,0.0,+0.2,+5.44,+5.63,Matches
471,Guilherme Romão,br BRA,DF,Atl Goianiense,26-223,1997,5,450,90,100.0,5.0,5,90,5,0,,0,0.20,2,8,-6,-1.20,,4.5,5.9,-1.4,-0.28,,Matches
472,Ángel Romero,py PAR,FW,Corinthians,31-318,1992,6,404,67,74.8,4.5,5,74,1,1,33,0,0.83,3,3,0,0.00,+1.32,5.8,3.6,+2.2,+0.49,+0.76,Matches
473,Lucas Romero,ar ARG,MF,Cruzeiro,30-029,1994,4,355,89,78.9,3.9,4,89,2,0,,0,2.50,7,4,+3,+0.76,+2.66,4.0,4.4,-0.4,-0.10,+0.02,Matches
474,Óscar Romero,py PAR,"FW,MF",Botafogo (RJ),31-318,1992,4,134,34,24.8,1.5,1,56,0,3,26,2,1.00,3,3,0,0.00,-1.11,1.1,2.4,-1.4,-0.91,-1.43,Matches
475,Rômulo,br BRA,DF,Atlético Mineiro,20-107,2004,1,45,45,10.0,0.5,0,,0,1,45,3,1.00,2,1,+1,+2.00,+0.89,1.0,0.7,+0.3,+0.68,+0.27,Matches
476,Romulo,br BRA,MF,Internacional,24-077,2000,2,85,43,23.6,0.9,1,60,0,1,25,2,1.50,0,0,0,0.00,-0.33,0.5,1.5,-1.0,-1.09,-2.47,Matches
477,Romulo,br BRA,MF,Palmeiras,22-223,2001,3,53,18,9.8,0.6,0,,0,3,18,3,1.00,1,0,+1,+1.70,+1.88,2.3,0.3,+1.9,+3.31,+3.26,Matches
478,Ronald,br BRA,MF,Criciúma,26-334,1997,0,,,,,0,,0,0,,1,,,,,,,,,,,,Matches
479,Ronald,br BRA,MF,Grêmio,21-096,2003,1,6,6,1.7,0.1,0,,0,1,6,3,3.00,0,0,0,0.00,-0.25,0.0,0.2,-0.2,-2.55,-2.48,Matches
480,Ronaldo,br BRA,GK,Atl Goianiense,27-269,1996,5,450,90,100.0,5.0,5,90,5,0,,0,0.20,2,8,-6,-1.20,,4.5,5.9,-1.4,-0.28,,Matches
481,Budiga Roni,br BRA,MF,Atl Goianiense,25-032,1999,2,135,68,30.0,1.5,2,68,1,0,,1,0.50,1,2,-1,-0.67,+0.76,0.5,2.3,-1.8,-1.17,-1.28,Matches
482,Rony,br BRA,FW,Palmeiras,29-006,1995,6,319,53,59.1,3.5,3,79,1,3,28,0,1.33,3,1,+2,+0.56,+1.38,4.4,3.2,+1.2,+0.35,-0.05,Matches
483,Matheus Rossetto,br BRA,MF,Fortaleza,27-349,1996,1,90,90,20.0,1.0,1,90,1,0,,2,1.00,1,1,0,0.00,-0.25,0.6,0.6,0.0,+0.04,+0.02,Matches
484,Rossi,br BRA,FW,Vasco da Gama,31-025,1993,5,220,44,40.7,2.4,5,44,0,0,,1,1.20,2,2,0,0.00,+1.41,1.6,2.1,-0.4,-0.18,-0.06,Matches
485,Agustín Rossi,ar ARG,GK,Flamengo,28-270,1995,6,540,90,100.0,6.0,6,90,6,0,,0,1.83,7,5,+2,+0.33,,7.0,5.9,+1.1,+0.18,,Matches
486,Ruan,br BRA,"MF,FW",Juventude,19-014,2005,2,49,25,13.6,0.5,0,,0,2,25,2,1.50,1,3,-2,-3.67,-3.67,0.3,1.3,-1.0,-1.86,-1.51,Matches
487,Rubens,br BRA,DF,Atlético Mineiro,22-331,2001,1,9,9,2.0,0.1,1,9,0,0,,1,1.00,0,0,0,0.00,-1.22,0.1,0.0,+0.1,+0.70,+0.28,Matches
488,Alan Ruschel,br BRA,DF,Juventude,34-268,1989,1,90,90,25.0,1.0,1,90,1,0,,0,1.00,1,1,0,0.00,+0.67,1.2,1.3,-0.1,-0.08,+0.63,Matches
489,José Sabino,br BRA,DF,São Paulo,27-205,1996,0,,,,,0,,0,0,,5,,,,,,,,,,,,Matches
490,Rodrigo Sam,br BRA,DF,Juventude,28-298,1995,3,150,50,41.7,1.7,1,90,1,2,30,0,1.33,2,4,-2,-1.20,-1.20,0.9,2.2,-1.3,-0.78,-0.39,Matches
491,Alex Santana,br BRA,"MF,FW",Ath Paranaense,29-004,1995,3,100,33,18.5,1.1,0,,0,3,33,3,2.00,1,1,0,0.00,-1.23,0.6,0.9,-0.3,-0.24,-0.48,Matches
492,Santos,br BRA,GK,Fortaleza,34-061,1990,0,,,,,0,,0,0,,5,,,,,,,,,,,,Matches
493,Ademir Santos,br BRA,"FW,MF",Bahia,29-091,1995,5,178,36,33.0,2.0,2,64,0,3,17,1,2.60,3,4,-1,-0.51,-1.50,2.9,2.4,+0.4,+0.22,-0.56,Matches
494,Allyson Aires dos Santos,br BRA,DF,Cuiabá,33-207,1990,1,90,90,25.0,1.0,1,90,1,0,,3,0.00,0,4,-4,-4.00,-2.00,0.3,2.0,-1.6,-1.64,-0.78,Matches
495,Eduardo Santos,br BRA,DF,Red Bull Bragantino,26-171,1997,3,225,75,41.7,2.5,2,90,2,1,45,2,0.67,1,2,-1,-0.40,-0.97,1.3,3.4,-2.2,-0.87,-0.29,Matches
496,Juan Santos,br BRA,FW,São Paulo,22-072,2002,2,61,31,11.3,0.7,1,60,0,1,1,4,1.50,1,1,0,0.00,-0.75,1.2,0.6,+0.6,+0.92,+0.13,Matches
497,Júnior Santos,br BRA,"FW,MF",Botafogo (RJ),29-219,1994,6,431,72,79.8,4.8,5,79,2,1,34,0,1.67,9,5,+4,+0.84,+0.01,6.9,5.7,+1.2,+0.25,+0.40,Matches
498,Luis Eduardo Marques dos Santos,br BRA,DF,Fortaleza,26-353,1997,0,,,,,0,,0,0,,4,,,,,,,,,,,,Matches
499,Renzo Saravia,ar ARG,DF,Atlético Mineiro,30-336,1993,5,450,90,100.0,5.0,5,90,5,0,,0,1.80,9,3,+6,+1.20,,5.8,3.7,+2.1,+0.43,,Matches
500,Eduardo Sasha,br BRA,FW,Red Bull Bragantino,32-083,1992,5,374,75,69.3,4.2,5,75,1,0,,0,1.80,6,4,+2,+0.48,+1.02,3.3,5.9,-2.6,-0.63,+0.22,Matches
501,Lucas Sasha,br BRA,MF,Fortaleza,34-077,1990,3,100,33,22.2,1.1,1,69,0,2,16,0,1.67,2,3,-1,-0.90,-1.41,1.2,0.6,+0.6,+0.55,+0.68,Matches
502,Jefferson Savarino,ve VEN,"MF,FW",Botafogo (RJ),27-188,1996,6,364,61,67.4,4.0,3,90,3,3,31,0,1.67,9,5,+4,+0.99,+0.48,5.5,5.6,-0.1,-0.03,-0.62,Matches
503,Gustavo Scarpa,br BRA,"MF,FW",Atlético Mineiro,30-133,1994,5,316,63,70.2,3.5,4,77,0,1,9,0,1.80,8,2,+6,+1.71,+1.71,4.2,2.5,+1.7,+0.48,+0.17,Matches
504,Mateus Schaffer,br BRA,,Juventude,17-033,2007,0,,,,,0,,0,0,,1,,,,,,,,,,,,Matches
505,Cleiton Schwengber,br BRA,GK,Red Bull Bragantino,26-272,1997,5,405,81,75.0,4.5,5,81,4,0,,0,1.20,3,4,-1,-0.22,-1.56,2.5,6.1,-3.7,-0.81,-0.45,Matches
506,Luis Segovia,ec ECU,DF,Botafogo (RJ),26-204,1997,0,,,,,0,,0,0,,3,,,,,,,,,,,,Matches
507,Juan Sforza,ar ARG,MF,Vasco da Gama,22-093,2002,6,412,69,76.3,4.6,5,79,3,1,17,0,1.00,6,9,-3,-0.66,+0.75,6.6,5.7,+0.9,+0.20,+1.48,Matches
508,Shaylon,br BRA,"MF,FW",Atl Goianiense,27-020,1997,5,431,86,95.8,4.8,5,86,4,0,,0,0.20,2,7,-5,-1.04,+3.69,4.4,5.6,-1.2,-0.26,+0.41,Matches
509,André Silva,br BRA,"MF,FW",São Paulo,26-349,1997,6,282,47,52.2,3.1,3,76,1,3,18,0,1.67,6,2,+4,+1.28,+1.28,3.9,1.8,+2.1,+0.66,-0.31,Matches
510,Jhonatan Silva,br BRA,DF,Fortaleza,24-309,1999,0,,,,,0,,0,0,,1,,,,,,,,,,,,Matches
511,Luan Silva,br BRA,MF,Vitória,25-003,1999,3,131,44,29.1,1.5,2,59,0,1,13,1,0.33,1,4,-3,-2.06,-1.21,0.5,2.3,-1.8,-1.27,-0.70,Matches
512,Lucas Silva,br BRA,MF,Cruzeiro,31-091,1993,5,381,76,84.7,4.2,5,76,0,0,,0,2.00,5,6,-1,-0.24,-2.84,3.8,4.8,-1.0,-0.24,-0.87,Matches
513,Rafael Silva,br BRA,FW,Cruzeiro,32-043,1992,5,347,69,77.1,3.9,5,69,0,0,,0,2.00,5,6,-1,-0.26,-2.01,3.6,4.7,-1.1,-0.29,-0.80,Matches
514,Everton Soares,br BRA,FW,Flamengo,28-056,1996,3,144,48,26.7,1.6,3,48,0,0,,0,3.00,3,0,+3,+1.87,+2.10,1.8,2.2,-0.4,-0.23,-0.57,Matches
515,Tiquinho Soares,br BRA,FW,Botafogo (RJ),33-121,1991,3,200,67,37.0,2.2,2,67,0,1,66,0,2.00,6,2,+4,+1.80,+1.54,5.0,2.1,+2.9,+1.29,+1.78,Matches
516,Fernando Sobral,br BRA,MF,Cuiabá,29-152,1994,4,284,71,78.9,3.2,4,71,1,0,,0,0.00,0,7,-7,-2.22,+1.33,1.9,5.1,-3.2,-1.00,+0.24,Matches
517,Yeferson Soteldo,ve VEN,FW,Grêmio,26-322,1997,4,268,67,74.4,3.0,4,67,0,0,,0,1.50,3,3,0,0.00,-0.98,2.1,2.4,-0.4,-0.12,-0.03,Matches
518,Igor Vinícius de Souza,br BRA,DF,São Paulo,27-046,1997,6,490,82,90.7,5.4,6,82,4,0,,0,1.67,8,4,+4,+0.73,+0.73,7.2,3.2,+4.0,+0.74,-0.70,Matches
519,Raul Steffens,br BRA,GK,Botafogo (RJ),26-294,1997,0,,,,,0,,0,0,,2,,,,,,,,,,,,Matches
520,Everaldo Stum,br BRA,FW,Bahia,32-317,1991,6,255,43,47.2,2.8,3,68,0,3,17,0,2.17,5,1,+4,+1.41,+1.73,5.4,0.9,+4.5,+1.60,+1.89,Matches
521,Damián Suárez,uy URU,DF,Botafogo (RJ),36-020,1988,4,235,59,43.5,2.6,2,86,1,2,32,0,1.75,6,2,+4,+1.53,+1.24,3.2,2.9,+0.3,+0.11,-0.11,Matches
522,Talisson,br BRA,FW,Red Bull Bragantino,21-362,2002,1,14,14,2.6,0.2,0,,0,1,14,5,0.00,0,0,0,0.00,-0.17,0.2,0.0,+0.2,+1.18,+1.93,Matches
523,Tchê Tchê,br BRA,MF,Botafogo (RJ),31-261,1992,4,279,70,51.7,3.1,2,90,2,2,50,0,1.75,4,3,+1,+0.32,-1.06,3.2,3.0,+0.1,+0.04,-0.27,Matches
524,Matheus Teixeira,br BRA,GK,Criciúma,25-070,1999,0,,,,,0,,0,0,,3,,,,,,,,,,,,Matches
525,David Terans,uy URU,"MF,FW",Fluminense,29-280,1994,3,53,18,9.8,0.6,0,,0,3,18,3,0.33,0,3,-3,-5.09,-4.91,0.3,1.3,-1.0,-1.66,-1.44,Matches
526,Thaciano,br BRA,FW,Bahia,29-005,1995,6,470,78,87.0,5.2,6,78,0,0,,0,2.17,8,5,+3,+0.57,+0.57,7.4,5.0,+2.4,+0.46,-1.06,Matches
527,Thiaguinho,br BRA,MF,Juventude,27-036,1997,2,44,22,12.2,0.5,0,,0,2,22,2,0.50,1,1,0,0.00,+0.57,0.3,0.3,0.0,0.00,+0.63,Matches
528,Guilherme Tinga,br BRA,DF,Fortaleza,30-259,1993,5,368,74,81.8,4.1,4,90,4,1,8,0,1.40,3,4,-1,-0.24,-2.44,4.0,3.8,+0.2,+0.05,+0.17,Matches
529,Titi,br BRA,DF,Fortaleza,36-066,1988,5,450,90,100.0,5.0,5,90,5,0,,0,1.40,5,4,+1,+0.20,,4.4,4.2,+0.1,+0.02,,Matches
530,Félix Torres Caicedo,ec ECU,DF,Corinthians,27-127,1997,6,540,90,100.0,6.0,6,90,6,0,,0,0.83,3,5,-2,-0.33,,7.3,5.5,+1.8,+0.30,,Matches
531,Miguel Trauco,pe PER,"DF,MF",Criciúma,31-266,1992,2,95,48,35.2,1.1,1,90,1,1,5,1,1.00,1,1,0,0.00,-2.06,0.4,1.0,-0.6,-0.61,-0.42,Matches
532,Bruno Tubarão,br BRA,DF,Atl Goianiense,29-073,1995,4,360,90,80.0,4.0,4,90,4,0,,0,0.25,1,6,-5,-1.25,-0.25,2.9,4.7,-1.8,-0.45,-0.85,Matches
533,Bruno Uvini,br BRA,DF,Vitória,32-349,1991,3,270,90,60.0,3.0,3,90,3,0,,2,0.33,4,8,-4,-1.33,-0.33,2.2,6.6,-4.4,-1.47,-1.75,Matches
534,Vanderlan,br BRA,DF,Palmeiras,21-253,2002,2,108,54,20.0,1.2,1,90,1,1,18,4,2.00,1,0,+1,+0.83,+1.04,0.8,1.4,-0.7,-0.56,-1.15,Matches
535,Guillermo Varela,uy URU,DF,Flamengo,31-054,1993,4,335,84,62.0,3.7,4,84,3,0,,1,1.75,4,2,+2,+0.54,+0.54,3.9,2.9,+1.0,+0.27,+0.22,Matches
536,Eduardo Vargas,cl CHI,FW,Atlético Mineiro,34-179,1989,5,134,27,29.8,1.5,1,90,1,4,11,0,1.80,5,1,+4,+2.69,+2.12,3.4,0.9,+2.6,+1.71,+1.83,Matches
537,Pablo Vegetti,ar ARG,FW,Vasco da Gama,35-215,1988,6,522,87,96.7,5.8,6,87,5,0,,0,1.00,6,11,-5,-0.86,-0.86,7.8,8.7,-0.9,-0.16,-0.43,Matches
538,Raphael Veiga,br BRA,MF,Palmeiras,28-333,1995,5,400,80,74.1,4.4,5,80,2,0,,0,1.00,1,3,-2,-0.45,-1.74,4.1,4.4,-0.3,-0.06,-1.65,Matches
539,Fausto Vera,ar ARG,MF,Corinthians,24-052,2000,4,190,48,35.2,2.1,2,77,0,2,19,1,0.50,0,1,-1,-0.47,-0.22,1.7,1.1,+0.6,+0.28,-0.02,Matches
540,Gabriel Veron,br BRA,"FW,MF",Cruzeiro,21-257,2002,4,79,20,17.6,0.9,0,,0,4,20,1,1.75,3,1,+2,+2.28,+2.52,1.6,0.7,+0.9,+1.03,+1.37,Matches
541,João Victor,br BRA,DF,Vasco da Gama,25-305,1998,4,219,55,40.6,2.4,2,62,0,2,48,2,1.50,2,3,-1,-0.41,+0.71,2.7,4.1,-1.4,-0.57,-0.72,Matches
542,Marcos Victor,br BRA,DF,Bahia,22-143,2001,0,,,,,0,,0,0,,1,,,,,,,,,,,,Matches
543,Felipe Vieira,,DF,Fluminense,,,4,132,33,24.4,1.5,0,,0,4,33,2,0.50,1,4,-3,-2.05,-1.82,1.5,1.7,-0.2,-0.14,+0.29,Matches
544,Viery,br BRA,DF,Grêmio,19-136,2005,0,,,,,0,,0,0,,1,,,,,,,,,,,,Matches
545,Lucas Villalba,ar ARG,DF,Cruzeiro,29-272,1994,0,,,,,0,,0,0,,5,,,,,,,,,,,,Matches
546,Mathías Villasanti,py PAR,MF,Grêmio,27-114,1997,4,360,90,100.0,4.0,4,90,4,0,,0,1.50,4,3,+1,+0.25,,3.1,3.5,-0.5,-0.11,,Matches
547,Matías Viña,uy URU,DF,Flamengo,26-190,1997,3,98,33,18.1,1.1,1,75,0,2,12,2,1.33,2,2,0,0.00,-0.41,1.1,1.8,-0.7,-0.63,-0.99,Matches
548,Alix Vinicius,br BRA,DF,Atl Goianiense,24-193,1999,4,314,79,69.8,3.5,4,79,3,0,,0,0.25,1,5,-4,-1.15,+0.18,2.7,4.2,-1.5,-0.43,-0.53,Matches
549,Caio Vinícius,br BRA,MF,Vitória,25-127,1999,0,,,,,0,,0,0,,4,,,,,,,,,,,,Matches
550,Mateus Vital,br BRA,MF,Cruzeiro,26-095,1998,4,68,17,15.1,0.8,0,,0,4,17,0,1.75,3,1,+2,+2.65,+2.88,1.1,0.5,+0.6,+0.80,+1.06,Matches
551,Vitão,br BRA,DF,Internacional,24-105,2000,4,360,90,100.0,4.0,4,90,4,0,,0,1.75,4,3,+1,+0.25,,6.5,3.3,+3.2,+0.80,,Matches
552,Vitinho,br BRA,"FW,MF",Red Bull Bragantino,25-046,1999,6,359,60,66.5,4.0,4,71,1,2,37,0,1.50,6,5,+1,+0.25,+0.25,2.6,6.4,-3.8,-0.95,-0.75,Matches
553,João Vitor,br BRA,DF,Juventude,21-297,2002,0,,,,,0,,0,0,,4,,,,,,,,,,,,Matches
554,Rayan Vitor,br BRA,"FW,MF",Vasco da Gama,17-288,2006,4,172,43,31.9,1.9,1,55,0,3,39,2,0.75,2,6,-4,-2.09,-1.85,4.2,2.7,+1.5,+0.77,+1.34,Matches
555,Felipe Vizeu,br BRA,FW,Criciúma,27-066,1997,1,30,30,11.1,0.3,0,,0,1,30,0,3.00,1,0,+1,+3.00,+1.87,0.9,0.4,+0.5,+1.49,+2.06,Matches
556,Wagner,br BRA,DF,Vitória,24-299,1999,4,276,69,61.3,3.1,4,69,3,0,,0,0.25,3,6,-3,-0.98,+0.57,3.2,4.4,-1.2,-0.39,+0.99,Matches
557,Walter,br BRA,GK,Cuiabá,36-181,1987,4,360,90,100.0,4.0,4,90,4,0,,0,0.00,0,10,-10,-2.50,,2.3,6.5,-4.2,-1.06,,Matches
558,Wanderson,br BRA,"FW,MF",Internacional,29-223,1994,3,181,60,50.3,2.0,3,60,0,0,,0,2.00,2,1,+1,+0.50,+0.50,3.2,1.5,+1.7,+0.86,+0.11,Matches
559,Welington,br BRA,DF,São Paulo,23-088,2001,4,235,59,43.5,2.6,3,78,2,1,1,1,1.75,4,2,+2,+0.77,+0.18,2.5,1.8,+0.8,+0.30,-0.90,Matches
560,José Welison,br BRA,MF,Fortaleza,29-067,1995,4,151,38,33.6,1.7,2,69,0,2,7,1,1.50,2,0,+2,+1.19,+1.49,0.7,1.5,-0.8,-0.45,-0.71,Matches
561,Werton,br BRA,FW,Flamengo,20-244,2003,0,,,,,0,,0,0,,1,,,,,,,,,,,,Matches
562,Wesley,br BRA,DF,Flamengo,20-254,2003,2,115,58,21.3,1.3,1,90,1,1,25,3,0.50,1,2,-1,-0.78,-1.42,1.9,1.4,+0.5,+0.40,+0.28,Matches
563,Wesley,br BRA,"FW,MF",Internacional,25-048,1999,4,302,76,83.9,3.4,3,86,2,1,45,0,1.75,4,3,+1,+0.30,+0.30,6.2,2.2,+4.0,+1.19,+2.37,Matches
564,Wesley,br BRA,DF,Grêmio,20-134,2004,0,,,,,0,,0,0,,2,,,,,,,,,,,,Matches
565,Wéverton,br BRA,GK,Palmeiras,36-156,1987,6,540,90,100.0,6.0,6,90,6,0,,0,1.33,3,3,0,0.00,,7.0,4.8,+2.2,+0.37,,Matches
566,William,br BRA,DF,Cruzeiro,29-044,1995,5,450,90,100.0,5.0,5,90,5,0,,0,2.00,8,7,+1,+0.20,,5.0,5.5,-0.5,-0.10,,Matches
567,Willian,br BRA,MF,Vitória,31-001,1993,4,360,90,80.0,4.0,4,90,4,0,,1,0.25,4,9,-5,-1.25,-0.25,3.5,7.3,-3.9,-0.96,-0.96,Matches
568,Samuel Xavier,br BRA,DF,Fluminense,33-346,1990,3,225,75,41.7,2.5,3,75,1,0,,0,1.33,4,5,-1,-0.40,+0.46,2.7,3.9,-1.3,-0.50,-0.24,Matches
569,Yago,br BRA,"FW,MF",Bahia,29-104,1995,0,,,,,0,,0,0,,6,,,,,,,,,,,,Matches
570,Cristián Zapata,co COL,DF,Vitória,37-230,1986,0,,,,,0,,0,0,,5,,,,,,,,,,,,Matches
571,Bruno Zapelli,ar ARG,"MF,FW",Ath Paranaense,22-000,2002,6,238,40,44.1,2.6,2,63,0,4,28,0,2.17,5,0,+5,+1.89,+1.59,4.0,3.4,+0.5,+0.21,+0.10,Matches
572,Federico Zaracho,ar ARG,MF,Atlético Mineiro,26-068,1998,5,275,55,61.1,3.1,4,63,0,1,25,0,1.80,5,3,+2,+0.65,-1.40,3.6,2.5,+1.1,+0.37,-0.15,Matches
573,Zeca,br BRA,DF,Vitória,30-001,1994,5,388,78,86.2,4.3,4,86,3,1,45,0,0.20,5,11,-6,-1.39,-1.39,4.8,8.4,-3.6,-0.84,-0.53,Matches
