Rk,Player,Nation,Pos,Squad,Age,Born,MP,Starts,Min,90s,Gls,Ast,G+A,G-PK,PK,PKatt,CrdY,CrdR,xG,npxG,xAG,npxG+xAG,PrgC,PrgP,PrgR,Gls_2,Ast_2,G+A_2,G-PK_2,G+A-PK,xG_2,xAG_2,xG+xAG_2,npxG_2,npxG+xAG_2,Matches
1,Abner,br BRA,MF,Juventude,20-028,2004,1,0,8,0.1,0,0,0,0,0,0,0,0,0.0,0.0,0.0,0.0,0,1,0,0.00,0.00,0.00,0.00,0.00,0.00,0.00,0.00,0.00,0.00,Matches
2,Luiz Adriano,br BRA,FW,Vitória,37-035,1987,4,0,76,0.8,0,0,0,0,0,0,0,0,0.1,0.1,0.0,0.1,0,1,4,0.00,0.00,0.00,0.00,0.00,0.15,0.00,0.15,0.15,0.15,Matches
3,Adson,br BRA,"FW,MF",Vasco da Gama,23-224,2000,5,0,104,1.2,0,0,0,0,0,0,0,0,0.2,0.2,0.2,0.4,5,6,16,0.00,0.00,0.00,0.00,0.00,0.16,0.19,0.35,0.16,0.35,Matches
4,Lucas Alario,ar ARG,"FW,MF",Internacional,31-222,1992,2,0,42,0.5,0,0,0,0,0,0,1,0,0.1,0.1,0.0,0.1,0,0,1,0.00,0.00,0.00,0.00,0.00,0.18,0.00,0.18,0.18,0.18,Matches
5,Yuri Alberto,br BRA,FW,Corinthians,23-060,2001,4,2,213,2.4,0,0,0,0,0,0,1,0,0.8,0.8,0.1,0.9,3,2,17,0.00,0.00,0.00,0.00,0.00,0.35,0.03,0.38,0.35,0.38,Matches
6,Alerrandro,br BRA,FW,Vitória,24-126,2000,4,4,276,3.1,0,0,0,0,0,0,1,0,0.5,0.5,0.0,0.6,3,4,12,0.00,0.00,0.00,0.00,0.00,0.18,0.01,0.18,0.18,0.18,Matches
7,Caio Alexandre,br BRA,MF,Bahia,25-083,1999,6,6,442,4.9,1,0,1,1,0,0,1,0,0.1,0.1,0.5,0.6,3,36,2,0.20,0.00,0.20,0.20,0.20,0.03,0.09,0.12,0.03,0.12,Matches
8,Matheus Alexandre,br BRA,DF,Cuiabá,25-040,1999,3,3,270,3.0,0,0,0,0,0,0,2,0,0.1,0.1,0.1,0.3,1,9,10,0.00,0.00,0.00,0.00,0.00,0.04,0.05,0.09,0.04,0.09,Matches
9,Alexsander,br BRA,MF,Fluminense,20-222,2003,3,1,145,1.6,0,1,1,0,0,0,2,0,0.1,0.1,0.4,0.5,7,8,3,0.00,0.62,0.62,0.00,0.62,0.06,0.26,0.33,0.06,0.33,Matches
10,Alisson,br BRA,GK,Criciúma,28-344,1995,2,2,180,2.0,0,0,0,0,0,0,1,0,0.0,0.0,0.0,0.0,0,0,0,0.00,0.00,0.00,0.00,0.00,0.00,0.00,0.00,0.00,0.00,Matches
11,Alisson,br BRA,"DF,MF",Atlético Mineiro,18-239,2005,4,1,122,1.4,0,0,0,0,0,0,0,0,0.2,0.2,0.1,0.4,4,8,15,0.00,0.00,0.00,0.00,0.00,0.17,0.11,0.28,0.17,0.28,Matches
12,Alisson,br BRA,MF,São Paulo,30-327,1993,6,6,516,5.7,0,1,1,0,0,0,1,0,0.2,0.2,0.3,0.5,5,40,10,0.00,0.17,0.17,0.00,0.17,0.04,0.05,0.09,0.04,0.09,Matches
13,Allan,br BRA,MF,Flamengo,27-075,1997,5,4,346,3.8,0,0,0,0,0,0,2,0,0.0,0.0,0.0,0.1,2,13,5,0.00,0.00,0.00,0.00,0.00,0.01,0.01,0.02,0.01,0.02,Matches
14,Anderson,br BRA,GK,Cruzeiro,26-073,1998,5,5,450,5.0,0,0,0,0,0,0,0,0,0.0,0.0,0.0,0.0,0,0,0,0.00,0.00,0.00,0.00,0.00,0.00,0.00,0.00,0.00,0.00,Matches
15,Kervin Andrade,ve VEN,MF,Fortaleza,19-034,2005,1,1,70,0.8,1,0,1,1,0,0,0,0,0.1,0.1,0.2,0.3,0,3,6,1.29,0.00,1.29,1.29,1.29,0.14,0.26,0.41,0.14,0.41,Matches
16,Rodrigo Andrade,br BRA,"MF,FW",Vitória,26-348,1997,3,3,233,2.6,0,0,0,0,0,0,0,0,0.1,0.1,0.0,0.1,3,5,8,0.00,0.00,0.00,0.00,0.00,0.03,0.00,0.03,0.03,0.03,Matches
17,André,br BRA,"MF,DF",Fluminense,22-306,2001,3,3,270,3.0,0,0,0,0,0,0,2,0,0.0,0.0,0.0,0.0,1,20,6,0.00,0.00,0.00,0.00,0.00,0.00,0.01,0.01,0.00,0.01,Matches
18,Wilker Ángel,ve VEN,DF,Criciúma,31-060,1993,2,1,69,0.8,0,0,0,0,0,0,0,0,0.0,0.0,0.0,0.0,0,1,0,0.00,0.00,0.00,0.00,0.00,0.00,0.00,0.00,0.00,0.00,Matches
19,Guilherme Arana,br BRA,DF,Atlético Mineiro,27-033,1997,5,3,372,4.1,1,1,2,1,0,0,1,0,0.1,0.1,0.3,0.4,10,25,34,0.24,0.24,0.48,0.24,0.48,0.03,0.08,0.11,0.03,0.11,Matches
20,Luiz Araújo,br BRA,"FW,MF",Flamengo,27-350,1996,6,3,360,4.0,1,0,1,1,0,0,0,0,0.6,0.6,0.1,0.7,12,12,33,0.25,0.00,0.25,0.25,0.25,0.14,0.03,0.17,0.14,0.17,Matches
21,Michel Araujo,uy URU,"DF,MF",São Paulo,27-232,1996,5,3,245,2.7,0,1,1,0,0,0,3,0,0.2,0.2,0.5,0.8,10,13,19,0.00,0.37,0.37,0.00,0.37,0.08,0.20,0.28,0.08,0.28,Matches
22,Robert Arboleda,ec ECU,DF,São Paulo,32-208,1991,6,6,540,6.0,1,0,1,1,0,0,0,0,0.5,0.5,0.4,0.9,1,15,0,0.17,0.00,0.17,0.17,0.17,0.08,0.07,0.15,0.08,0.15,Matches
23,Lucas Arcanjo,br BRA,GK,Vitória,25-283,1998,5,5,450,5.0,0,0,0,0,0,0,0,0,0.0,0.0,0.0,0.0,0,0,0,0.00,0.00,0.00,0.00,0.00,0.00,0.00,0.00,0.00,0.00,Matches
24,Jhon Arias,co COL,FW,Fluminense,26-239,1997,6,6,540,6.0,0,1,1,0,0,0,1,0,0.8,0.8,0.4,1.2,20,17,42,0.00,0.17,0.17,0.00,0.17,0.13,0.06,0.20,0.13,0.20,Matches
25,Santiago Arias,co COL,DF,Bahia,32-125,1992,6,6,540,6.0,0,0,0,0,0,0,1,0,0.1,0.1,0.8,0.9,12,23,38,0.00,0.00,0.00,0.00,0.00,0.02,0.13,0.15,0.02,0.15,Matches
26,Arthur,br BRA,FW,Cruzeiro,25-319,1998,5,5,343,3.8,1,1,2,1,0,0,1,0,0.1,0.1,0.3,0.4,10,7,30,0.26,0.26,0.52,0.26,0.52,0.02,0.08,0.10,0.02,0.10,Matches
27,Arthur,br BRA,"FW,MF",Criciúma,31-337,1992,3,1,90,1.0,0,0,0,0,0,0,0,0,0.0,0.0,0.0,0.1,0,4,2,0.00,0.00,0.00,0.00,0.00,0.05,0.05,0.09,0.05,0.09,Matches
28,Filipe Augusto,br BRA,MF,Cuiabá,30-279,1993,1,0,14,0.2,0,0,0,0,0,0,1,0,0.0,0.0,0.0,0.0,1,1,1,0.00,0.00,0.00,0.00,0.00,0.00,0.00,0.00,0.00,0.00,Matches
29,Renato Augusto,br BRA,"FW,MF",Fluminense,36-099,1988,2,0,62,0.7,1,0,1,1,0,0,0,0,0.4,0.4,0.1,0.5,0,3,2,1.45,0.00,1.45,1.45,1.45,0.64,0.09,0.73,0.64,0.73,Matches
30,Gabriel Baralhas,br BRA,MF,Atl Goianiense,25-220,1998,4,4,323,3.6,0,0,0,0,0,0,1,0,0.2,0.2,0.0,0.2,2,19,7,0.00,0.00,0.00,0.00,0.00,0.05,0.01,0.07,0.05,0.07,Matches
31,Danilo Barbosa,br BRA,MF,Botafogo (RJ),28-079,1996,6,4,319,3.5,3,0,3,3,0,0,2,0,0.9,0.9,0.0,0.9,4,12,3,0.85,0.00,0.85,0.85,0.85,0.26,0.00,0.26,0.26,0.26,Matches
32,Diogo Barbosa,br BRA,DF,Fluminense,31-274,1992,3,2,156,1.7,0,0,0,0,0,0,1,0,0.0,0.0,0.1,0.1,2,4,5,0.00,0.00,0.00,0.00,0.00,0.00,0.03,0.03,0.00,0.03,Matches
33,Gabriel Barbosa,br BRA,FW,Flamengo,27-261,1996,1,0,45,0.5,0,0,0,0,0,0,0,0,0.0,0.0,0.0,0.0,0,0,2,0.00,0.00,0.00,0.00,0.00,0.00,0.00,0.00,0.00,0.00,Matches
34,Lucas Barbosa,br BRA,"MF,FW",Juventude,23-085,2001,4,4,294,3.3,1,1,2,1,0,0,1,0,1.3,1.3,0.2,1.5,6,17,21,0.31,0.31,0.61,0.31,0.61,0.38,0.07,0.45,0.38,0.45,Matches
35,Alexander Barboza,ar ARG,"DF,FW",Botafogo (RJ),29-062,1995,4,1,124,1.4,0,0,0,0,0,0,2,1,0.1,0.1,0.0,0.1,1,10,2,0.00,0.00,0.00,0.00,0.00,0.06,0.00,0.06,0.06,0.06,Matches
36,Mateo Barcia,uy URU,MF,Criciúma,23-088,2001,1,0,12,0.1,0,0,0,0,0,0,0,0,0.0,0.0,0.0,0.0,0,0,0,0.00,0.00,0.00,0.00,0.00,0.00,0.00,0.00,0.00,0.00,Matches
37,Álvaro Barreal,ar ARG,"MF,FW",Cruzeiro,23-274,2000,5,1,196,2.2,0,2,2,0,0,0,0,0,0.4,0.4,0.1,0.6,2,8,21,0.00,0.92,0.92,0.00,0.92,0.20,0.07,0.26,0.20,0.26,Matches
38,Barreto,br BRA,MF,Criciúma,28-159,1995,3,3,258,2.9,0,1,1,0,0,0,0,0,0.0,0.0,0.1,0.1,1,11,3,0.00,0.35,0.35,0.00,0.35,0.00,0.05,0.05,0.00,0.05,Matches
39,Gabriel Barros,br BRA,"FW,MF",Atl Goianiense,22-205,2001,2,1,79,0.9,0,0,0,0,0,0,2,1,0.0,0.0,0.0,0.0,0,3,4,0.00,0.00,0.00,0.00,0.00,0.00,0.05,0.05,0.00,0.05,Matches
40,Bastos,ao ANG,DF,Botafogo (RJ),33-051,1991,6,6,486,5.4,0,0,0,0,0,0,1,0,0.1,0.1,0.0,0.1,1,21,0,0.00,0.00,0.00,0.00,0.00,0.03,0.00,0.03,0.03,0.03,Matches
41,Rodrigo Battaglia,ar ARG,DF,Atlético Mineiro,32-310,1991,3,3,216,2.4,0,0,0,0,0,0,2,1,0.0,0.0,0.0,0.0,0,10,0,0.00,0.00,0.00,0.00,0.00,0.00,0.00,0.00,0.00,0.00,Matches
42,José Luis Rodríguez Bebanz,uy URU,FW,Vasco da Gama,27-064,1997,1,0,1,0.0,0,0,0,0,0,0,0,0,0.0,0.0,0.0,0.0,0,0,1,0.00,0.00,0.00,0.00,0.00,0.00,0.00,0.00,0.00,0.00,Matches
43,Ramiro Benetti,br BRA,MF,Cruzeiro,30-361,1993,4,3,219,2.4,0,0,0,0,0,0,0,0,0.0,0.0,0.0,0.0,0,8,9,0.00,0.00,0.00,0.00,0.00,0.00,0.00,0.00,0.00,0.00,Matches
44,Bento,br BRA,GK,Ath Paranaense,24-342,1999,6,6,540,6.0,0,0,0,0,0,0,1,0,0.0,0.0,0.0,0.0,0,0,0,0.00,0.00,0.00,0.00,0.00,0.00,0.00,0.00,0.00,0.00,Matches
45,Raul Bicalho,br BRA,DF,Corinthians,25-023,1999,1,1,90,1.0,0,0,0,0,0,0,0,0,0.0,0.0,0.0,0.0,1,3,2,0.00,0.00,0.00,0.00,0.00,0.00,0.00,0.00,0.00,0.00,Matches
46,Matheus Bidu,br BRA,DF,Corinthians,25-013,1999,1,0,18,0.2,0,0,0,0,0,0,0,0,0.0,0.0,0.0,0.0,1,1,0,0.00,0.00,0.00,0.00,0.00,0.11,0.00,0.11,0.11,0.11,Matches
47,Biel,br BRA,"FW,MF",Bahia,23-046,2001,6,0,142,1.6,2,1,3,2,0,0,0,0,1.6,1.6,0.7,2.2,6,7,19,1.27,0.63,1.90,1.27,1.90,0.99,0.42,1.42,0.99,1.42,Matches
48,Guilherme Biro,br BRA,MF,Corinthians,20-027,2004,2,0,10,0.1,0,0,0,0,0,0,0,0,0.1,0.1,0.0,0.1,0,1,1,0.00,0.00,0.00,0.00,0.00,0.81,0.00,0.81,0.81,0.81,Matches
49,Damián Bobadilla,py PAR,MF,São Paulo,22-311,2001,4,3,188,2.1,1,0,1,1,0,0,1,0,0.3,0.3,0.2,0.5,2,9,2,0.48,0.00,0.48,0.48,0.48,0.14,0.09,0.23,0.14,0.23,Matches
50,Yannick Bolasie,cd COD,FW,Criciúma,34-359,1989,3,2,170,1.9,1,2,3,1,0,0,1,0,0.4,0.4,0.2,0.6,8,3,18,0.53,1.06,1.59,0.53,1.59,0.20,0.11,0.30,0.20,0.30,Matches
51,Thiago Borbas,uy URU,FW,Red Bull Bragantino,22-040,2002,6,1,197,2.2,1,0,1,1,0,0,1,0,0.5,0.5,0.0,0.6,0,3,11,0.46,0.00,0.46,0.46,0.46,0.24,0.02,0.26,0.24,0.26,Matches
52,Marllon Borges,br BRA,DF,Cuiabá,32-031,1992,4,4,360,4.0,0,0,0,0,0,0,1,0,0.3,0.3,0.0,0.3,2,7,1,0.00,0.00,0.00,0.00,0.00,0.08,0.00,0.08,0.08,0.08,Matches
53,Pedro Borges,br BRA,MF,Fortaleza,27-075,1997,4,2,217,2.4,0,1,1,0,0,0,3,0,0.0,0.0,0.2,0.2,0,11,3,0.00,0.41,0.41,0.00,0.41,0.01,0.09,0.09,0.01,0.09,Matches
54,Rafael Borré,co COL,FW,Internacional,28-245,1995,4,4,360,4.0,1,1,2,1,0,1,1,0,3.9,3.1,0.3,3.4,3,4,26,0.25,0.25,0.50,0.25,0.50,0.96,0.08,1.05,0.77,0.85,Matches
55,Danilo Boza,br BRA,DF,Juventude,26-011,1998,3,3,270,3.0,1,0,1,1,0,0,0,0,0.2,0.2,0.1,0.3,2,7,2,0.33,0.00,0.33,0.33,0.33,0.06,0.04,0.10,0.06,0.10,Matches
56,Breno,br BRA,FW,Fortaleza,28-114,1996,3,3,193,2.1,0,2,2,0,0,0,1,0,0.7,0.7,0.1,0.8,7,8,12,0.00,0.93,0.93,0.00,0.93,0.31,0.04,0.36,0.31,0.36,Matches
57,Breno,br BRA,MF,Corinthians,19-087,2005,4,3,265,2.9,0,0,0,0,0,0,1,0,0.4,0.4,0.0,0.4,1,9,6,0.00,0.00,0.00,0.00,0.00,0.12,0.01,0.14,0.12,0.14,Matches
58,Emanuel Brítez,ar ARG,DF,Fortaleza,32-052,1992,4,4,360,4.0,0,0,0,0,0,0,3,0,0.1,0.1,0.0,0.1,1,5,0,0.00,0.00,0.00,0.00,0.00,0.02,0.00,0.02,0.02,0.02,Matches
59,Bruninho,br BRA,"FW,MF",Red Bull Bragantino,21-064,2003,2,1,79,0.9,0,1,1,0,0,0,0,0,0.2,0.2,0.1,0.2,0,4,7,0.00,1.14,1.14,0.00,1.14,0.18,0.08,0.26,0.18,0.26,Matches
60,Fabrício Bruno,br BRA,DF,Flamengo,28-095,1996,5,5,450,5.0,0,0,0,0,0,0,2,0,0.1,0.1,0.0,0.1,0,16,0,0.00,0.00,0.00,0.00,0.00,0.01,0.00,0.01,0.01,0.01,Matches
61,Fabricio Bustos,ar ARG,"DF,MF",Internacional,28-019,1996,4,3,285,3.2,0,0,0,0,0,0,1,0,0.0,0.0,0.3,0.3,2,16,23,0.00,0.00,0.00,0.00,0.00,0.01,0.08,0.09,0.01,0.09,Matches
62,Rafael Cabral,br BRA,GK,Grêmio,33-363,1990,1,1,90,1.0,0,0,0,0,0,0,0,0,0.0,0.0,0.0,0.0,0,0,0,0.00,0.00,0.00,0.00,0.00,0.00,0.00,0.00,0.00,0.00,Matches
63,Cacá,br BRA,DF,Corinthians,25-022,1999,3,3,254,2.8,1,0,1,1,0,0,0,0,1.1,1.1,0.0,1.1,1,4,0,0.35,0.00,0.35,0.35,0.35,0.40,0.00,0.40,0.40,0.40,Matches
64,Jonathan Cafu,br BRA,"MF,FW",Cuiabá,32-312,1991,3,1,103,1.1,0,0,0,0,0,0,0,0,0.6,0.6,0.0,0.6,3,4,9,0.00,0.00,0.00,0.00,0.00,0.49,0.00,0.49,0.49,0.49,Matches
65,Jonathan Calleri,ar ARG,FW,São Paulo,30-237,1993,5,5,397,4.4,1,0,1,1,0,0,1,0,1.1,1.1,0.0,1.1,2,4,20,0.23,0.00,0.23,0.23,0.23,0.25,0.01,0.25,0.25,0.25,Matches
66,Patric Calmon PK,br BRA,DF,Vitória,29-317,1994,2,2,135,1.5,0,0,0,0,0,0,0,0,0.0,0.0,0.0,0.0,4,6,12,0.00,0.00,0.00,0.00,0.00,0.03,0.00,0.03,0.03,0.03,Matches
67,Camutanga,br BRA,DF,Vitória,30-233,1993,2,2,179,2.0,0,0,0,0,0,0,1,1,0.0,0.0,0.0,0.0,0,4,0,0.00,0.00,0.00,0.00,0.00,0.01,0.00,0.01,0.01,0.01,Matches
68,Yerson Candelo,co COL,DF,Criciúma,32-083,1992,2,0,28,0.3,0,0,0,0,0,0,0,0,0.0,0.0,0.1,0.1,0,0,3,0.00,0.00,0.00,0.00,0.00,0.00,0.23,0.23,0.00,0.23,Matches
69,Luan Cândido,br BRA,DF,Red Bull Bragantino,23-105,2001,6,6,540,6.0,0,0,0,0,0,0,2,0,0.2,0.2,0.0,0.2,1,5,6,0.00,0.00,0.00,0.00,0.00,0.03,0.00,0.04,0.03,0.04,Matches
70,Germán Cano,ar ARG,"FW,MF",Fluminense,36-105,1988,5,5,410,4.6,2,0,2,2,0,0,1,0,2.5,2.5,0.2,2.7,1,6,9,0.44,0.00,0.44,0.44,0.44,0.54,0.05,0.59,0.54,0.59,Matches
71,Agustín Canobbio,uy URU,"FW,MF",Ath Paranaense,25-229,1998,5,4,297,3.3,2,1,3,2,0,0,2,1,0.5,0.5,0.8,1.3,11,16,26,0.61,0.30,0.91,0.61,0.91,0.15,0.26,0.41,0.15,0.41,Matches
72,Juninho Capixaba,br BRA,"DF,MF",Red Bull Bragantino,26-316,1997,5,5,338,3.8,0,0,0,0,0,0,2,0,0.2,0.2,0.0,0.3,2,14,5,0.00,0.00,0.00,0.00,0.00,0.06,0.01,0.07,0.06,0.07,Matches
73,Carlinhos,br BRA,"FW,DF",Flamengo,27-095,1997,2,1,59,0.7,0,0,0,0,0,0,0,0,0.0,0.0,0.0,0.0,0,1,2,0.00,0.00,0.00,0.00,0.00,0.07,0.00,0.07,0.07,0.07,Matches
74,Antonio Carlos,br BRA,DF,Fluminense,31-071,1993,2,1,135,1.5,0,0,0,0,0,0,0,0,0.0,0.0,0.1,0.1,0,8,0,0.00,0.00,0.00,0.00,0.00,0.00,0.09,0.09,0.00,0.09,Matches
75,Jean Carlos Vicente,br BRA,"FW,MF",Juventude,32-092,1992,3,3,204,2.3,2,1,3,2,0,0,1,0,0.3,0.3,0.9,1.2,6,13,8,0.88,0.44,1.32,0.88,1.32,0.12,0.40,0.53,0.12,0.53,Matches
76,Cássio,br BRA,GK,Corinthians,36-346,1987,3,3,270,3.0,0,0,0,0,0,0,0,0,0.0,0.0,0.0,0.0,0,0,0,0.00,0.00,0.00,0.00,0.00,0.00,0.00,0.00,0.00,0.00,Matches
77,Iury de Castilho,br BRA,"FW,MF",Vitória,28-254,1995,3,0,74,0.8,1,0,1,1,0,0,1,0,1.2,1.2,0.0,1.2,5,8,8,1.22,0.00,1.22,1.22,1.22,1.43,0.03,1.46,1.43,1.46,Matches
78,Murilo Cerqueira,br BRA,DF,Palmeiras,27-051,1997,5,5,436,4.8,0,0,0,0,0,0,3,0,0.2,0.2,0.1,0.3,4,16,1,0.00,0.00,0.00,0.00,0.00,0.05,0.02,0.07,0.05,0.07,Matches
79,Reynaldo Cesar Moraes,br BRA,DF,Vitória,27-135,1997,2,1,168,1.9,0,0,0,0,0,0,0,0,0.0,0.0,0.0,0.0,1,2,0,0.00,0.00,0.00,0.00,0.00,0.00,0.00,0.00,0.00,0.00,Matches
80,Christian,br BRA,"FW,MF",Ath Paranaense,23-150,2000,2,1,107,1.2,0,0,0,0,0,0,0,0,0.1,0.1,0.0,0.1,0,4,5,0.00,0.00,0.00,0.00,0.00,0.09,0.00,0.09,0.09,0.09,Matches
81,Eliel Chrystian,br BRA,MF,Cuiabá,21-112,2003,1,0,45,0.5,0,0,0,0,0,0,0,0,0.2,0.2,0.0,0.2,1,0,1,0.00,0.00,0.00,0.00,0.00,0.42,0.00,0.42,0.42,0.42,Matches
82,Cicinho,bg BUL,MF,Bahia,35-143,1988,1,0,1,0.0,0,0,0,0,0,0,0,0,0.0,0.0,0.0,0.0,0,0,0,0.00,0.00,0.00,0.00,0.00,0.00,0.00,0.00,0.00,0.00,Matches
83,José Cifuentes,ec ECU,MF,Cruzeiro,25-066,1999,3,1,69,0.8,0,0,0,0,0,0,0,0,0.0,0.0,0.0,0.0,2,3,8,0.00,0.00,0.00,0.00,0.00,0.05,0.00,0.05,0.05,0.05,Matches
84,Claudinho,br BRA,DF,Criciúma,23-236,2000,3,3,242,2.7,0,0,0,0,0,0,0,0,0.0,0.0,0.2,0.3,4,8,9,0.00,0.00,0.00,0.00,0.00,0.01,0.08,0.09,0.01,0.09,Matches
85,Clayson,br BRA,MF,Cuiabá,29-059,1995,4,3,179,2.0,0,0,0,0,0,0,0,0,0.1,0.1,0.0,0.1,1,8,10,0.00,0.00,0.00,0.00,0.00,0.04,0.00,0.04,0.04,0.04,Matches
86,Clayton,br BRA,FW,Vasco da Gama,25-127,1999,4,0,52,0.6,0,0,0,0,0,0,0,0,0.7,0.7,0.0,0.7,1,0,5,0.00,0.00,0.00,0.00,0.00,1.15,0.00,1.15,1.15,1.15,Matches
87,Mateus Cocão,br BRA,MF,Vasco da Gama,22-060,2002,6,4,284,3.2,1,0,1,1,0,0,2,0,0.4,0.4,0.0,0.4,3,20,6,0.32,0.00,0.32,0.32,0.32,0.11,0.00,0.11,0.11,0.11,Matches
88,Igor Coronado,br BRA,"MF,FW",Corinthians,31-273,1992,4,2,178,2.0,0,0,0,0,0,0,0,0,0.1,0.1,0.4,0.5,8,11,10,0.00,0.00,0.00,0.00,0.00,0.03,0.22,0.25,0.03,0.25,Matches
89,Diego Costa,es ESP,FW,Grêmio,35-223,1988,2,2,116,1.3,0,0,0,0,0,0,0,1,0.1,0.1,0.0,0.1,1,3,6,0.00,0.00,0.00,0.00,0.00,0.04,0.00,0.04,0.04,0.04,Matches
90,Douglas Costa,br BRA,FW,Fluminense,33-246,1990,5,1,164,1.8,0,0,0,0,0,0,0,0,0.1,0.1,0.3,0.3,7,9,16,0.00,0.00,0.00,0.00,0.00,0.03,0.14,0.17,0.03,0.17,Matches
91,Franco Cristaldo,ar ARG,MF,Grêmio,27-276,1996,4,3,277,3.1,2,0,2,2,0,0,0,0,0.4,0.4,0.3,0.7,5,22,15,0.65,0.00,0.65,0.65,0.65,0.13,0.10,0.22,0.13,0.22,Matches
92,Alejo Cruz,uy URU,MF,Atl Goianiense,23-259,2000,4,3,153,1.7,0,0,0,0,0,0,1,0,0.2,0.2,0.1,0.3,2,8,16,0.00,0.00,0.00,0.00,0.00,0.10,0.06,0.16,0.10,0.16,Matches
93,Tomás Cuello,ar ARG,"FW,MF",Ath Paranaense,24-073,2000,6,6,343,3.8,0,0,0,0,0,0,0,0,0.4,0.4,0.3,0.7,11,11,26,0.00,0.00,0.00,0.00,0.00,0.10,0.07,0.17,0.10,0.17,Matches
94,Víctor Cuesta,ar ARG,DF,Bahia,35-180,1988,3,3,239,2.7,0,0,0,0,0,0,1,0,0.2,0.2,0.0,0.2,0,7,1,0.00,0.00,0.00,0.00,0.00,0.07,0.00,0.07,0.07,0.07,Matches
95,Cuiabano,br BRA,DF,Grêmio,21-091,2003,2,2,163,1.8,0,0,0,0,0,0,0,0,0.0,0.0,0.0,0.0,0,10,5,0.00,0.00,0.00,0.00,0.00,0.01,0.00,0.01,0.01,0.01,Matches
96,Cuiabano,br BRA,DF,Botafogo (RJ),21-091,2003,2,1,135,1.5,0,0,0,0,0,0,1,0,0.1,0.1,0.0,0.1,4,0,25,0.00,0.00,0.00,0.00,0.00,0.10,0.00,0.10,0.10,0.10,Matches
97,Lucas Cunha,br BRA,DF,Red Bull Bragantino,27-115,1997,2,0,29,0.3,0,0,0,0,0,0,0,0,0.0,0.0,0.0,0.0,0,1,0,0.00,0.00,0.00,0.00,0.00,0.00,0.00,0.00,0.00,0.00,Matches
98,Danielzinho,br BRA,MF,Atl Goianiense,28-127,1996,1,0,19,0.2,0,0,0,0,0,0,0,0,0.0,0.0,0.0,0.0,0,4,0,0.00,0.00,0.00,0.00,0.00,0.00,0.00,0.00,0.00,0.00,Matches
99,David,br BRA,FW,Vasco da Gama,28-213,1995,6,6,514,5.7,1,1,2,1,0,0,1,0,0.9,0.9,0.8,1.8,17,15,48,0.18,0.18,0.35,0.18,0.35,0.17,0.15,0.31,0.17,0.31,Matches
100,Giorgian De Arrascaeta,uy URU,MF,Flamengo,29-351,1994,3,3,249,2.8,0,0,0,0,0,0,1,0,0.1,0.1,0.2,0.3,3,18,21,0.00,0.00,0.00,0.00,0.00,0.05,0.06,0.11,0.05,0.11,Matches
101,Nicolás De La Cruz,uy URU,MF,Flamengo,26-351,1997,6,5,449,5.0,2,2,4,2,0,0,1,0,1.4,1.4,1.5,2.9,8,45,14,0.40,0.40,0.80,0.40,0.80,0.29,0.30,0.58,0.29,0.58,Matches
102,Denilson,br BRA,MF,Cuiabá,23-055,2001,3,3,225,2.5,0,0,0,0,0,0,2,0,0.0,0.0,0.1,0.1,1,5,4,0.00,0.00,0.00,0.00,0.00,0.00,0.04,0.04,0.00,0.04,Matches
103,Derek,br BRA,FW,Atl Goianiense,26-167,1997,4,1,132,1.5,1,0,1,1,0,0,1,0,1.0,1.0,0.6,1.5,1,5,5,0.68,0.00,0.68,0.68,0.68,0.65,0.38,1.03,0.65,1.03,Matches
104,Deyverson,br BRA,FW,Cuiabá,33-009,1991,1,1,76,0.8,0,0,0,0,0,0,0,0,0.0,0.0,0.0,0.0,0,1,1,0.00,0.00,0.00,0.00,0.00,0.00,0.00,0.00,0.00,0.00,Matches
105,Matheus Dias,br BRA,DF,Internacional,27-100,1997,1,0,11,0.1,0,0,0,0,0,0,0,0,0.0,0.0,0.0,0.0,1,0,1,0.00,0.00,0.00,0.00,0.00,0.00,0.00,0.00,0.00,0.00,Matches
106,Diego,br BRA,DF,São Paulo,24-301,1999,5,5,450,5.0,0,0,0,0,0,0,1,0,0.0,0.0,0.1,0.1,4,28,1,0.00,0.00,0.00,0.00,0.00,0.01,0.02,0.03,0.01,0.03,Matches
107,Dodi,br BRA,MF,Grêmio,28-030,1996,3,2,179,2.0,0,0,0,0,0,0,1,0,0.0,0.0,0.0,0.0,2,5,1,0.00,0.00,0.00,0.00,0.00,0.00,0.00,0.00,0.00,0.00,Matches
108,Dudu,br BRA,MF,Vitória,24-347,1999,3,3,211,2.3,0,0,0,0,0,0,1,0,0.1,0.1,0.1,0.2,2,21,3,0.00,0.00,0.00,0.00,0.00,0.04,0.02,0.06,0.04,0.06,Matches
109,Edenílson,br BRA,FW,Grêmio,34-151,1989,1,1,45,0.5,0,0,0,0,0,0,0,0,0.0,0.0,0.0,0.0,1,1,2,0.00,0.00,0.00,0.00,0.00,0.00,0.09,0.09,0.00,0.09,Matches
110,Éder,it ITA,FW,Criciúma,37-184,1986,2,1,88,1.0,0,0,0,0,0,0,0,0,0.2,0.2,0.0,0.2,1,4,8,0.00,0.00,0.00,0.00,0.00,0.20,0.00,0.20,0.20,0.20,Matches
111,Carlos Eduardo,br BRA,FW,Atlético Mineiro,19-359,2004,2,0,12,0.1,0,0,0,0,0,0,0,0,0.3,0.3,0.0,0.3,0,2,2,0.00,0.00,0.00,0.00,0.00,1.91,0.10,2.00,1.91,2.00,Matches
112,Carlos Eduardo,br BRA,FW,Botafogo (RJ),34-213,1989,2,1,88,1.0,0,0,0,0,0,0,0,0,0.0,0.0,0.0,0.0,2,3,1,0.00,0.00,0.00,0.00,0.00,0.00,0.03,0.03,0.00,0.03,Matches
113,Kauã Elias,br BRA,"MF,FW",Fluminense,18-050,2006,4,1,93,1.0,0,0,0,0,0,0,0,0,0.0,0.0,0.3,0.3,0,5,4,0.00,0.00,0.00,0.00,0.00,0.00,0.28,0.28,0.00,0.28,Matches
114,Rafael Elias,br BRA,FW,Cruzeiro,25-035,1999,5,0,103,1.1,1,0,1,1,0,0,2,0,0.6,0.6,0.0,0.6,0,3,9,0.87,0.00,0.87,0.87,0.87,0.50,0.00,0.50,0.50,0.50,Matches
115,Eliédson,br BRA,MF,Criciúma,21-061,2003,1,0,3,0.0,0,0,0,0,0,0,0,0,0.0,0.0,0.0,0.0,0,0,0,0.00,0.00,0.00,0.00,0.00,0.00,0.00,0.00,0.00,0.00,Matches
116,Rodrigo Ely,br BRA,DF,Grêmio,30-196,1993,3,3,270,3.0,0,0,0,0,0,0,1,0,0.0,0.0,0.0,0.0,0,5,0,0.00,0.00,0.00,0.00,0.00,0.01,0.00,0.01,0.01,0.01,Matches
117,Alan Empereur,br BRA,DF,Cuiabá,30-068,1994,4,4,261,2.9,0,0,0,0,0,0,2,0,0.0,0.0,0.2,0.2,1,9,2,0.00,0.00,0.00,0.00,0.00,0.00,0.07,0.07,0.00,0.07,Matches
118,Endrick,br BRA,"FW,MF",Palmeiras,17-301,2006,6,6,453,5.0,0,0,0,0,0,0,3,0,1.1,1.1,0.7,1.8,11,15,29,0.00,0.00,0.00,0.00,0.00,0.21,0.14,0.35,0.21,0.35,Matches
119,Erick,br BRA,MF,Ath Paranaense,26-185,1997,6,6,532,5.9,1,0,1,1,0,0,0,0,1.4,1.4,0.1,1.5,7,20,8,0.17,0.00,0.17,0.17,0.17,0.24,0.02,0.26,0.24,0.26,Matches
120,Erick,br BRA,"DF,MF",São Paulo,26-159,1997,4,0,125,1.4,0,1,1,0,0,0,1,0,0.0,0.0,0.5,0.5,4,4,16,0.00,0.72,0.72,0.00,0.72,0.00,0.34,0.34,0.00,0.34,Matches
121,Erick,br BRA,FW,Juventude,27-135,1997,4,3,276,3.1,1,0,1,1,0,0,0,0,0.1,0.1,0.3,0.4,3,6,23,0.33,0.00,0.33,0.33,0.33,0.04,0.09,0.14,0.04,0.14,Matches
122,Lucas Esquivel,ar ARG,DF,Ath Paranaense,22-216,2001,6,6,516,5.7,0,2,2,0,0,0,3,1,0.0,0.0,1.1,1.2,8,17,22,0.00,0.35,0.35,0.00,0.35,0.01,0.20,0.20,0.01,0.20,Matches
123,Estevão,br BRA,"FW,DF",Palmeiras,18-023,2006,6,3,253,2.8,1,0,1,0,1,1,0,0,1.3,0.5,0.1,0.6,9,7,27,0.36,0.00,0.36,0.00,0.00,0.46,0.02,0.48,0.18,0.20,Matches
124,Lucas Esteves,br BRA,DF,Vitória,23-328,2000,4,3,310,3.4,0,0,0,0,0,0,2,0,0.1,0.1,0.3,0.4,6,16,11,0.00,0.00,0.00,0.00,0.00,0.03,0.07,0.11,0.03,0.11,Matches
125,Oscar Estupiñan,co COL,FW,Bahia,27-140,1996,2,1,54,0.6,0,0,0,0,0,0,0,0,0.0,0.0,0.1,0.1,0,2,2,0.00,0.00,0.00,0.00,0.00,0.06,0.15,0.21,0.06,0.21,Matches
126,Lucas Evangelista,br BRA,MF,Red Bull Bragantino,29-011,1995,2,1,73,0.8,0,0,0,0,0,0,1,0,0.0,0.0,0.0,0.1,1,3,0,0.00,0.00,0.00,0.00,0.00,0.05,0.02,0.06,0.05,0.06,Matches
127,Éverson,br BRA,GK,Atlético Mineiro,33-300,1990,5,5,450,5.0,0,0,0,0,0,0,1,0,0.0,0.0,0.0,0.0,0,1,0,0.00,0.00,0.00,0.00,0.00,0.00,0.00,0.00,0.00,0.00,Matches
128,Everton,br BRA,FW,Grêmio,27-061,1997,2,0,38,0.4,0,0,0,0,0,0,1,0,0.0,0.0,0.0,0.0,2,0,3,0.00,0.00,0.00,0.00,0.00,0.08,0.00,0.08,0.08,0.08,Matches
129,Bruno Fabiano Alves,br BRA,DF,Cuiabá,33-031,1991,3,2,200,2.2,0,0,0,0,0,0,0,0,0.1,0.1,0.0,0.1,0,2,1,0.00,0.00,0.00,0.00,0.00,0.06,0.00,0.06,0.06,0.06,Matches
130,Fabinho,br BRA,MF,Palmeiras,22-038,2002,2,0,34,0.4,0,0,0,0,0,0,0,0,0.0,0.0,0.1,0.1,0,7,2,0.00,0.00,0.00,0.00,0.00,0.00,0.20,0.20,0.00,0.20,Matches
131,Fábio,br BRA,GK,Fluminense,43-230,1980,6,6,540,6.0,0,0,0,0,0,0,0,0,0.0,0.0,0.0,0.0,0,0,0,0.00,0.00,0.00,0.00,0.00,0.00,0.00,0.00,0.00,0.00,Matches
132,Fábio,br BRA,DF,Grêmio,33-313,1990,3,2,205,2.3,0,0,0,0,0,0,0,0,0.0,0.0,0.0,0.0,4,5,6,0.00,0.00,0.00,0.00,0.00,0.00,0.02,0.02,0.00,0.02,Matches
133,Fagner,br BRA,"DF,MF",Corinthians,34-341,1989,5,5,384,4.3,0,0,0,0,0,0,1,0,0.0,0.0,0.6,0.6,5,14,9,0.00,0.00,0.00,0.00,0.00,0.01,0.13,0.14,0.01,0.14,Matches
134,Rodrigo Fagundes,br BRA,DF,Criciúma,37-068,1987,3,3,270,3.0,0,0,0,0,0,0,1,0,0.1,0.1,0.0,0.1,0,7,0,0.00,0.00,0.00,0.00,0.00,0.02,0.00,0.02,0.02,0.02,Matches
135,Luiz Felipe,br BRA,"DF,MF",Atl Goianiense,30-251,1993,3,2,186,2.1,0,0,0,0,0,0,1,1,0.2,0.2,0.0,0.2,0,3,0,0.00,0.00,0.00,0.00,0.00,0.08,0.00,0.08,0.08,0.08,Matches
136,Marcos Felipe,br BRA,GK,Bahia,28-034,1996,6,6,540,6.0,0,0,0,0,0,0,0,0,0.0,0.0,0.0,0.0,0,0,0,0.00,0.00,0.00,0.00,0.00,0.00,0.00,0.00,0.00,0.00,Matches
137,Lucas Fernandes,br BRA,MF,Cuiabá,26-240,1997,3,1,138,1.5,0,0,0,0,0,0,0,0,0.0,0.0,0.0,0.1,2,8,5,0.00,0.00,0.00,0.00,0.00,0.03,0.02,0.05,0.03,0.05,Matches
138,Matheus Fernandes,br BRA,MF,Red Bull Bragantino,25-322,1998,1,0,34,0.4,0,0,0,0,0,0,0,0,0.0,0.0,0.0,0.0,0,0,0,0.00,0.00,0.00,0.00,0.00,0.00,0.00,0.00,0.00,0.00,Matches
139,Nathan Fernandes,br BRA,"FW,MF",Grêmio,19-091,2005,4,0,115,1.3,0,0,0,0,0,0,1,0,0.1,0.1,0.0,0.2,6,4,16,0.00,0.00,0.00,0.00,0.00,0.09,0.03,0.12,0.09,0.12,Matches
140,Gatito Fernández,py PAR,GK,Botafogo (RJ),36-049,1988,3,3,270,3.0,0,0,0,0,0,0,0,0,0.0,0.0,0.0,0.0,0,0,0,0.00,0.00,0.00,0.00,0.00,0.00,0.00,0.00,0.00,0.00,Matches
141,Fernandinho,br BRA,MF,Ath Paranaense,39-013,1985,6,6,512,5.7,0,1,1,0,0,0,3,0,0.3,0.3,1.2,1.5,10,51,18,0.00,0.18,0.18,0.00,0.18,0.05,0.22,0.27,0.05,0.27,Matches
142,Fernando,br BRA,DF,Ath Paranaense,24-246,1999,1,0,19,0.2,0,0,0,0,0,0,0,0,0.0,0.0,0.0,0.0,0,0,0,0.00,0.00,0.00,0.00,0.00,0.00,0.00,0.00,0.00,0.00,Matches
143,Fernando,br BRA,"MF,DF",Internacional,36-297,1987,2,1,101,1.1,1,0,1,1,0,0,1,0,0.1,0.1,0.1,0.1,3,6,2,0.89,0.00,0.89,0.89,0.89,0.05,0.05,0.10,0.05,0.10,Matches
144,Luiz Fernando,br BRA,"FW,MF",Atl Goianiense,27-214,1996,5,5,442,4.9,1,0,1,1,0,0,2,0,0.3,0.3,0.2,0.5,13,10,35,0.20,0.00,0.20,0.20,0.20,0.07,0.03,0.10,0.07,0.10,Matches
145,Nahuel Ferraresi,ve VEN,DF,São Paulo,25-180,1998,3,2,158,1.8,1,0,1,1,0,0,0,0,0.1,0.1,0.0,0.2,1,17,2,0.57,0.00,0.57,0.57,0.57,0.08,0.02,0.10,0.08,0.10,Matches
146,Ferreira,br BRA,"MF,FW",São Paulo,26-138,1997,4,0,106,1.2,2,0,2,2,0,0,0,0,0.5,0.5,0.0,0.5,9,4,9,1.70,0.00,1.70,1.70,1.70,0.39,0.00,0.39,0.39,0.39,Matches
147,Filipinho,br BRA,"MF,FW",Ath Paranaense,22-212,2001,3,1,54,0.6,0,0,0,0,0,0,0,0,0.1,0.1,0.0,0.1,0,1,1,0.00,0.00,0.00,0.00,0.00,0.10,0.00,0.10,0.10,0.10,Matches
148,Alan Franco,ec ECU,MF,Atlético Mineiro,25-270,1998,5,4,357,4.0,0,0,0,0,0,0,2,0,0.1,0.1,0.7,0.8,2,11,17,0.00,0.00,0.00,0.00,0.00,0.03,0.17,0.20,0.03,0.20,Matches
149,Alan Franco,ar ARG,DF,São Paulo,27-219,1996,4,4,318,3.5,0,0,0,0,0,0,1,0,0.1,0.1,0.1,0.2,4,19,0,0.00,0.00,0.00,0.00,0.00,0.04,0.03,0.07,0.04,0.07,Matches
150,Lucas Freitas,br BRA,DF,Juventude,23-118,2001,1,1,37,0.4,0,0,0,0,0,0,2,1,0.0,0.0,0.0,0.0,0,0,0,0.00,0.00,0.00,0.00,0.00,0.00,0.00,0.00,0.00,0.00,Matches
151,Marlon Freitas,br BRA,MF,Botafogo (RJ),29-051,1995,5,4,319,3.5,0,1,1,0,0,0,1,0,0.1,0.1,0.6,0.6,5,42,4,0.00,0.28,0.28,0.00,0.28,0.02,0.16,0.18,0.02,0.18,Matches
152,Bruno Fuchs,br BRA,DF,Atlético Mineiro,25-046,1999,1,1,85,0.9,0,0,0,0,0,0,2,1,0.0,0.0,0.0,0.0,0,4,0,0.00,0.00,0.00,0.00,0.00,0.00,0.00,0.00,0.00,0.00,Matches
153,Gabriel,br BRA,DF,Bahia,23-011,2001,5,5,450,5.0,0,0,0,0,0,0,1,0,0.2,0.2,0.0,0.2,0,11,1,0.00,0.00,0.00,0.00,0.00,0.04,0.00,0.05,0.04,0.05,Matches
154,Gabriel,br BRA,GK,Juventude,31-233,1992,4,4,360,4.0,0,0,0,0,0,0,2,0,0.0,0.0,0.0,0.0,0,0,0,0.00,0.00,0.00,0.00,0.00,0.00,0.00,0.00,0.00,0.00,Matches
155,Marquinhos Gabriel,br BRA,MF,Criciúma,33-301,1990,3,3,232,2.6,0,0,0,0,0,0,1,0,0.0,0.0,0.4,0.5,2,8,12,0.00,0.00,0.00,0.00,0.00,0.01,0.17,0.18,0.01,0.18,Matches
156,Zé Gabriel,br BRA,MF,Vasco da Gama,25-117,1999,2,0,65,0.7,0,0,0,0,0,0,1,0,0.1,0.1,0.0,0.1,1,1,0,0.00,0.00,0.00,0.00,0.00,0.08,0.00,0.08,0.08,0.08,Matches
157,Pablo Galdames Millán,cl CHI,MF,Vasco da Gama,27-139,1996,6,5,411,4.6,0,0,0,0,0,0,2,0,0.1,0.1,0.3,0.4,5,30,10,0.00,0.00,0.00,0.00,0.00,0.03,0.07,0.09,0.03,0.09,Matches
158,Giuliano Galoppo,ar ARG,MF,São Paulo,24-334,1999,4,1,152,1.7,0,0,0,0,0,0,1,0,0.5,0.5,0.4,0.9,7,11,12,0.00,0.00,0.00,0.00,0.00,0.28,0.24,0.51,0.28,0.51,Matches
159,Léo Gamalho,br BRA,FW,Vitória,38-108,1986,1,0,17,0.2,0,0,0,0,0,0,0,0,0.0,0.0,0.0,0.0,1,2,1,0.00,0.00,0.00,0.00,0.00,0.00,0.00,0.00,0.00,0.00,Matches
160,Mateo Gamarra,py PAR,DF,Ath Paranaense,23-210,2000,3,3,270,3.0,0,0,0,0,0,0,1,0,0.6,0.6,0.0,0.6,3,12,0,0.00,0.00,0.00,0.00,0.00,0.21,0.00,0.21,0.21,0.21,Matches
161,Ganso,br BRA,MF,Fluminense,34-218,1989,5,5,360,4.0,1,2,3,1,0,0,3,0,0.3,0.3,0.5,0.8,4,26,5,0.25,0.50,0.75,0.25,0.75,0.08,0.14,0.21,0.08,0.21,Matches
162,Luan Garcia,br BRA,DF,Palmeiras,31-007,1993,3,3,237,2.6,0,0,0,0,0,0,0,0,0.0,0.0,0.0,0.0,1,1,0,0.00,0.00,0.00,0.00,0.00,0.00,0.00,0.00,0.00,0.00,Matches
163,Rodrigo Garro,ar ARG,MF,Corinthians,26-134,1998,6,6,509,5.7,0,1,1,0,0,0,2,0,0.3,0.3,1.0,1.4,9,29,18,0.00,0.18,0.18,0.00,0.18,0.06,0.18,0.24,0.06,0.24,Matches
164,Pedro Geromel,br BRA,DF,Grêmio,38-239,1985,1,1,90,1.0,0,0,0,0,0,0,0,0,0.0,0.0,0.0,0.0,0,1,0,0.00,0.00,0.00,0.00,0.00,0.00,0.00,0.00,0.00,0.00,Matches
165,Gerson,br BRA,"FW,MF",Flamengo,26-363,1997,6,2,266,3.0,0,1,1,0,0,0,0,0,0.1,0.1,0.4,0.5,7,20,29,0.00,0.34,0.34,0.00,0.34,0.02,0.14,0.16,0.02,0.16,Matches
166,Gilberto,br BRA,FW,Juventude,34-347,1989,1,1,17,0.2,0,0,0,0,0,0,0,0,0.1,0.1,0.0,0.1,0,0,0,0.00,0.00,0.00,0.00,0.00,0.37,0.00,0.37,0.37,0.37,Matches
167,Luciano Giménez,ar ARG,FW,Cuiabá,24-089,2000,2,0,57,0.6,0,0,0,0,0,0,0,0,0.0,0.0,0.0,0.0,0,0,2,0.00,0.00,0.00,0.00,0.00,0.00,0.00,0.00,0.00,0.00,Matches
168,Giovane,br BRA,DF,Corinthians,20-175,2003,1,0,12,0.1,0,0,0,0,0,0,0,0,0.0,0.0,0.0,0.1,0,0,1,0.00,0.00,0.00,0.00,0.00,0.12,0.35,0.47,0.12,0.47,Matches
169,Leonardo Godoy,ar ARG,DF,Ath Paranaense,29-019,1995,6,5,401,4.5,1,0,1,1,0,0,2,0,0.1,0.1,0.4,0.5,6,12,29,0.22,0.00,0.22,0.22,0.22,0.03,0.08,0.11,0.03,0.11,Matches
170,Bruno Gomes,br BRA,MF,Internacional,23-043,2001,2,1,58,0.6,0,0,0,0,0,0,0,0,0.0,0.0,0.2,0.2,3,5,2,0.00,0.00,0.00,0.00,0.00,0.00,0.34,0.34,0.00,0.34,Matches
171,Igor Gomes,br BRA,MF,Atlético Mineiro,25-061,1999,5,2,198,2.2,0,1,1,0,0,0,1,0,0.2,0.2,0.3,0.5,5,15,15,0.00,0.45,0.45,0.00,0.45,0.08,0.15,0.23,0.08,0.23,Matches
172,Igor Gomes,br BRA,DF,Internacional,23-072,2001,1,0,3,0.0,0,0,0,0,0,0,0,0,0.0,0.0,0.0,0.0,0,0,0,0.00,0.00,0.00,0.00,0.00,0.00,0.00,0.00,0.00,0.00,Matches
173,William Gomes,br BRA,DF,São Paulo,18-063,2006,1,0,26,0.3,0,0,0,0,0,0,0,0,0.1,0.1,0.0,0.1,5,0,3,0.00,0.00,0.00,0.00,0.00,0.50,0.00,0.50,0.50,0.50,Matches
174,Gustavo Gómez,py PAR,DF,Palmeiras,31-011,1993,5,5,450,5.0,0,0,0,0,0,0,2,0,0.5,0.5,0.4,0.8,1,17,2,0.00,0.00,0.00,0.00,0.00,0.09,0.08,0.17,0.09,0.17,Matches
175,Mateus Gonçalves Martins,br BRA,"MF,FW",Vitória,29-232,1994,4,1,210,2.3,0,0,0,0,0,0,0,0,0.2,0.2,0.4,0.5,6,4,15,0.00,0.00,0.00,0.00,0.00,0.07,0.15,0.22,0.07,0.22,Matches
176,Yony González,co COL,"MF,FW",Atl Goianiense,29-311,1994,3,0,100,1.1,0,0,0,0,0,0,0,0,0.1,0.1,0.1,0.2,1,4,11,0.00,0.00,0.00,0.00,0.00,0.12,0.06,0.18,0.12,0.18,Matches
177,Gregore,br BRA,MF,Botafogo (RJ),30-076,1994,5,3,284,3.2,0,0,0,0,0,0,1,0,0.0,0.0,0.1,0.1,1,15,3,0.00,0.00,0.00,0.00,0.00,0.00,0.02,0.02,0.00,0.02,Matches
178,Guga,br BRA,DF,Fluminense,25-262,1998,2,1,57,0.6,0,0,0,0,0,0,2,0,0.0,0.0,0.0,0.0,3,3,1,0.00,0.00,0.00,0.00,0.00,0.00,0.06,0.06,0.00,0.06,Matches
179,Guilherme,br BRA,DF,Red Bull Bragantino,22-093,2002,2,1,111,1.2,0,0,0,0,0,0,0,0,0.0,0.0,0.0,0.0,1,1,0,0.00,0.00,0.00,0.00,0.00,0.03,0.00,0.03,0.03,0.03,Matches
180,Luis Guilherme,br BRA,"FW,DF",Palmeiras,18-098,2006,4,1,138,1.5,0,1,1,0,0,0,0,0,0.3,0.3,0.9,1.2,10,5,15,0.00,0.65,0.65,0.00,0.65,0.22,0.57,0.79,0.22,0.79,Matches
181,Zé Guilherme,br BRA,DF,Grêmio,19-062,2005,3,1,82,0.9,0,0,0,0,0,0,0,0,0.0,0.0,0.0,0.0,2,3,7,0.00,0.00,0.00,0.00,0.00,0.00,0.00,0.00,0.00,0.00,Matches
182,Gustavinho,br BRA,MF,Red Bull Bragantino,20-024,2004,6,6,387,4.3,0,1,1,0,0,0,0,0,0.1,0.1,0.5,0.6,3,14,7,0.00,0.23,0.23,0.00,0.23,0.02,0.13,0.14,0.02,0.14,Matches
183,Gustavo,br BRA,GK,Criciúma,31-068,1993,1,1,90,1.0,0,0,0,0,0,0,0,0,0.0,0.0,0.0,0.0,0,0,0,0.00,0.00,0.00,0.00,0.00,0.00,0.00,0.00,0.00,0.00,Matches
184,Lucas Halter,br BRA,DF,Botafogo (RJ),24-015,2000,5,5,431,4.8,0,0,0,0,0,0,1,0,0.1,0.1,0.0,0.2,0,7,0,0.00,0.00,0.00,0.00,0.00,0.03,0.01,0.04,0.03,0.04,Matches
185,Thiago Heleno,br BRA,DF,Ath Paranaense,35-243,1988,3,3,270,3.0,0,0,0,0,0,0,1,0,0.0,0.0,0.0,0.0,0,8,0,0.00,0.00,0.00,0.00,0.00,0.00,0.01,0.01,0.00,0.01,Matches
186,Helinho,br BRA,FW,Red Bull Bragantino,24-022,2000,2,1,107,1.2,0,0,0,0,0,0,0,0,0.1,0.1,0.1,0.2,5,3,8,0.00,0.00,0.00,0.00,0.00,0.09,0.07,0.16,0.09,0.16,Matches
187,Bruno Henrique,br BRA,FW,Flamengo,33-139,1990,5,4,390,4.3,1,0,1,1,0,0,1,0,1.3,1.3,0.2,1.5,19,14,32,0.23,0.00,0.23,0.23,0.23,0.31,0.04,0.35,0.31,0.35,Matches
188,Bruno Henrique,br BRA,MF,Internacional,34-209,1989,4,3,234,2.6,0,1,1,0,0,0,0,0,0.0,0.0,0.3,0.3,1,11,4,0.00,0.38,0.38,0.00,0.38,0.01,0.11,0.13,0.01,0.13,Matches
189,Gustavo Henrique,br BRA,DF,Corinthians,31-054,1993,3,3,251,2.8,0,0,0,0,0,0,0,0,0.4,0.4,0.0,0.4,0,3,0,0.00,0.00,0.00,0.00,0.00,0.14,0.01,0.15,0.14,0.15,Matches
190,Luiz Henrique,br BRA,"MF,FW",Botafogo (RJ),23-136,2001,5,5,323,3.6,1,1,2,1,0,0,1,0,0.2,0.2,0.2,0.4,6,7,24,0.28,0.28,0.56,0.28,0.56,0.05,0.04,0.10,0.05,0.10,Matches
191,Paulo Henrique,br BRA,DF,Vasco da Gama,27-297,1996,6,5,452,5.0,0,0,0,0,0,0,0,0,0.3,0.3,0.1,0.4,13,23,19,0.00,0.00,0.00,0.00,0.00,0.07,0.02,0.09,0.07,0.09,Matches
192,Pedro Henrique,br BRA,FW,Corinthians,33-336,1990,2,2,75,0.8,0,0,0,0,0,0,1,0,0.1,0.1,0.4,0.5,2,2,3,0.00,0.00,0.00,0.00,0.00,0.08,0.49,0.57,0.08,0.57,Matches
193,Pedro Henrique,br BRA,DF,Red Bull Bragantino,28-228,1995,3,3,270,3.0,1,0,1,1,0,0,0,0,0.1,0.1,0.0,0.2,1,10,0,0.33,0.00,0.33,0.33,0.33,0.05,0.01,0.06,0.05,0.06,Matches
194,Hércules,br BRA,MF,Fortaleza,23-210,2000,5,4,354,3.9,1,0,1,1,0,0,1,0,0.3,0.3,0.0,0.3,5,17,9,0.25,0.00,0.25,0.25,0.25,0.07,0.00,0.07,0.07,0.07,Matches
195,Marcelo Hermes,br BRA,"DF,MF",Criciúma,29-106,1995,3,3,270,3.0,0,1,1,0,0,0,1,0,0.1,0.1,0.1,0.2,1,9,12,0.00,0.33,0.33,0.00,0.33,0.04,0.05,0.08,0.04,0.08,Matches
196,Diego Hernández,uy URU,"FW,MF",Botafogo (RJ),23-330,2000,4,0,121,1.3,0,1,1,0,0,0,2,0,0.0,0.0,0.1,0.1,1,6,7,0.00,0.74,0.74,0.00,0.74,0.00,0.09,0.09,0.00,0.09,Matches
197,Lucca Holanda,br BRA,"FW,DF",Internacional,21-045,2003,4,2,125,1.4,0,0,0,0,0,0,0,0,0.0,0.0,0.2,0.2,2,1,6,0.00,0.00,0.00,0.00,0.00,0.01,0.13,0.14,0.01,0.14,Matches
198,Hugo,br BRA,"DF,MF",Corinthians,26-262,1997,6,6,500,5.6,0,1,1,0,0,0,1,0,0.4,0.4,0.7,1.1,10,28,13,0.00,0.18,0.18,0.00,0.18,0.07,0.12,0.20,0.07,0.20,Matches
199,Hugo,br BRA,DF,Botafogo (RJ),22-240,2001,5,4,360,4.0,0,1,1,0,0,0,0,0,0.3,0.3,0.8,1.1,7,13,9,0.00,0.25,0.25,0.00,0.25,0.07,0.20,0.27,0.07,0.27,Matches
200,Vitor Hugo Amorim,br BRA,MF,Cruzeiro,20-089,2004,1,0,25,0.3,0,0,0,0,0,0,0,0,0.0,0.0,0.0,0.0,0,1,3,0.00,0.00,0.00,0.00,0.00,0.09,0.00,0.09,0.09,0.09,Matches
201,José Hugo,br BRA,DF,Vitória,24-213,1999,2,0,30,0.3,0,0,0,0,0,0,0,0,0.0,0.0,0.4,0.4,3,1,3,0.00,0.00,0.00,0.00,0.00,0.00,1.12,1.12,0.00,1.12,Matches
202,Victor Hugo,br BRA,FW,Flamengo,20-006,2004,3,0,21,0.2,0,0,0,0,0,0,0,0,0.0,0.0,0.0,0.0,0,1,2,0.00,0.00,0.00,0.00,0.00,0.00,0.00,0.00,0.00,0.00,Matches
203,Hulk,br BRA,FW,Atlético Mineiro,37-297,1986,4,4,330,3.7,0,2,2,0,0,0,1,0,0.3,0.3,0.6,0.9,4,9,19,0.00,0.55,0.55,0.00,0.55,0.07,0.18,0.25,0.07,0.25,Matches
204,José Hurtado,ec ECU,DF,Red Bull Bragantino,22-146,2001,3,3,270,3.0,0,0,0,0,0,0,0,0,0.1,0.1,0.0,0.1,10,8,12,0.00,0.00,0.00,0.00,0.00,0.03,0.01,0.05,0.03,0.05,Matches
205,Igor,br BRA,MF,Flamengo,21-071,2003,2,1,47,0.5,0,0,0,0,0,0,1,0,0.0,0.0,0.2,0.2,0,1,0,0.00,0.00,0.00,0.00,0.00,0.00,0.37,0.37,0.00,0.37,Matches
206,Gabriel Inocêncio,br BRA,DF,Juventude,29-271,1994,3,3,270,3.0,0,0,0,0,0,0,1,0,0.0,0.0,0.1,0.1,8,8,10,0.00,0.00,0.00,0.00,0.00,0.00,0.04,0.04,0.00,0.04,Matches
207,Isaac,br BRA,DF,Fluminense,20-023,2004,1,0,12,0.1,0,0,0,0,0,0,0,0,0.0,0.0,0.0,0.0,1,0,3,0.00,0.00,0.00,0.00,0.00,0.21,0.00,0.21,0.21,0.21,Matches
208,Zé Ivaldo,br BRA,"DF,MF",Cruzeiro,27-086,1997,4,3,315,3.5,0,0,0,0,0,0,2,0,0.3,0.3,0.2,0.5,5,11,0,0.00,0.00,0.00,0.00,0.00,0.08,0.05,0.13,0.08,0.13,Matches
209,Jadsom,br BRA,MF,Red Bull Bragantino,22-363,2001,6,4,371,4.1,0,0,0,0,0,0,2,0,0.1,0.1,0.2,0.3,0,18,2,0.00,0.00,0.00,0.00,0.00,0.02,0.05,0.06,0.02,0.06,Matches
210,Jadson,br BRA,MF,Juventude,30-261,1993,3,3,269,3.0,0,2,2,0,0,0,2,1,0.2,0.2,0.7,0.9,2,17,13,0.00,0.67,0.67,0.00,0.67,0.06,0.23,0.29,0.06,0.29,Matches
211,Janderson,br BRA,"FW,DF",Vitória,25-011,1999,3,2,175,1.9,0,0,0,0,0,0,0,0,0.1,0.1,0.1,0.2,8,3,15,0.00,0.00,0.00,0.00,0.00,0.03,0.08,0.11,0.03,0.11,Matches
212,Léo Jardim,br BRA,GK,Vasco da Gama,29-058,1995,6,6,540,6.0,0,0,0,0,0,0,0,0,0.0,0.0,0.0,0.0,0,0,0,0.00,0.00,0.00,0.00,0.00,0.00,0.00,0.00,0.00,0.00,Matches
213,Jeffinho,br BRA,"FW,MF",Botafogo (RJ),24-139,1999,6,5,324,3.6,1,1,2,1,0,0,2,0,1.7,1.7,0.4,2.2,6,9,22,0.28,0.28,0.56,0.28,0.56,0.49,0.12,0.61,0.49,0.61,Matches
214,Jemerson,br BRA,DF,Atlético Mineiro,31-267,1992,3,3,203,2.3,0,0,0,0,0,0,2,0,0.0,0.0,0.0,0.0,0,7,0,0.00,0.00,0.00,0.00,0.00,0.00,0.00,0.00,0.00,0.00,Matches
215,Caíque de Jesus Gonçalves,br BRA,MF,Juventude,28-220,1995,4,4,342,3.8,0,0,0,0,0,0,3,0,0.0,0.0,0.1,0.2,2,12,4,0.00,0.00,0.00,0.00,0.00,0.01,0.03,0.04,0.01,0.04,Matches
216,John,br BRA,GK,Botafogo (RJ),28-094,1996,3,3,270,3.0,0,0,0,0,0,0,1,0,0.0,0.0,0.0,0.0,0,0,0,0.00,0.00,0.00,0.00,0.00,0.00,0.00,0.00,0.00,0.00,Matches
217,Felipe Jonatan,br BRA,DF,Fortaleza,26-092,1998,2,2,148,1.6,0,0,0,0,0,0,0,0,0.0,0.0,0.0,0.0,2,9,4,0.00,0.00,0.00,0.00,0.00,0.01,0.01,0.02,0.01,0.02,Matches
218,Daniel Jr,br BRA,"MF,FW",Vitória,22-008,2002,2,0,31,0.3,0,0,0,0,0,0,0,0,0.0,0.0,0.1,0.1,0,0,4,0.00,0.00,0.00,0.00,0.00,0.03,0.24,0.27,0.03,0.27,Matches
219,Luciano Juba,br BRA,DF,Bahia,24-262,1999,6,6,540,6.0,0,0,0,0,0,0,0,0,0.1,0.1,0.3,0.4,4,28,10,0.00,0.00,0.00,0.00,0.00,0.01,0.06,0.07,0.01,0.07,Matches
220,Julimar,br BRA,"FW,MF",Ath Paranaense,23-113,2001,6,3,307,3.4,0,1,1,0,0,0,1,0,1.1,1.1,0.4,1.5,11,9,28,0.00,0.29,0.29,0.00,0.29,0.34,0.11,0.44,0.34,0.44,Matches
221,Lucas Kal,br BRA,"MF,DF",Atl Goianiense,28-062,1996,2,1,119,1.3,0,0,0,0,0,0,0,0,0.0,0.0,0.0,0.0,0,4,1,0.00,0.00,0.00,0.00,0.00,0.00,0.00,0.00,0.00,0.00,Matches
222,Walter Kannemann,ar ARG,DF,Grêmio,33-064,1991,2,2,103,1.1,0,0,0,0,0,0,2,0,0.0,0.0,0.0,0.0,1,2,0,0.00,0.00,0.00,0.00,0.00,0.00,0.00,0.00,0.00,0.00,Matches
223,Kanu,br BRA,DF,Bahia,27-071,1997,4,4,360,4.0,0,0,0,0,0,0,2,0,0.0,0.0,0.0,0.0,0,5,0,0.00,0.00,0.00,0.00,0.00,0.00,0.00,0.00,0.00,0.00,Matches
224,Alan Kardec,br BRA,FW,Atlético Mineiro,35-126,1989,1,0,12,0.1,0,0,0,0,0,0,0,0,0.0,0.0,0.0,0.0,1,0,1,0.00,0.00,0.00,0.00,0.00,0.00,0.00,0.00,0.00,0.00,Matches
225,Renato Kayser,br BRA,FW,Criciúma,28-090,1996,1,1,85,0.9,1,0,1,1,0,0,0,0,0.5,0.5,0.1,0.5,0,4,3,1.06,0.00,1.06,1.06,1.06,0.48,0.07,0.56,0.48,0.56,Matches
226,Renato Kayser,br BRA,FW,Fortaleza,28-090,1996,4,3,228,2.5,0,0,0,0,0,0,1,0,0.9,0.9,0.1,1.1,4,4,7,0.00,0.00,0.00,0.00,0.00,0.37,0.05,0.42,0.37,0.42,Matches
227,John Kennedy,br BRA,FW,Fluminense,21-365,2002,4,0,119,1.3,0,0,0,0,0,0,1,0,0.2,0.2,0.0,0.2,1,3,10,0.00,0.00,0.00,0.00,0.00,0.13,0.00,0.13,0.13,0.13,Matches
228,Keno,br BRA,FW,Fluminense,34-250,1989,1,1,78,0.9,0,0,0,0,0,0,0,0,0.3,0.3,0.0,0.4,4,3,6,0.00,0.00,0.00,0.00,0.00,0.37,0.04,0.41,0.37,0.41,Matches
229,Kleiton,br BRA,FW,Juventude,25-024,1999,1,0,29,0.3,0,0,0,0,0,0,0,0,0.5,0.5,0.0,0.5,2,1,0,0.00,0.00,0.00,0.00,0.00,1.57,0.00,1.57,1.57,1.57,Matches
230,Gabriel Knesowitsch,br BRA,DF,Cuiabá,20-212,2003,2,1,160,1.8,0,0,0,0,0,0,0,0,0.0,0.0,0.0,0.0,0,3,0,0.00,0.00,0.00,0.00,0.00,0.00,0.00,0.00,0.00,0.00,Matches
231,Benjamín Kuscevic,cl CHI,DF,Fortaleza,28-015,1996,2,2,180,2.0,0,0,0,0,0,0,0,0,0.0,0.0,0.0,0.0,0,1,0,0.00,0.00,0.00,0.00,0.00,0.00,0.00,0.00,0.00,0.00,Matches
232,Derik Lacerda,br BRA,"MF,FW",Cuiabá,24-233,1999,4,3,245,2.7,0,0,0,0,0,0,2,0,0.5,0.5,0.0,0.5,0,3,11,0.00,0.00,0.00,0.00,0.00,0.17,0.00,0.17,0.17,0.17,Matches
233,Ignacio Laquintana,uy URU,"FW,MF",Red Bull Bragantino,25-106,1999,4,2,165,1.8,1,0,1,1,0,0,0,0,0.5,0.5,0.0,0.6,4,5,15,0.55,0.00,0.55,0.55,0.55,0.29,0.03,0.32,0.29,0.32,Matches
234,Lázaro,br BRA,"FW,MF",Palmeiras,22-066,2002,6,2,232,2.6,1,0,1,1,0,0,0,0,1.0,1.0,0.3,1.2,10,20,28,0.39,0.00,0.39,0.39,0.39,0.37,0.11,0.48,0.37,0.48,Matches
235,Mauricio Lemos,uy URU,DF,Atlético Mineiro,28-141,1995,4,3,247,2.7,0,0,0,0,0,0,2,0,0.1,0.1,0.1,0.2,1,9,2,0.00,0.00,0.00,0.00,0.00,0.03,0.03,0.06,0.03,0.06,Matches
236,Willean Lepo,br BRA,DF,Vitória,27-122,1997,3,2,74,0.8,0,0,0,0,0,0,0,0,0.0,0.0,0.1,0.1,3,5,2,0.00,0.00,0.00,0.00,0.00,0.01,0.17,0.18,0.01,0.18,Matches
237,Lima,br BRA,MF,Fluminense,27-341,1996,6,5,410,4.6,2,0,2,2,0,0,3,0,0.4,0.4,0.1,0.4,6,11,8,0.44,0.00,0.44,0.44,0.44,0.08,0.02,0.10,0.08,0.10,Matches
238,Lincoln,br BRA,MF,Red Bull Bragantino,25-192,1998,3,0,83,0.9,0,0,0,0,0,0,0,0,0.1,0.1,0.0,0.1,2,9,3,0.00,0.00,0.00,0.00,0.00,0.12,0.00,0.12,0.12,0.12,Matches
239,José López,ar ARG,"FW,DF",Palmeiras,23-163,2000,5,3,243,2.7,0,0,0,0,0,0,3,0,0.3,0.3,0.2,0.6,3,6,14,0.00,0.00,0.00,0.00,0.00,0.13,0.08,0.21,0.13,0.21,Matches
240,Lorran,br BRA,"MF,FW",Flamengo,17-318,2006,4,1,125,1.4,1,1,2,1,0,0,0,0,0.9,0.9,0.4,1.3,6,6,14,0.72,0.72,1.44,0.72,1.44,0.63,0.27,0.90,0.63,0.90,Matches
241,Vágner Love,br BRA,MF,Atl Goianiense,39-341,1984,2,0,35,0.4,0,0,0,0,0,0,1,0,0.1,0.1,0.0,0.1,0,1,2,0.00,0.00,0.00,0.00,0.00,0.36,0.00,0.36,0.36,0.36,Matches
242,Lucão,br BRA,GK,Red Bull Bragantino,23-081,2001,2,1,135,1.5,0,0,0,0,0,0,0,0,0.0,0.0,0.0,0.0,0,0,0,0.00,0.00,0.00,0.00,0.00,0.00,0.00,0.00,0.00,0.00,Matches
243,Ayrton Lucas,br BRA,DF,Flamengo,26-333,1997,6,6,517,5.7,0,0,0,0,0,0,0,0,0.1,0.1,0.3,0.4,15,18,9,0.00,0.00,0.00,0.00,0.00,0.01,0.05,0.06,0.01,0.06,Matches
244,Jean Lucas,br BRA,MF,Bahia,25-330,1998,6,6,540,6.0,0,2,2,0,0,0,1,0,0.5,0.5,0.6,1.1,9,26,40,0.00,0.33,0.33,0.00,0.33,0.09,0.10,0.19,0.09,0.19,Matches
245,João Lucas,br BRA,DF,Juventude,26-069,1998,4,4,360,4.0,0,0,0,0,0,0,1,0,0.0,0.0,0.1,0.2,17,21,16,0.00,0.00,0.00,0.00,0.00,0.01,0.03,0.04,0.01,0.04,Matches
246,Luciano,br BRA,"MF,FW",São Paulo,30-365,1993,6,6,511,5.7,3,0,3,2,1,1,3,0,2.4,1.6,0.8,2.4,2,11,39,0.53,0.00,0.53,0.35,0.35,0.42,0.15,0.56,0.28,0.43,Matches
247,André Luis,br BRA,"MF,FW",Cuiabá,27-026,1997,4,0,87,1.0,0,0,0,0,0,0,0,0,0.0,0.0,0.0,0.0,1,1,3,0.00,0.00,0.00,0.00,0.00,0.00,0.00,0.00,0.00,0.00,Matches
248,Machado,br BRA,MF,Cruzeiro,28-118,1996,1,1,45,0.5,0,0,0,0,0,0,0,0,0.0,0.0,0.0,0.0,0,0,1,0.00,0.00,0.00,0.00,0.00,0.06,0.00,0.06,0.06,0.06,Matches
249,Imanol Machuca,ar ARG,"MF,FW",Fortaleza,24-123,2000,5,1,140,1.6,1,0,1,1,0,0,0,0,0.2,0.2,0.4,0.6,12,5,15,0.64,0.00,0.64,0.64,0.64,0.15,0.26,0.41,0.15,0.41,Matches
250,Guilherme Madruga,br BRA,MF,Cuiabá,23-188,2000,1,0,24,0.3,0,0,0,0,0,0,0,0,0.0,0.0,0.0,0.0,1,0,0,0.00,0.00,0.00,0.00,0.00,0.00,0.00,0.00,0.00,0.00,Matches
251,Mádson,br BRA,DF,Ath Paranaense,32-125,1992,5,1,139,1.5,0,0,0,0,0,0,0,0,0.0,0.0,0.2,0.2,1,4,7,0.00,0.00,0.00,0.00,0.00,0.02,0.13,0.15,0.02,0.15,Matches
252,Maguinho,br BRA,"DF,FW",Atl Goianiense,31-132,1993,3,2,180,2.0,0,1,1,0,0,0,0,1,0.0,0.0,0.1,0.1,1,2,3,0.00,0.50,0.50,0.00,0.50,0.01,0.06,0.07,0.01,0.07,Matches
253,Pablo Maia,br BRA,MF,São Paulo,22-128,2002,3,3,259,2.9,0,0,0,0,0,0,0,0,0.2,0.2,0.2,0.3,0,18,3,0.00,0.00,0.00,0.00,0.00,0.05,0.05,0.11,0.05,0.11,Matches
254,Thiago Maia,br BRA,MF,Internacional,27-055,1997,4,3,244,2.7,0,0,0,0,0,0,0,0,0.2,0.2,0.2,0.4,2,14,2,0.00,0.00,0.00,0.00,0.00,0.09,0.06,0.14,0.09,0.14,Matches
255,Walisson Maia,br BRA,DF,Criciúma,32-270,1991,3,2,201,2.2,0,1,1,0,0,0,0,0,0.1,0.1,0.6,0.8,0,1,1,0.00,0.45,0.45,0.00,0.45,0.05,0.29,0.34,0.05,0.34,Matches
256,Maicon,br BRA,DF,Vasco da Gama,35-246,1988,5,3,360,4.0,1,0,1,1,0,0,1,0,0.4,0.4,0.0,0.5,0,15,0,0.25,0.00,0.25,0.25,0.25,0.11,0.01,0.12,0.11,0.12,Matches
257,Hugo Mallo,es ESP,DF,Internacional,32-330,1991,1,1,76,0.8,0,0,0,0,0,0,1,0,0.0,0.0,0.0,0.0,2,2,3,0.00,0.00,0.00,0.00,0.00,0.00,0.00,0.00,0.00,0.00,Matches
258,Léo Mana,br BRA,DF,Corinthians,20-041,2004,1,0,9,0.1,0,0,0,0,0,0,0,0,0.0,0.0,0.0,0.0,1,1,1,0.00,0.00,0.00,0.00,0.00,0.00,0.00,0.00,0.00,0.00,Matches
259,Luis Mandaca,br BRA,"MF,FW",Juventude,22-228,2001,3,1,97,1.1,0,0,0,0,0,0,0,0,0.1,0.1,0.0,0.1,1,2,2,0.00,0.00,0.00,0.00,0.00,0.10,0.00,0.10,0.10,0.10,Matches
260,Manoel,br BRA,DF,Fluminense,34-081,1990,5,5,381,4.2,0,0,0,0,0,0,1,0,0.1,0.1,0.0,0.1,0,8,0,0.00,0.00,0.00,0.00,0.00,0.02,0.00,0.02,0.02,0.02,Matches
261,Fernando Marçal,br BRA,DF,Botafogo (RJ),35-088,1989,1,1,45,0.5,0,0,0,0,0,0,0,0,0.0,0.0,0.0,0.0,1,1,1,0.00,0.00,0.00,0.00,0.00,0.00,0.00,0.00,0.00,0.00,Matches
262,Marcelinho,br BRA,"MF,FW",Juventude,21-158,2002,4,1,157,1.7,0,1,1,0,0,0,0,0,0.2,0.2,0.0,0.3,0,4,10,0.00,0.57,0.57,0.00,0.57,0.14,0.02,0.16,0.14,0.16,Matches
263,Marcelo,br BRA,DF,Fluminense,36-005,1988,5,4,360,4.0,0,1,1,0,0,0,0,0,0.2,0.2,0.4,0.6,5,14,12,0.00,0.25,0.25,0.00,0.25,0.06,0.10,0.15,0.06,0.15,Matches
264,João Marcelo,br BRA,DF,Cruzeiro,23-339,2000,5,4,361,4.0,0,1,1,0,0,0,1,0,0.0,0.0,0.1,0.1,6,18,1,0.00,0.25,0.25,0.00,0.25,0.01,0.01,0.02,0.01,0.02,Matches
265,Agustín Marchesín,ar ARG,GK,Grêmio,36-062,1988,3,3,270,3.0,0,0,0,0,0,0,0,0,0.0,0.0,0.0,0.0,0,1,0,0.00,0.00,0.00,0.00,0.00,0.00,0.00,0.00,0.00,0.00,Matches
266,Zé Marcos,br BRA,DF,Juventude,26-106,1998,3,3,258,2.9,0,0,0,0,0,0,1,0,0.2,0.2,0.0,0.2,1,6,0,0.00,0.00,0.00,0.00,0.00,0.06,0.00,0.06,0.06,0.06,Matches
267,Erick Marcus,br BRA,"MF,FW",Vasco da Gama,20-077,2004,2,0,63,0.7,0,0,0,0,0,0,0,0,0.1,0.1,0.1,0.1,1,3,6,0.00,0.00,0.00,0.00,0.00,0.08,0.13,0.21,0.08,0.21,Matches
268,Marinho,br BRA,"FW,DF",Fortaleza,33-354,1990,5,3,243,2.7,0,0,0,0,0,0,1,0,0.3,0.3,0.5,0.7,10,9,15,0.00,0.00,0.00,0.00,0.00,0.11,0.17,0.28,0.11,0.28,Matches
269,Marlon,br BRA,DF,Cruzeiro,26-363,1997,5,5,450,5.0,0,0,0,0,0,0,0,0,0.1,0.1,0.4,0.4,13,27,21,0.00,0.00,0.00,0.00,0.00,0.01,0.08,0.09,0.01,0.09,Matches
270,Marquinhos,br BRA,"DF,FW",Fluminense,21-040,2003,6,6,537,6.0,0,1,1,0,0,0,2,0,0.3,0.3,1.6,1.9,24,11,42,0.00,0.17,0.17,0.00,0.17,0.05,0.27,0.32,0.05,0.32,Matches
271,Juan Martín Lucero,ar ARG,FW,Fortaleza,32-169,1991,4,2,214,2.4,1,1,2,1,0,0,2,0,0.2,0.2,0.0,0.3,1,0,8,0.42,0.42,0.84,0.42,0.84,0.09,0.02,0.11,0.09,0.11,Matches
272,Martinelli,br BRA,"MF,DF",Fluminense,23-007,2001,6,6,495,5.5,1,0,1,1,0,0,1,0,0.5,0.5,0.2,0.7,3,19,6,0.18,0.00,0.18,0.18,0.18,0.09,0.04,0.13,0.09,0.13,Matches
273,Adriano Martins,br BRA,DF,Atl Goianiense,27-046,1997,3,3,255,2.8,0,0,0,0,0,0,1,0,0.0,0.0,0.0,0.0,0,3,1,0.00,0.00,0.00,0.00,0.00,0.00,0.01,0.01,0.00,0.01,Matches
274,Gustavo Martins Santos,br BRA,DF,Grêmio,21-280,2002,3,2,257,2.9,1,0,1,1,0,0,0,0,0.7,0.7,0.0,0.7,0,11,1,0.35,0.00,0.35,0.35,0.35,0.24,0.00,0.24,0.24,0.24,Matches
275,Gonzalo Mastriani,uy URU,FW,Ath Paranaense,31-019,1993,5,1,147,1.6,1,0,1,1,0,0,0,0,0.3,0.3,0.0,0.3,0,3,11,0.61,0.00,0.61,0.61,0.61,0.18,0.00,0.18,0.18,0.18,Matches
276,Fellipe Mateus,br BRA,MF,Criciúma,33-095,1991,3,3,262,2.9,2,0,2,2,0,0,1,0,0.2,0.2,0.1,0.4,2,8,11,0.69,0.00,0.69,0.69,0.69,0.09,0.04,0.12,0.09,0.12,Matches
277,Matheusinho,br BRA,"FW,MF",Vitória,26-212,1997,5,5,394,4.4,1,2,3,1,0,0,1,0,0.6,0.6,1.4,2.0,8,11,21,0.23,0.46,0.69,0.23,0.69,0.13,0.32,0.46,0.13,0.46,Matches
278,Matheusinho,br BRA,"FW,MF",Criciúma,26-096,1998,2,0,25,0.3,1,0,1,1,0,0,0,0,0.1,0.1,0.0,0.1,0,1,1,3.60,0.00,3.60,3.60,3.60,0.45,0.00,0.45,0.45,0.45,Matches
279,Matheuzinho,br BRA,"DF,FW",Corinthians,23-252,2000,4,1,198,2.2,0,0,0,0,0,0,1,0,0.5,0.5,0.3,0.8,1,6,19,0.00,0.00,0.00,0.00,0.00,0.23,0.13,0.36,0.23,0.36,Matches
280,Mauricio,br BRA,MF,Internacional,22-361,2001,4,4,336,3.7,0,0,0,0,0,0,1,0,0.3,0.3,0.7,1.0,7,5,33,0.00,0.00,0.00,0.00,0.00,0.07,0.20,0.27,0.07,0.27,Matches
281,Max,br BRA,"MF,FW",Atl Goianiense,21-324,2002,4,0,43,0.5,0,0,0,0,0,0,0,0,0.0,0.0,0.1,0.1,1,1,1,0.00,0.00,0.00,0.00,0.00,0.00,0.18,0.18,0.00,0.18,Matches
282,Max,br BRA,MF,Cuiabá,23-005,2001,1,0,15,0.2,0,0,0,0,0,0,0,0,0.0,0.0,0.0,0.0,1,0,0,0.00,0.00,0.00,0.00,0.00,0.00,0.00,0.00,0.00,0.00,Matches
283,Maycon,br BRA,MF,Corinthians,26-307,1997,2,0,47,0.5,0,0,0,0,0,0,1,0,0.0,0.0,0.0,0.0,3,4,2,0.00,0.00,0.00,0.00,0.00,0.00,0.05,0.05,0.00,0.05,Matches
284,Mayke,br BRA,DF,Palmeiras,31-189,1992,5,4,340,3.8,0,0,0,0,0,0,3,0,0.0,0.0,0.1,0.1,4,12,20,0.00,0.00,0.00,0.00,0.00,0.00,0.02,0.02,0.00,0.02,Matches
285,Gary Medel,cl CHI,DF,Vasco da Gama,36-288,1987,2,2,108,1.2,0,0,0,0,0,0,0,0,0.0,0.0,0.0,0.0,0,1,1,0.00,0.00,0.00,0.00,0.00,0.00,0.00,0.00,0.00,0.00,Matches
286,Felipe Melo,br BRA,DF,Fluminense,40-326,1983,4,4,206,2.3,0,0,0,0,0,0,2,0,0.0,0.0,0.0,0.0,0,5,0,0.00,0.00,0.00,0.00,0.00,0.01,0.00,0.01,0.01,0.01,Matches
287,Douglas Mendes,br BRA,DF,Red Bull Bragantino,19-339,2004,3,3,270,3.0,0,0,0,0,0,0,1,0,0.1,0.1,0.0,0.1,2,6,0,0.00,0.00,0.00,0.00,0.00,0.02,0.00,0.02,0.02,0.02,Matches
288,Nathan Mendes,br BRA,DF,Red Bull Bragantino,21-272,2002,3,3,270,3.0,0,1,1,0,0,0,1,0,0.2,0.2,0.1,0.3,3,13,4,0.00,0.33,0.33,0.00,0.33,0.06,0.02,0.09,0.06,0.09,Matches
289,Gabriel Menino,br BRA,MF,Palmeiras,23-231,2000,5,3,281,3.1,0,0,0,0,0,0,2,0,0.2,0.2,0.2,0.3,4,17,9,0.00,0.00,0.00,0.00,0.00,0.05,0.06,0.11,0.05,0.11,Matches
290,Gabriel Mercado,ar ARG,DF,Internacional,37-060,1987,3,2,225,2.5,0,0,0,0,0,0,2,0,0.1,0.1,0.0,0.1,0,8,0,0.00,0.00,0.00,0.00,0.00,0.04,0.02,0.05,0.04,0.05,Matches
291,Higor Meritão,br BRA,MF,Criciúma,29-329,1994,3,3,255,2.8,1,0,1,1,0,0,1,0,0.7,0.7,0.0,0.7,2,9,2,0.35,0.00,0.35,0.35,0.35,0.24,0.00,0.24,0.24,0.24,Matches
292,Carlos Miguel,br BRA,GK,Corinthians,25-221,1998,3,3,270,3.0,0,0,0,0,0,0,1,0,0.0,0.0,0.1,0.1,0,0,0,0.00,0.00,0.00,0.00,0.00,0.00,0.02,0.02,0.00,0.02,Matches
293,Lucas Mineiro,br BRA,MF,Cuiabá,28-083,1996,2,1,102,1.1,0,0,0,0,0,0,0,0,0.0,0.0,0.0,0.0,1,2,3,0.00,0.00,0.00,0.00,0.00,0.00,0.00,0.00,0.00,0.00,Matches
294,Moises,br BRA,FW,Fortaleza,27-258,1996,5,0,137,1.5,0,0,0,0,0,0,0,0,0.4,0.4,0.2,0.6,8,3,8,0.00,0.00,0.00,0.00,0.00,0.28,0.14,0.42,0.28,0.42,Matches
295,Jacob Montes,ni NCA,"FW,MF",Botafogo (RJ),25-210,1998,1,0,19,0.2,1,0,1,1,0,0,0,0,0.1,0.1,0.0,0.1,0,0,1,4.74,0.00,4.74,4.74,4.74,0.59,0.00,0.59,0.59,0.59,Matches
296,Aníbal Moreno,ar ARG,MF,Palmeiras,25-004,1999,4,4,351,3.9,0,0,0,0,0,0,1,0,0.0,0.0,0.0,0.1,2,19,0,0.00,0.00,0.00,0.00,0.00,0.01,0.00,0.02,0.01,0.02,Matches
297,Henry Mosquera,co COL,"FW,MF",Red Bull Bragantino,22-184,2001,6,4,389,4.3,0,0,0,0,0,0,2,0,0.2,0.2,0.2,0.4,18,10,27,0.00,0.00,0.00,0.00,0.00,0.05,0.04,0.09,0.05,0.09,Matches
298,Gustavo Mosquito,br BRA,FW,Corinthians,26-253,1997,4,1,159,1.8,0,1,1,0,0,0,1,0,0.2,0.2,0.1,0.3,6,5,14,0.00,0.57,0.57,0.00,0.57,0.11,0.04,0.15,0.11,0.15,Matches
299,Jean Mota,br BRA,MF,Vitória,30-215,1993,3,0,78,0.9,0,0,0,0,0,0,0,0,0.0,0.0,0.2,0.2,0,5,6,0.00,0.00,0.00,0.00,0.00,0.05,0.22,0.27,0.05,0.27,Matches
300,Hugo Moura,br BRA,MF,Vasco da Gama,26-135,1998,3,2,130,1.4,0,1,1,0,0,0,1,1,0.0,0.0,0.3,0.3,2,7,3,0.00,0.69,0.69,0.00,0.69,0.00,0.22,0.22,0.00,0.22,Matches
301,Léo Naldi,br BRA,MF,Vitória,22-273,2001,2,1,74,0.8,0,0,0,0,0,0,1,0,0.1,0.1,0.0,0.1,0,5,4,0.00,0.00,0.00,0.00,0.00,0.14,0.00,0.14,0.14,0.14,Matches
302,Matheus Nascimento,br BRA,FW,Botafogo (RJ),20-075,2004,1,1,24,0.3,0,0,0,0,0,0,0,0,0.0,0.0,0.0,0.0,1,0,1,0.00,0.00,0.00,0.00,0.00,0.00,0.00,0.00,0.00,0.00,Matches
303,Nata,br BRA,"MF,DF",Grêmio,22-347,2001,2,0,8,0.1,0,0,0,0,0,0,0,0,0.0,0.0,0.0,0.0,0,0,0,0.00,0.00,0.00,0.00,0.00,0.00,0.00,0.00,0.00,0.00,Matches
304,Kaiky Naves,br BRA,FW,Palmeiras,22-009,2002,1,0,1,0.0,0,0,0,0,0,0,0,0,0.0,0.0,0.0,0.0,0,1,0,0.00,0.00,0.00,0.00,0.00,0.00,0.00,0.00,0.00,0.00,Matches
305,Nenê,br BRA,"MF,FW",Juventude,42-303,1981,4,4,267,3.0,0,0,0,0,0,0,0,0,0.1,0.1,0.2,0.3,4,13,19,0.00,0.00,0.00,0.00,0.00,0.03,0.07,0.10,0.03,0.10,Matches
306,Neris,br BRA,DF,Cruzeiro,31-335,1992,4,3,231,2.6,0,0,0,0,0,0,0,0,0.1,0.1,0.0,0.1,0,4,1,0.00,0.00,0.00,0.00,0.00,0.04,0.00,0.04,0.04,0.04,Matches
307,Rodrigo Nestor,br BRA,"MF,FW",São Paulo,23-282,2000,4,2,161,1.8,0,1,1,0,0,0,2,0,0.2,0.2,0.3,0.5,6,11,11,0.00,0.56,0.56,0.00,0.56,0.12,0.15,0.27,0.12,0.27,Matches
308,José Vitor Silva Neves,br BRA,"FW,MF",Ath Paranaense,24-015,2000,3,0,86,1.0,0,0,0,0,0,0,1,0,0.0,0.0,0.0,0.0,0,5,4,0.00,0.00,0.00,0.00,0.00,0.00,0.00,0.00,0.00,0.00,Matches
309,Newton,br BRA,MF,Criciúma,24-066,2000,1,0,15,0.2,0,0,0,0,0,0,0,0,0.0,0.0,0.0,0.0,0,0,0,0.00,0.00,0.00,0.00,0.00,0.00,0.00,0.00,0.00,0.00,Matches
310,Nikão,br BRA,"FW,MF",Ath Paranaense,31-293,1992,3,1,120,1.3,1,0,1,1,0,0,0,0,0.7,0.7,0.0,0.7,2,5,5,0.75,0.00,0.75,0.75,0.75,0.54,0.00,0.54,0.54,0.54,Matches
311,Gustavo Nunes,br BRA,FW,Grêmio,18-179,2005,4,1,203,2.3,0,0,0,0,0,0,2,0,0.1,0.1,0.1,0.2,12,6,21,0.00,0.00,0.00,0.00,0.00,0.05,0.05,0.10,0.05,0.10,Matches
312,Cauly Oliveira Souza,br BRA,"MF,FW",Bahia,28-245,1995,6,5,463,5.1,1,2,3,1,0,0,0,0,0.5,0.5,1.2,1.7,11,25,35,0.19,0.39,0.58,0.19,0.58,0.09,0.23,0.33,0.09,0.33,Matches
313,Leo Ortiz,br BRA,DF,Flamengo,28-135,1996,2,1,93,1.0,0,0,0,0,0,0,0,0,0.0,0.0,0.0,0.0,0,7,0,0.00,0.00,0.00,0.00,0.00,0.00,0.01,0.01,0.00,0.01,Matches
314,Osvaldo,br BRA,"MF,FW",Vitória,37-036,1987,4,4,245,2.7,0,0,0,0,0,0,0,0,0.7,0.7,0.1,0.7,6,3,18,0.00,0.00,0.00,0.00,0.00,0.25,0.03,0.28,0.25,0.28,Matches
315,Otávio,br BRA,MF,Atlético Mineiro,30-013,1994,5,5,450,5.0,0,0,0,0,0,0,0,0,0.1,0.1,0.1,0.2,7,31,6,0.00,0.00,0.00,0.00,0.00,0.01,0.02,0.04,0.01,0.04,Matches
316,Pablo,br BRA,"FW,MF",Ath Paranaense,31-329,1992,5,5,374,4.2,2,0,2,2,0,0,1,0,0.8,0.8,0.5,1.3,5,15,16,0.48,0.00,0.48,0.48,0.48,0.20,0.12,0.31,0.20,0.31,Matches
317,Pablo,br BRA,DF,Botafogo (RJ),32-331,1991,1,0,29,0.3,0,0,0,0,0,0,0,0,0.0,0.0,0.0,0.0,0,0,0,0.00,0.00,0.00,0.00,0.00,0.00,0.00,0.00,0.00,0.00,Matches
318,Bruno Pacheco,br BRA,DF,Fortaleza,32-161,1991,4,3,302,3.4,0,0,0,0,0,0,0,0,0.1,0.1,0.0,0.2,4,7,2,0.00,0.00,0.00,0.00,0.00,0.04,0.01,0.04,0.04,0.04,Matches
319,Patryck,br BRA,DF,São Paulo,21-120,2003,1,1,89,1.0,0,0,0,0,0,0,0,0,0.0,0.0,0.0,0.0,1,4,2,0.00,0.00,0.00,0.00,0.00,0.00,0.00,0.00,0.00,0.00,Matches
320,Patrick de Paula,br BRA,MF,Botafogo (RJ),24-252,1999,1,0,11,0.1,0,0,0,0,0,0,1,0,0.0,0.0,0.0,0.0,1,1,0,0.00,0.00,0.00,0.00,0.00,0.17,0.00,0.17,0.17,0.17,Matches
321,Paulinho,br BRA,FW,Atlético Mineiro,23-307,2000,5,5,403,4.5,2,1,3,1,1,1,2,0,2.1,1.3,0.4,1.7,14,11,40,0.45,0.22,0.67,0.22,0.45,0.46,0.08,0.54,0.29,0.37,Matches
322,Paulinho,br BRA,MF,Corinthians,35-297,1988,6,1,118,1.3,0,0,0,0,0,0,0,0,0.4,0.4,0.0,0.4,4,6,1,0.00,0.00,0.00,0.00,0.00,0.28,0.00,0.28,0.28,0.28,Matches
323,Cristian Pavón,ar ARG,FW,Grêmio,28-117,1996,2,2,111,1.2,0,1,1,0,0,0,0,0,0.3,0.3,0.6,0.8,4,4,8,0.00,0.81,0.81,0.00,0.81,0.21,0.46,0.68,0.21,0.68,Matches
324,Dimitri Payet,fr FRA,MF,Vasco da Gama,37-049,1987,2,2,111,1.2,0,2,2,0,0,0,0,0,0.6,0.6,0.8,1.3,2,13,10,0.00,1.62,1.62,0.00,1.62,0.45,0.62,1.07,0.45,1.07,Matches
325,Pedrão,br BRA,DF,Atl Goianiense,31-151,1992,2,1,105,1.2,0,0,0,0,0,0,1,0,0.2,0.2,0.0,0.2,0,0,0,0.00,0.00,0.00,0.00,0.00,0.13,0.00,0.13,0.13,0.13,Matches
326,Pedrinho,br BRA,MF,Atlético Mineiro,26-034,1998,1,0,25,0.3,0,0,0,0,0,0,0,0,0.0,0.0,0.0,0.0,1,4,4,0.00,0.00,0.00,0.00,0.00,0.00,0.00,0.00,0.00,0.00,Matches
327,Pedro,br BRA,FW,Flamengo,26-332,1997,6,5,450,5.0,2,0,2,1,1,1,0,0,1.9,1.1,0.5,1.6,7,9,23,0.40,0.00,0.40,0.20,0.20,0.38,0.10,0.48,0.22,0.32,Matches
328,João Pedro,br BRA,FW,Cruzeiro,21-105,2003,1,0,9,0.1,0,0,0,0,0,0,0,0,0.0,0.0,0.0,0.0,0,0,0,0.00,0.00,0.00,0.00,0.00,0.00,0.00,0.00,0.00,0.00,Matches
329,João Pedro,br BRA,MF,Vasco da Gama,19-028,2005,1,0,17,0.2,0,0,0,0,0,0,0,0,0.0,0.0,0.0,0.0,1,2,0,0.00,0.00,0.00,0.00,0.00,0.00,0.00,0.00,0.00,0.00,Matches
330,João Pedro,it ITA,FW,Grêmio,32-069,1992,4,2,207,2.3,0,0,0,0,0,0,0,0,0.6,0.6,0.0,0.7,0,5,12,0.00,0.00,0.00,0.00,0.00,0.28,0.01,0.28,0.28,0.28,Matches
331,João Pedro,br BRA,DF,Grêmio,27-184,1996,3,3,270,3.0,0,0,0,0,0,0,0,0,0.3,0.3,0.1,0.3,5,12,15,0.00,0.00,0.00,0.00,0.00,0.09,0.02,0.11,0.09,0.11,Matches
332,Léo Pelé,br BRA,DF,Vasco da Gama,28-072,1996,6,6,540,6.0,0,0,0,0,0,0,1,0,0.0,0.0,0.1,0.2,11,30,1,0.00,0.00,0.00,0.00,0.00,0.01,0.02,0.03,0.01,0.03,Matches
333,Carlos de Pena,uy URU,"MF,FW",Bahia,32-067,1992,6,0,76,0.8,0,1,1,0,0,0,2,0,0.1,0.1,1.0,1.1,2,5,1,0.00,1.18,1.18,0.00,1.18,0.10,1.24,1.33,0.10,1.33,Matches
334,Léo Pereira,br BRA,DF,Flamengo,28-107,1996,6,6,526,5.8,0,0,0,0,0,0,3,0,0.2,0.2,0.6,0.7,5,22,4,0.00,0.00,0.00,0.00,0.00,0.03,0.10,0.13,0.03,0.13,Matches
335,Matheus Pereira,pt POR,FW,Cruzeiro,28-012,1996,5,5,439,4.9,2,0,2,2,0,0,2,0,1.2,1.2,0.5,1.7,13,27,22,0.41,0.00,0.41,0.41,0.41,0.24,0.11,0.35,0.24,0.35,Matches
336,Yago Pikachu,br BRA,"DF,FW",Fortaleza,31-347,1992,5,3,232,2.6,0,0,0,0,0,0,1,0,0.6,0.6,0.1,0.7,8,11,13,0.00,0.00,0.00,0.00,0.00,0.24,0.05,0.29,0.24,0.29,Matches
337,Joaquín Piquerez,uy URU,DF,Palmeiras,25-267,1998,5,5,432,4.8,0,0,0,0,0,0,0,0,0.2,0.2,0.5,0.8,12,31,15,0.00,0.00,0.00,0.00,0.00,0.05,0.11,0.16,0.05,0.16,Matches
338,Rafael Pires,br BRA,GK,São Paulo,34-329,1989,6,6,540,6.0,0,0,0,0,0,0,0,0,0.0,0.0,0.0,0.0,0,0,0,0.00,0.00,0.00,0.00,0.00,0.00,0.00,0.00,0.00,0.00,Matches
339,Lucas Piton,br BRA,DF,Vasco da Gama,23-221,2000,6,6,540,6.0,0,0,0,0,0,0,1,0,0.2,0.2,0.5,0.7,17,17,42,0.00,0.00,0.00,0.00,0.00,0.03,0.09,0.12,0.03,0.12,Matches
340,Isidro Pitta,py PAR,FW,Cuiabá,24-277,1999,4,3,206,2.3,0,0,0,0,0,0,0,0,0.3,0.3,0.6,0.9,3,5,7,0.00,0.00,0.00,0.00,0.00,0.11,0.27,0.38,0.11,0.38,Matches
341,Tomas Pochettino,ar ARG,MF,Fortaleza,28-106,1996,4,4,323,3.6,1,1,2,1,0,0,1,0,0.2,0.2,1.2,1.4,9,14,17,0.28,0.28,0.56,0.28,0.56,0.06,0.33,0.40,0.06,0.40,Matches
342,Mateo Ponte,uy URU,DF,Botafogo (RJ),20-359,2003,4,4,296,3.3,1,0,1,1,0,0,1,0,0.3,0.3,0.1,0.4,8,9,18,0.30,0.00,0.30,0.30,0.30,0.08,0.03,0.11,0.08,0.11,Matches
343,Werik Popó,br BRA,FW,Juventude,22-213,2001,2,0,22,0.2,0,0,0,0,0,0,0,0,0.0,0.0,0.2,0.2,0,0,4,0.00,0.00,0.00,0.00,0.00,0.00,0.63,0.63,0.00,0.63,Matches
344,Gustavo Prado,br BRA,"FW,MF",Internacional,18-346,2005,4,0,109,1.2,0,0,0,0,0,0,0,0,0.1,0.1,0.4,0.5,2,2,11,0.00,0.00,0.00,0.00,0.00,0.10,0.31,0.41,0.10,0.41,Matches
345,Bruno Praxedes,br BRA,MF,Vasco da Gama,22-099,2002,1,0,24,0.3,0,0,0,0,0,0,1,0,0.0,0.0,0.3,0.3,2,2,1,0.00,0.00,0.00,0.00,0.00,0.00,1.26,1.26,0.00,1.26,Matches
346,Erick Pulgar,cl CHI,MF,Flamengo,30-123,1994,4,4,315,3.5,0,0,0,0,0,0,1,0,0.2,0.2,0.0,0.2,0,12,1,0.00,0.00,0.00,0.00,0.00,0.06,0.00,0.06,0.06,0.06,Matches
347,Du Queiroz,br BRA,MF,Grêmio,24-119,2000,4,3,227,2.5,0,0,0,0,0,0,1,0,0.0,0.0,0.0,0.0,5,21,9,0.00,0.00,0.00,0.00,0.00,0.00,0.01,0.01,0.00,0.01,Matches
348,Igor Rabello,br BRA,DF,Atlético Mineiro,29-019,1995,4,1,188,2.1,0,0,0,0,0,0,0,0,0.0,0.0,0.0,0.0,0,4,0,0.00,0.00,0.00,0.00,0.00,0.00,0.01,0.01,0.00,0.01,Matches
349,Zé Rafael,br BRA,MF,Palmeiras,30-336,1993,2,1,90,1.0,0,0,0,0,0,0,1,0,0.0,0.0,0.1,0.1,1,3,2,0.00,0.00,0.00,0.00,0.00,0.00,0.07,0.07,0.00,0.07,Matches
350,Railan,br BRA,DF,Cuiabá,24-068,2000,1,1,90,1.0,0,0,0,0,0,0,0,0,0.0,0.0,0.0,0.0,1,2,1,0.00,0.00,0.00,0.00,0.00,0.00,0.00,0.00,0.00,0.00,Matches
351,Eric Ramires,br BRA,"MF,FW",Red Bull Bragantino,23-281,2000,6,3,316,3.5,0,1,1,0,0,0,1,0,0.5,0.5,0.1,0.6,4,10,7,0.00,0.28,0.28,0.00,0.28,0.14,0.04,0.18,0.14,0.18,Matches
352,Ramon,br BRA,DF,Cuiabá,23-065,2001,1,1,70,0.8,0,0,0,0,0,0,0,0,0.0,0.0,0.0,0.0,1,1,3,0.00,0.00,0.00,0.00,0.00,0.00,0.00,0.00,0.00,0.00,Matches
353,Raniele,br BRA,"MF,DF",Corinthians,27-138,1996,5,5,395,4.4,0,0,0,0,0,0,3,0,0.4,0.4,0.0,0.5,5,7,5,0.00,0.00,0.00,0.00,0.00,0.10,0.00,0.10,0.10,0.10,Matches
354,Rafael Ratão,br BRA,FW,Bahia,28-169,1995,3,0,37,0.4,1,0,1,1,0,0,0,0,1.1,1.1,0.0,1.1,1,1,7,2.43,0.00,2.43,2.43,2.43,2.72,0.00,2.72,2.72,2.72,Matches
355,Raul,br BRA,MF,Red Bull Bragantino,27-311,1996,3,2,129,1.4,0,0,0,0,0,0,0,0,0.0,0.0,0.1,0.1,1,6,0,0.00,0.00,0.00,0.00,0.00,0.01,0.05,0.06,0.01,0.06,Matches
356,Pedro Raul,br BRA,FW,Corinthians,27-194,1996,4,1,154,1.7,0,0,0,0,0,0,0,0,0.1,0.1,0.0,0.1,2,3,12,0.00,0.00,0.00,0.00,0.00,0.04,0.03,0.07,0.04,0.07,Matches
357,Robert Renan,br BRA,DF,Internacional,20-219,2003,2,1,103,1.1,0,0,0,0,0,0,1,0,0.0,0.0,0.0,0.0,1,7,0,0.00,0.00,0.00,0.00,0.00,0.02,0.00,0.02,0.02,0.02,Matches
358,Renê,br BRA,DF,Internacional,31-246,1992,4,4,360,4.0,0,0,0,0,0,0,1,0,0.6,0.6,0.1,0.7,15,43,2,0.00,0.00,0.00,0.00,0.00,0.15,0.04,0.18,0.15,0.18,Matches
359,Rezende,br BRA,"MF,DF",Bahia,29-136,1995,6,1,197,2.2,0,0,0,0,0,0,1,0,0.1,0.1,0.0,0.1,1,6,1,0.00,0.00,0.00,0.00,0.00,0.03,0.00,0.03,0.03,0.03,Matches
360,Rhaldney,br BRA,MF,Atl Goianiense,25-179,1998,4,3,243,2.7,0,0,0,0,0,0,3,0,0.0,0.0,0.1,0.1,0,8,2,0.00,0.00,0.00,0.00,0.00,0.00,0.03,0.03,0.00,0.03,Matches
361,Everton Ribeiro,br BRA,"MF,FW",Bahia,35-037,1989,6,6,416,4.6,0,1,1,0,0,0,2,0,0.5,0.5,0.5,1.1,9,46,23,0.00,0.22,0.22,0.00,0.22,0.12,0.11,0.23,0.12,0.23,Matches
362,Wesley Ribeiro,br BRA,FW,Corinthians,19-073,2005,6,5,427,4.7,2,0,2,2,0,0,1,0,0.8,0.8,1.4,2.2,21,16,36,0.42,0.00,0.42,0.42,0.42,0.17,0.30,0.47,0.17,0.47,Matches
363,João Ricardo Riedi,br BRA,GK,Fortaleza,35-254,1988,5,5,450,5.0,0,0,0,0,0,0,0,0,0.0,0.0,0.0,0.0,0,0,0,0.00,0.00,0.00,0.00,0.00,0.00,0.00,0.00,0.00,0.00,Matches
364,Rikelme,br BRA,DF,Cuiabá,20-306,2003,4,3,299,3.3,0,0,0,0,0,0,0,0,0.0,0.0,0.0,0.0,1,4,6,0.00,0.00,0.00,0.00,0.00,0.01,0.00,0.01,0.01,0.01,Matches
365,Rildo,br BRA,"MF,FW",Juventude,24-117,2000,2,0,36,0.4,0,0,0,0,0,0,0,0,0.2,0.2,0.0,0.2,1,1,2,0.00,0.00,0.00,0.00,0.00,0.53,0.00,0.53,0.53,0.53,Matches
366,Richard Ríos,co COL,MF,Palmeiras,23-350,2000,6,4,349,3.9,1,0,1,1,0,0,1,0,0.3,0.3,0.2,0.5,4,10,14,0.26,0.00,0.26,0.26,0.26,0.08,0.04,0.12,0.08,0.12,Matches
367,Robert,br BRA,DF,Cruzeiro,19-034,2005,1,0,11,0.1,0,1,1,0,0,0,0,0,0.0,0.0,0.1,0.1,0,0,1,0.00,8.18,8.18,0.00,8.18,0.14,0.57,0.71,0.14,0.71,Matches
368,Kaique Rocha,br BRA,DF,Ath Paranaense,23-079,2001,6,6,540,6.0,0,0,0,0,0,0,0,0,0.4,0.4,0.6,1.0,1,16,2,0.00,0.00,0.00,0.00,0.00,0.06,0.10,0.16,0.06,0.16,Matches
369,Marcos Rocha,br BRA,DF,Palmeiras,35-158,1988,4,2,200,2.2,0,0,0,0,0,0,0,0,0.0,0.0,0.0,0.0,4,13,8,0.00,0.00,0.00,0.00,0.00,0.00,0.02,0.02,0.00,0.02,Matches
370,Sergio Rochet,uy URU,GK,Internacional,31-055,1993,4,4,360,4.0,0,0,0,0,0,0,0,0,0.0,0.0,0.0,0.0,0,0,0,0.00,0.00,0.00,0.00,0.00,0.00,0.00,0.00,0.00,0.00,Matches
371,Rodrigo,br BRA,MF,São Paulo,20-062,2004,2,0,53,0.6,0,0,0,0,0,0,0,0,0.5,0.5,0.0,0.5,5,1,4,0.00,0.00,0.00,0.00,0.00,0.78,0.06,0.84,0.78,0.84,Matches
372,Emiliano Rodríguez,uy URU,FW,Atl Goianiense,20-306,2003,5,4,281,3.1,0,0,0,0,0,0,0,0,0.5,0.5,0.1,0.5,3,2,13,0.00,0.00,0.00,0.00,0.00,0.15,0.03,0.17,0.15,0.17,Matches
373,James Rodríguez,co COL,MF,São Paulo,32-310,1991,2,0,38,0.4,0,0,0,0,0,0,0,0,0.0,0.0,0.0,0.0,0,6,3,0.00,0.00,0.00,0.00,0.00,0.00,0.00,0.00,0.00,0.00,Matches
374,Robert Rojas,py PAR,DF,Vasco da Gama,28-017,1996,1,0,4,0.0,0,0,0,0,0,0,0,0,0.0,0.0,0.0,0.0,0,0,0,0.00,0.00,0.00,0.00,0.00,0.00,0.00,0.00,0.00,0.00,Matches
375,Guilherme Romão,br BRA,DF,Atl Goianiense,26-223,1997,5,5,450,5.0,0,0,0,0,0,0,1,0,0.6,0.6,0.0,0.6,9,26,18,0.00,0.00,0.00,0.00,0.00,0.12,0.00,0.12,0.12,0.12,Matches
376,Ángel Romero,py PAR,FW,Corinthians,31-318,1992,6,5,404,4.5,0,0,0,0,0,0,2,0,1.0,1.0,0.2,1.2,5,16,32,0.00,0.00,0.00,0.00,0.00,0.23,0.05,0.28,0.23,0.28,Matches
377,Lucas Romero,ar ARG,MF,Cruzeiro,30-029,1994,4,4,355,3.9,0,0,0,0,0,0,2,1,0.2,0.2,0.1,0.3,1,29,3,0.00,0.00,0.00,0.00,0.00,0.04,0.03,0.07,0.04,0.07,Matches
378,Óscar Romero,py PAR,"FW,MF",Botafogo (RJ),31-318,1992,4,1,134,1.5,0,1,1,0,0,0,1,0,0.1,0.1,0.2,0.2,1,6,11,0.00,0.67,0.67,0.00,0.67,0.04,0.12,0.16,0.04,0.16,Matches
379,Rômulo,br BRA,DF,Atlético Mineiro,20-107,2004,1,0,45,0.5,0,0,0,0,0,0,0,0,0.1,0.1,0.0,0.1,0,0,2,0.00,0.00,0.00,0.00,0.00,0.11,0.00,0.11,0.11,0.11,Matches
380,Romulo,br BRA,MF,Internacional,24-077,2000,2,1,85,0.9,0,0,0,0,0,0,1,0,0.0,0.0,0.0,0.0,0,3,0,0.00,0.00,0.00,0.00,0.00,0.00,0.00,0.00,0.00,0.00,Matches
381,Romulo,br BRA,MF,Palmeiras,22-223,2001,3,0,53,0.6,0,0,0,0,0,0,0,0,0.0,0.0,0.3,0.4,1,4,12,0.00,0.00,0.00,0.00,0.00,0.06,0.57,0.64,0.06,0.64,Matches
382,Ronald,br BRA,MF,Grêmio,21-096,2003,1,0,6,0.1,0,0,0,0,0,0,0,0,0.0,0.0,0.0,0.0,0,0,0,0.00,0.00,0.00,0.00,0.00,0.00,0.00,0.00,0.00,0.00,Matches
383,Ronaldo,br BRA,GK,Atl Goianiense,27-269,1996,5,5,450,5.0,0,1,1,0,0,0,1,0,0.0,0.0,0.2,0.2,0,0,0,0.00,0.20,0.20,0.00,0.20,0.00,0.04,0.04,0.00,0.04,Matches
384,Budiga Roni,br BRA,MF,Atl Goianiense,25-032,1999,2,2,135,1.5,0,0,0,0,0,0,2,0,0.0,0.0,0.0,0.0,0,3,1,0.00,0.00,0.00,0.00,0.00,0.00,0.00,0.00,0.00,0.00,Matches
385,Rony,br BRA,FW,Palmeiras,29-006,1995,6,3,319,3.5,0,0,0,0,0,0,1,0,0.7,0.7,0.2,0.9,2,2,14,0.00,0.00,0.00,0.00,0.00,0.20,0.05,0.25,0.20,0.25,Matches
386,Matheus Rossetto,br BRA,MF,Fortaleza,27-349,1996,1,1,90,1.0,0,0,0,0,0,0,0,0,0.0,0.0,0.0,0.0,3,3,0,0.00,0.00,0.00,0.00,0.00,0.00,0.02,0.02,0.00,0.02,Matches
387,Rossi,br BRA,FW,Vasco da Gama,31-025,1993,5,5,220,2.4,0,1,1,0,0,0,1,0,0.0,0.0,0.5,0.5,5,3,23,0.00,0.41,0.41,0.00,0.41,0.00,0.20,0.20,0.00,0.20,Matches
388,Agustín Rossi,ar ARG,GK,Flamengo,28-270,1995,6,6,540,6.0,0,0,0,0,0,0,0,0,0.0,0.0,0.0,0.0,0,0,0,0.00,0.00,0.00,0.00,0.00,0.00,0.00,0.00,0.00,0.00,Matches
389,Ruan,br BRA,"MF,FW",Juventude,19-014,2005,2,0,49,0.5,0,0,0,0,0,0,0,0,0.1,0.1,0.0,0.1,0,0,4,0.00,0.00,0.00,0.00,0.00,0.13,0.00,0.13,0.13,0.13,Matches
390,Rubens,br BRA,DF,Atlético Mineiro,22-331,2001,1,1,9,0.1,0,0,0,0,0,0,0,0,0.0,0.0,0.0,0.0,0,0,2,0.00,0.00,0.00,0.00,0.00,0.00,0.00,0.00,0.00,0.00,Matches
391,Alan Ruschel,br BRA,DF,Juventude,34-268,1989,1,1,90,1.0,0,0,0,0,0,0,0,0,0.0,0.0,0.1,0.1,4,8,6,0.00,0.00,0.00,0.00,0.00,0.00,0.14,0.14,0.00,0.14,Matches
392,Rodrigo Sam,br BRA,DF,Juventude,28-298,1995,3,1,150,1.7,0,0,0,0,0,0,1,0,0.0,0.0,0.1,0.1,0,5,0,0.00,0.00,0.00,0.00,0.00,0.00,0.06,0.06,0.00,0.06,Matches
393,Alex Santana,br BRA,"MF,FW",Ath Paranaense,29-004,1995,3,0,100,1.1,0,0,0,0,0,0,1,0,0.1,0.1,0.0,0.1,1,2,0,0.00,0.00,0.00,0.00,0.00,0.06,0.00,0.06,0.06,0.06,Matches
394,Ademir Santos,br BRA,"FW,MF",Bahia,29-091,1995,5,2,178,2.0,0,0,0,0,0,0,0,0,0.3,0.3,0.0,0.3,11,2,16,0.00,0.00,0.00,0.00,0.00,0.15,0.00,0.15,0.15,0.15,Matches
395,Allyson Aires dos Santos,br BRA,DF,Cuiabá,33-207,1990,1,1,90,1.0,0,0,0,0,0,0,0,0,0.0,0.0,0.0,0.0,0,1,0,0.00,0.00,0.00,0.00,0.00,0.00,0.00,0.00,0.00,0.00,Matches
396,Eduardo Santos,br BRA,DF,Red Bull Bragantino,26-171,1997,3,2,225,2.5,0,0,0,0,0,0,0,0,0.0,0.0,0.0,0.0,3,17,5,0.00,0.00,0.00,0.00,0.00,0.00,0.00,0.00,0.00,0.00,Matches
397,Juan Santos,br BRA,FW,São Paulo,22-072,2002,2,1,61,0.7,0,1,1,0,0,0,0,0,0.5,0.5,0.1,0.7,1,1,2,0.00,1.48,1.48,0.00,1.48,0.80,0.17,0.97,0.80,0.97,Matches
398,Júnior Santos,br BRA,"FW,MF",Botafogo (RJ),29-219,1994,6,5,431,4.8,1,1,2,1,0,0,1,0,1.7,1.7,0.8,2.5,13,13,39,0.21,0.21,0.42,0.21,0.42,0.35,0.17,0.52,0.35,0.52,Matches
399,Renzo Saravia,ar ARG,DF,Atlético Mineiro,30-336,1993,5,5,450,5.0,0,0,0,0,0,0,1,0,0.0,0.0,0.1,0.2,12,31,7,0.00,0.00,0.00,0.00,0.00,0.01,0.03,0.03,0.01,0.03,Matches
400,Eduardo Sasha,br BRA,FW,Red Bull Bragantino,32-083,1992,5,5,374,4.2,2,0,2,2,0,0,1,0,0.7,0.7,0.2,0.8,3,11,15,0.48,0.00,0.48,0.48,0.48,0.16,0.04,0.20,0.16,0.20,Matches
401,Lucas Sasha,br BRA,MF,Fortaleza,34-077,1990,3,1,100,1.1,0,0,0,0,0,0,0,0,0.0,0.0,0.5,0.5,0,3,7,0.00,0.00,0.00,0.00,0.00,0.02,0.44,0.46,0.02,0.46,Matches
402,Jefferson Savarino,ve VEN,"MF,FW",Botafogo (RJ),27-188,1996,6,3,364,4.0,2,1,3,2,0,0,1,0,0.4,0.4,0.3,0.8,8,22,27,0.49,0.25,0.74,0.49,0.74,0.11,0.08,0.19,0.11,0.19,Matches
403,Gustavo Scarpa,br BRA,"MF,FW",Atlético Mineiro,30-133,1994,5,4,316,3.5,2,2,4,2,0,0,0,0,0.4,0.4,1.1,1.5,13,29,33,0.57,0.57,1.14,0.57,1.14,0.10,0.32,0.43,0.10,0.43,Matches
404,Cleiton Schwengber,br BRA,GK,Red Bull Bragantino,26-272,1997,5,5,405,4.5,0,0,0,0,0,0,0,0,0.0,0.0,0.0,0.0,0,0,0,0.00,0.00,0.00,0.00,0.00,0.00,0.00,0.00,0.00,0.00,Matches
405,Juan Sforza,ar ARG,MF,Vasco da Gama,22-093,2002,6,5,412,4.6,0,0,0,0,0,0,2,0,0.2,0.1,0.0,0.1,3,19,2,0.00,0.00,0.00,0.00,0.00,0.04,0.00,0.04,0.03,0.03,Matches
406,Shaylon,br BRA,"MF,FW",Atl Goianiense,27-020,1997,5,5,431,4.8,0,0,0,0,0,1,0,0,1.0,0.2,1.6,1.8,7,21,15,0.00,0.00,0.00,0.00,0.00,0.21,0.33,0.54,0.04,0.38,Matches
407,André Silva,br BRA,"MF,FW",São Paulo,26-349,1997,6,3,282,3.1,1,1,2,1,0,0,0,0,0.4,0.4,0.4,0.8,4,8,18,0.32,0.32,0.64,0.32,0.64,0.12,0.14,0.26,0.12,0.26,Matches
408,Luan Silva,br BRA,MF,Vitória,25-003,1999,3,2,131,1.5,0,0,0,0,0,0,0,0,0.0,0.0,0.0,0.0,0,5,0,0.00,0.00,0.00,0.00,0.00,0.00,0.00,0.00,0.00,0.00,Matches
409,Lucas Silva,br BRA,MF,Cruzeiro,31-091,1993,5,5,381,4.2,1,0,1,1,0,0,1,0,0.2,0.2,0.1,0.3,4,13,7,0.24,0.00,0.24,0.24,0.24,0.04,0.02,0.06,0.04,0.06,Matches
410,Rafael Silva,br BRA,FW,Cruzeiro,32-043,1992,5,5,347,3.9,2,0,2,2,0,0,1,0,1.3,1.3,0.1,1.4,3,8,19,0.52,0.00,0.52,0.52,0.52,0.35,0.01,0.36,0.35,0.36,Matches
411,Everton Soares,br BRA,FW,Flamengo,28-056,1996,3,3,144,1.6,0,0,0,0,0,0,0,0,0.2,0.2,0.0,0.2,7,3,10,0.00,0.00,0.00,0.00,0.00,0.13,0.00,0.13,0.13,0.13,Matches
412,Tiquinho Soares,br BRA,FW,Botafogo (RJ),33-121,1991,3,2,200,2.2,2,0,2,1,1,1,1,0,1.7,0.9,0.4,1.3,0,5,9,0.90,0.00,0.90,0.45,0.45,0.78,0.17,0.95,0.43,0.60,Matches
413,Fernando Sobral,br BRA,MF,Cuiabá,29-152,1994,4,4,284,3.2,0,0,0,0,0,0,1,0,0.1,0.1,0.4,0.6,1,17,12,0.00,0.00,0.00,0.00,0.00,0.05,0.14,0.19,0.05,0.19,Matches
414,Yeferson Soteldo,ve VEN,FW,Grêmio,26-322,1997,4,4,268,3.0,1,1,2,1,0,0,0,0,0.3,0.3,0.5,0.8,12,11,18,0.34,0.34,0.67,0.34,0.67,0.10,0.16,0.26,0.10,0.26,Matches
415,Igor Vinícius de Souza,br BRA,DF,São Paulo,27-046,1997,6,6,490,5.4,0,1,1,0,0,0,3,0,0.8,0.8,0.6,1.4,16,22,57,0.00,0.18,0.18,0.00,0.18,0.14,0.11,0.25,0.14,0.25,Matches
416,Everaldo Stum,br BRA,FW,Bahia,32-317,1991,6,3,255,2.8,3,0,3,2,1,1,2,0,2.4,1.6,0.5,2.2,3,4,20,1.06,0.00,1.06,0.71,0.71,0.86,0.19,1.05,0.58,0.77,Matches
417,Damián Suárez,uy URU,DF,Botafogo (RJ),36-020,1988,4,2,235,2.6,0,0,0,0,0,0,0,0,0.0,0.0,0.1,0.1,2,8,13,0.00,0.00,0.00,0.00,0.00,0.01,0.04,0.05,0.01,0.05,Matches
418,Talisson,br BRA,FW,Red Bull Bragantino,21-362,2002,1,0,14,0.2,0,0,0,0,0,0,0,0,0.0,0.0,0.0,0.0,0,0,0,0.00,0.00,0.00,0.00,0.00,0.07,0.00,0.07,0.07,0.07,Matches
419,Tchê Tchê,br BRA,MF,Botafogo (RJ),31-261,1992,4,2,279,3.1,0,0,0,0,0,0,0,0,0.1,0.1,1.3,1.3,8,15,4,0.00,0.00,0.00,0.00,0.00,0.02,0.41,0.43,0.02,0.43,Matches
420,David Terans,uy URU,"MF,FW",Fluminense,29-280,1994,3,0,53,0.6,0,0,0,0,0,0,0,0,0.0,0.0,0.0,0.0,1,0,1,0.00,0.00,0.00,0.00,0.00,0.00,0.00,0.00,0.00,0.00,Matches
421,Thaciano,br BRA,FW,Bahia,29-005,1995,6,6,470,5.2,1,0,1,1,0,0,2,0,1.4,1.4,0.1,1.5,5,8,24,0.19,0.00,0.19,0.19,0.19,0.26,0.02,0.28,0.26,0.28,Matches
422,Thiaguinho,br BRA,MF,Juventude,27-036,1997,2,0,44,0.5,0,0,0,0,0,0,0,0,0.0,0.0,0.0,0.0,1,3,0,0.00,0.00,0.00,0.00,0.00,0.00,0.00,0.00,0.00,0.00,Matches
423,Guilherme Tinga,br BRA,DF,Fortaleza,30-259,1993,5,4,368,4.1,0,0,0,0,0,0,1,0,0.0,0.0,0.2,0.2,6,16,14,0.00,0.00,0.00,0.00,0.00,0.00,0.05,0.05,0.00,0.05,Matches
424,Titi,br BRA,DF,Fortaleza,36-066,1988,5,5,450,5.0,0,0,0,0,0,0,1,0,0.1,0.1,0.0,0.1,1,5,0,0.00,0.00,0.00,0.00,0.00,0.02,0.00,0.02,0.02,0.02,Matches
425,Félix Torres Caicedo,ec ECU,DF,Corinthians,27-127,1997,6,6,540,6.0,0,0,0,0,0,0,0,0,0.3,0.3,0.8,1.1,1,21,0,0.00,0.00,0.00,0.00,0.00,0.05,0.13,0.18,0.05,0.18,Matches
426,Miguel Trauco,pe PER,"DF,MF",Criciúma,31-266,1992,2,1,95,1.1,0,0,0,0,0,0,1,0,0.0,0.0,0.0,0.0,2,8,0,0.00,0.00,0.00,0.00,0.00,0.00,0.00,0.00,0.00,0.00,Matches
427,Bruno Tubarão,br BRA,DF,Atl Goianiense,29-073,1995,4,4,360,4.0,0,0,0,0,0,0,1,0,0.0,0.0,0.0,0.0,10,18,7,0.00,0.00,0.00,0.00,0.00,0.01,0.01,0.01,0.01,0.01,Matches
428,Bruno Uvini,br BRA,DF,Vitória,32-349,1991,3,3,270,3.0,0,0,0,0,0,0,1,0,0.0,0.0,0.0,0.0,0,7,0,0.00,0.00,0.00,0.00,0.00,0.02,0.00,0.02,0.02,0.02,Matches
429,Vanderlan,br BRA,DF,Palmeiras,21-253,2002,2,1,108,1.2,0,0,0,0,0,0,0,0,0.0,0.0,0.0,0.0,0,2,5,0.00,0.00,0.00,0.00,0.00,0.01,0.00,0.01,0.01,0.01,Matches
430,Guillermo Varela,uy URU,DF,Flamengo,31-054,1993,4,4,335,3.7,0,0,0,0,0,0,0,0,0.0,0.0,0.3,0.3,3,9,14,0.00,0.00,0.00,0.00,0.00,0.00,0.09,0.09,0.00,0.09,Matches
431,Eduardo Vargas,cl CHI,FW,Atlético Mineiro,34-179,1989,5,1,134,1.5,3,0,3,3,0,0,0,0,1.6,1.6,0.4,2.0,2,7,14,2.01,0.00,2.01,2.01,2.01,1.09,0.26,1.35,1.09,1.35,Matches
432,Pablo Vegetti,ar ARG,FW,Vasco da Gama,35-215,1988,6,6,522,5.8,3,0,3,3,0,1,1,0,3.4,2.6,0.6,3.2,1,10,25,0.52,0.00,0.52,0.52,0.52,0.58,0.11,0.70,0.45,0.56,Matches
433,Raphael Veiga,br BRA,MF,Palmeiras,28-333,1995,5,5,400,4.4,0,0,0,0,0,1,1,0,1.2,0.4,0.2,0.6,6,20,5,0.00,0.00,0.00,0.00,0.00,0.27,0.04,0.31,0.09,0.13,Matches
434,Fausto Vera,ar ARG,MF,Corinthians,24-052,2000,4,2,190,2.1,0,0,0,0,0,0,0,0,0.1,0.1,0.1,0.2,6,17,4,0.00,0.00,0.00,0.00,0.00,0.04,0.04,0.08,0.04,0.08,Matches
435,Gabriel Veron,br BRA,"FW,MF",Cruzeiro,21-257,2002,4,0,79,0.9,0,0,0,0,0,0,0,0,0.2,0.2,0.1,0.4,1,4,13,0.00,0.00,0.00,0.00,0.00,0.28,0.12,0.40,0.28,0.40,Matches
436,João Victor,br BRA,DF,Vasco da Gama,25-305,1998,4,2,219,2.4,0,0,0,0,0,0,1,0,0.0,0.0,0.3,0.3,6,14,3,0.00,0.00,0.00,0.00,0.00,0.01,0.13,0.14,0.01,0.14,Matches
437,Felipe Vieira,,DF,Fluminense,,,4,0,132,1.5,0,0,0,0,0,0,0,0,0.0,0.0,0.0,0.0,1,1,0,0.00,0.00,0.00,0.00,0.00,0.00,0.00,0.00,0.00,0.00,Matches
438,Mathías Villasanti,py PAR,MF,Grêmio,27-114,1997,4,4,360,4.0,0,1,1,0,0,0,0,0,0.2,0.2,0.6,0.9,2,24,11,0.00,0.25,0.25,0.00,0.25,0.05,0.16,0.21,0.05,0.21,Matches
439,Matías Viña,uy URU,DF,Flamengo,26-190,1997,3,1,98,1.1,0,0,0,0,0,0,0,0,0.0,0.0,0.0,0.0,3,1,10,0.00,0.00,0.00,0.00,0.00,0.02,0.00,0.02,0.02,0.02,Matches
440,Alix Vinicius,br BRA,DF,Atl Goianiense,24-193,1999,4,4,314,3.5,0,0,0,0,0,0,0,1,0.2,0.2,0.1,0.3,0,4,4,0.00,0.00,0.00,0.00,0.00,0.06,0.03,0.10,0.06,0.10,Matches
441,Mateus Vital,br BRA,MF,Cruzeiro,26-095,1998,4,0,68,0.8,1,0,1,1,0,0,0,0,0.2,0.2,0.0,0.2,1,5,5,1.32,0.00,1.32,1.32,1.32,0.21,0.00,0.21,0.21,0.21,Matches
442,Vitão,br BRA,DF,Internacional,24-105,2000,4,4,360,4.0,0,0,0,0,0,0,1,0,0.2,0.2,0.0,0.2,11,20,1,0.00,0.00,0.00,0.00,0.00,0.06,0.00,0.06,0.06,0.06,Matches
443,Vitinho,br BRA,"FW,MF",Red Bull Bragantino,25-046,1999,6,4,359,4.0,2,2,4,2,0,0,2,0,0.3,0.3,0.7,1.0,16,4,35,0.50,0.50,1.00,0.50,1.00,0.06,0.18,0.24,0.06,0.24,Matches
444,Rayan Vitor,br BRA,"FW,MF",Vasco da Gama,17-288,2006,4,1,172,1.9,0,0,0,0,0,0,0,0,0.7,0.6,0.8,1.4,4,4,12,0.00,0.00,0.00,0.00,0.00,0.35,0.40,0.75,0.32,0.72,Matches
445,Felipe Vizeu,br BRA,FW,Criciúma,27-066,1997,1,0,30,0.3,0,0,0,0,0,0,0,0,0.0,0.0,0.2,0.2,0,1,2,0.00,0.00,0.00,0.00,0.00,0.14,0.52,0.66,0.14,0.66,Matches
446,Wagner,br BRA,DF,Vitória,24-299,1999,4,4,276,3.1,1,0,1,1,0,0,0,1,1.1,1.1,0.0,1.1,1,8,0,0.33,0.00,0.33,0.33,0.33,0.36,0.01,0.37,0.36,0.37,Matches
447,Walter,br BRA,GK,Cuiabá,36-181,1987,4,4,360,4.0,0,0,0,0,0,0,0,0,0.0,0.0,0.0,0.0,0,0,0,0.00,0.00,0.00,0.00,0.00,0.00,0.00,0.00,0.00,0.00,Matches
448,Wanderson,br BRA,"FW,MF",Internacional,29-223,1994,3,3,181,2.0,0,0,0,0,0,0,0,0,0.2,0.2,0.5,0.7,3,3,9,0.00,0.00,0.00,0.00,0.00,0.12,0.23,0.35,0.12,0.35,Matches
449,Welington,br BRA,DF,São Paulo,23-088,2001,4,3,235,2.6,0,0,0,0,0,0,0,0,0.1,0.1,0.2,0.2,5,8,18,0.00,0.00,0.00,0.00,0.00,0.02,0.07,0.10,0.02,0.10,Matches
450,José Welison,br BRA,MF,Fortaleza,29-067,1995,4,2,151,1.7,0,0,0,0,0,0,0,0,0.0,0.0,0.0,0.0,1,10,1,0.00,0.00,0.00,0.00,0.00,0.01,0.01,0.02,0.01,0.02,Matches
451,Wesley,br BRA,DF,Flamengo,20-254,2003,2,1,115,1.3,0,0,0,0,0,0,0,0,0.0,0.0,0.3,0.3,1,5,7,0.00,0.00,0.00,0.00,0.00,0.00,0.21,0.21,0.00,0.21,Matches
452,Wesley,br BRA,"FW,MF",Internacional,25-048,1999,4,3,302,3.4,2,1,3,2,0,0,2,0,0.7,0.7,1.1,1.7,17,12,32,0.60,0.30,0.89,0.60,0.89,0.19,0.32,0.51,0.19,0.51,Matches
453,Wéverton,br BRA,GK,Palmeiras,36-156,1987,6,6,540,6.0,0,0,0,0,0,0,1,0,0.0,0.0,0.0,0.0,0,0,0,0.00,0.00,0.00,0.00,0.00,0.00,0.00,0.00,0.00,0.00,Matches
454,William,br BRA,DF,Cruzeiro,29-044,1995,5,5,450,5.0,0,1,1,0,0,0,1,0,0.1,0.1,1.0,1.1,15,34,32,0.00,0.20,0.20,0.00,0.20,0.02,0.20,0.23,0.02,0.23,Matches
455,Willian,br BRA,MF,Vitória,31-001,1993,4,4,360,4.0,1,0,1,1,0,0,0,0,0.2,0.2,0.1,0.2,3,22,2,0.25,0.00,0.25,0.25,0.25,0.04,0.02,0.06,0.04,0.06,Matches
456,Samuel Xavier,br BRA,DF,Fluminense,33-346,1990,3,3,225,2.5,0,1,1,0,0,0,0,0,0.1,0.1,0.5,0.6,5,7,7,0.00,0.40,0.40,0.00,0.40,0.03,0.20,0.23,0.03,0.23,Matches
457,Bruno Zapelli,ar ARG,"MF,FW",Ath Paranaense,22-000,2002,6,2,238,2.6,0,1,1,0,0,0,0,0,0.5,0.5,0.9,1.4,6,10,10,0.00,0.38,0.38,0.00,0.38,0.19,0.35,0.54,0.19,0.54,Matches
458,Federico Zaracho,ar ARG,MF,Atlético Mineiro,26-068,1998,5,4,275,3.1,1,0,1,1,0,0,0,0,0.4,0.4,0.0,0.5,2,11,15,0.33,0.00,0.33,0.33,0.33,0.15,0.01,0.16,0.15,0.16,Matches
459,Zeca,br BRA,DF,Vitória,30-001,1994,5,4,388,4.3,0,0,0,0,0,0,1,0,0.1,0.1,0.2,0.2,13,16,12,0.00,0.00,0.00,0.00,0.00,0.02,0.04,0.05,0.02,0.05,Matches
