Rk;Player;Nation;Pos;Squad;Age;Born;MP;Starts;Min;90s;Gls;Ast;G+A;G-PK;PK;PKatt;CrdY;CrdR;xG;npxG;xAG;npxG+xAG;PrgC;PrgP;PrgR;Gls_2;Ast_2;G+A_2;G-PK_2;G+A-PK;xG_2;xAG_2;xG+xAG_2;npxG_2;npxG+xAG_2;Matches;Curr_Date
1;Abner;br BRA;MF;Juventude;20-029;2004;1;0;8;0.1;0;0;0;0;0;0;0;0;0.0;0.0;0.0;0.0;0;1;0;0.00;0.00;0.00;0.00;0.00;0.00;0.00;0.00;0.00;0.00;Matches;2024-05-18
2;Luiz Adriano;br BRA;FW;Vitória;37-036;1987;4;0;76;0.8;0;0;0;0;0;0;0;0;0.1;0.1;0.0;0.1;0;1;4;0.00;0.00;0.00;0.00;0.00;0.15;0.00;0.15;0.15;0.15;Matches;2024-05-18
3;Adson;br BRA;FW,MF;Vasco da Gama;23-225;2000;5;0;104;1.2;0;0;0;0;0;0;0;0;0.2;0.2;0.2;0.4;5;6;16;0.00;0.00;0.00;0.00;0.00;0.16;0.19;0.35;0.16;0.35;Matches;2024-05-18
4;Lucas Alario;ar ARG;FW,MF;Internacional;31-223;1992;2;0;42;0.5;0;0;0;0;0;0;1;0;0.1;0.1;0.0;0.1;0;0;1;0.00;0.00;0.00;0.00;0.00;0.18;0.00;0.18;0.18;0.18;Matches;2024-05-18
5;Yuri Alberto;br BRA;FW;Corinthians;23-061;2001;4;2;213;2.4;0;0;0;0;0;0;1;0;0.8;0.8;0.1;0.9;3;2;17;0.00;0.00;0.00;0.00;0.00;0.35;0.03;0.38;0.35;0.38;Matches;2024-05-18
6;Alerrandro;br BRA;FW;Vitória;24-127;2000;4;4;276;3.1;0;0;0;0;0;0;1;0;0.5;0.5;0.0;0.6;3;4;12;0.00;0.00;0.00;0.00;0.00;0.18;0.01;0.18;0.18;0.18;Matches;2024-05-18
7;Caio Alexandre;br BRA;MF;Bahia;25-084;1999;6;6;442;4.9;1;0;1;1;0;0;1;0;0.1;0.1;0.5;0.6;3;36;2;0.20;0.00;0.20;0.20;0.20;0.03;0.09;0.12;0.03;0.12;Matches;2024-05-18
8;Matheus Alexandre;br BRA;DF;Cuiabá;25-041;1999;3;3;270;3.0;0;0;0;0;0;0;2;0;0.1;0.1;0.1;0.3;1;9;10;0.00;0.00;0.00;0.00;0.00;0.04;0.05;0.09;0.04;0.09;Matches;2024-05-18
9;Alexsander;br BRA;MF;Fluminense;20-223;2003;3;1;145;1.6;0;1;1;0;0;0;2;0;0.1;0.1;0.4;0.5;7;8;3;0.00;0.62;0.62;0.00;0.62;0.06;0.26;0.33;0.06;0.33;Matches;2024-05-18
10;Alisson;br BRA;GK;Criciúma;28-345;1995;2;2;180;2.0;0;0;0;0;0;0;1;0;0.0;0.0;0.0;0.0;0;0;0;0.00;0.00;0.00;0.00;0.00;0.00;0.00;0.00;0.00;0.00;Matches;2024-05-18
11;Alisson;br BRA;DF,MF;Atlético Mineiro;18-240;2005;4;1;122;1.4;0;0;0;0;0;0;0;0;0.2;0.2;0.1;0.4;4;8;15;0.00;0.00;0.00;0.00;0.00;0.17;0.11;0.28;0.17;0.28;Matches;2024-05-18
12;Alisson;br BRA;MF;São Paulo;30-328;1993;6;6;516;5.7;0;1;1;0;0;0;1;0;0.2;0.2;0.3;0.5;5;40;10;0.00;0.17;0.17;0.00;0.17;0.04;0.05;0.09;0.04;0.09;Matches;2024-05-18
13;Allan;br BRA;MF;Flamengo;27-076;1997;5;4;346;3.8;0;0;0;0;0;0;2;0;0.0;0.0;0.0;0.1;2;13;5;0.00;0.00;0.00;0.00;0.00;0.01;0.01;0.02;0.01;0.02;Matches;2024-05-18
14;Anderson;br BRA;GK;Cruzeiro;26-074;1998;5;5;450;5.0;0;0;0;0;0;0;0;0;0.0;0.0;0.0;0.0;0;0;0;0.00;0.00;0.00;0.00;0.00;0.00;0.00;0.00;0.00;0.00;Matches;2024-05-18
15;Kervin Andrade;ve VEN;MF;Fortaleza;19-035;2005;1;1;70;0.8;1;0;1;1;0;0;0;0;0.1;0.1;0.2;0.3;0;3;6;1.29;0.00;1.29;1.29;1.29;0.14;0.26;0.41;0.14;0.41;Matches;2024-05-18
16;Rodrigo Andrade;br BRA;MF,FW;Vitória;26-349;1997;3;3;233;2.6;0;0;0;0;0;0;0;0;0.1;0.1;0.0;0.1;3;5;8;0.00;0.00;0.00;0.00;0.00;0.03;0.00;0.03;0.03;0.03;Matches;2024-05-18
17;André;br BRA;MF,DF;Fluminense;22-307;2001;3;3;270;3.0;0;0;0;0;0;0;2;0;0.0;0.0;0.0;0.0;1;20;6;0.00;0.00;0.00;0.00;0.00;0.00;0.01;0.01;0.00;0.01;Matches;2024-05-18
18;Wilker Ángel;ve VEN;DF;Criciúma;31-061;1993;2;1;69;0.8;0;0;0;0;0;0;0;0;0.0;0.0;0.0;0.0;0;1;0;0.00;0.00;0.00;0.00;0.00;0.00;0.00;0.00;0.00;0.00;Matches;2024-05-18
19;Guilherme Arana;br BRA;DF;Atlético Mineiro;27-034;1997;5;3;372;4.1;1;1;2;1;0;0;1;0;0.1;0.1;0.3;0.4;10;25;34;0.24;0.24;0.48;0.24;0.48;0.03;0.08;0.11;0.03;0.11;Matches;2024-05-18
20;Luiz Araújo;br BRA;FW,MF;Flamengo;27-351;1996;6;3;360;4.0;1;0;1;1;0;0;0;0;0.6;0.6;0.1;0.7;12;12;33;0.25;0.00;0.25;0.25;0.25;0.14;0.03;0.17;0.14;0.17;Matches;2024-05-18
21;Michel Araujo;uy URU;DF,MF;São Paulo;27-233;1996;5;3;245;2.7;0;1;1;0;0;0;3;0;0.2;0.2;0.5;0.8;10;13;19;0.00;0.37;0.37;0.00;0.37;0.08;0.20;0.28;0.08;0.28;Matches;2024-05-18
22;Robert Arboleda;ec ECU;DF;São Paulo;32-209;1991;6;6;540;6.0;1;0;1;1;0;0;0;0;0.5;0.5;0.4;0.9;1;15;0;0.17;0.00;0.17;0.17;0.17;0.08;0.07;0.15;0.08;0.15;Matches;2024-05-18
23;Lucas Arcanjo;br BRA;GK;Vitória;25-284;1998;5;5;450;5.0;0;0;0;0;0;0;0;0;0.0;0.0;0.0;0.0;0;0;0;0.00;0.00;0.00;0.00;0.00;0.00;0.00;0.00;0.00;0.00;Matches;2024-05-18
24;Jhon Arias;co COL;FW;Fluminense;26-240;1997;6;6;540;6.0;0;1;1;0;0;0;1;0;0.8;0.8;0.4;1.2;20;17;42;0.00;0.17;0.17;0.00;0.17;0.13;0.06;0.20;0.13;0.20;Matches;2024-05-18
25;Santiago Arias;co COL;DF;Bahia;32-126;1992;6;6;540;6.0;0;0;0;0;0;0;1;0;0.1;0.1;0.8;0.9;12;23;38;0.00;0.00;0.00;0.00;0.00;0.02;0.13;0.15;0.02;0.15;Matches;2024-05-18
26;Arthur;br BRA;FW;Cruzeiro;25-320;1998;5;5;343;3.8;1;1;2;1;0;0;1;0;0.1;0.1;0.3;0.4;10;7;30;0.26;0.26;0.52;0.26;0.52;0.02;0.08;0.10;0.02;0.10;Matches;2024-05-18
27;Arthur;br BRA;FW,MF;Criciúma;31-338;1992;3;1;90;1.0;0;0;0;0;0;0;0;0;0.0;0.0;0.0;0.1;0;4;2;0.00;0.00;0.00;0.00;0.00;0.05;0.05;0.09;0.05;0.09;Matches;2024-05-18
28;Filipe Augusto;br BRA;MF;Cuiabá;30-280;1993;1;0;14;0.2;0;0;0;0;0;0;1;0;0.0;0.0;0.0;0.0;1;1;1;0.00;0.00;0.00;0.00;0.00;0.00;0.00;0.00;0.00;0.00;Matches;2024-05-18
29;Renato Augusto;br BRA;FW,MF;Fluminense;36-100;1988;2;0;62;0.7;1;0;1;1;0;0;0;0;0.4;0.4;0.1;0.5;0;3;2;1.45;0.00;1.45;1.45;1.45;0.64;0.09;0.73;0.64;0.73;Matches;2024-05-18
30;Gabriel Baralhas;br BRA;MF;Atl Goianiense;25-221;1998;4;4;323;3.6;0;0;0;0;0;0;1;0;0.2;0.2;0.0;0.2;2;19;7;0.00;0.00;0.00;0.00;0.00;0.05;0.01;0.07;0.05;0.07;Matches;2024-05-18
31;Danilo Barbosa;br BRA;MF;Botafogo (RJ);28-080;1996;6;4;319;3.5;3;0;3;3;0;0;2;0;0.9;0.9;0.0;0.9;4;12;3;0.85;0.00;0.85;0.85;0.85;0.26;0.00;0.26;0.26;0.26;Matches;2024-05-18
32;Diogo Barbosa;br BRA;DF;Fluminense;31-275;1992;3;2;156;1.7;0;0;0;0;0;0;1;0;0.0;0.0;0.1;0.1;2;4;5;0.00;0.00;0.00;0.00;0.00;0.00;0.03;0.03;0.00;0.03;Matches;2024-05-18
33;Gabriel Barbosa;br BRA;FW;Flamengo;27-262;1996;1;0;45;0.5;0;0;0;0;0;0;0;0;0.0;0.0;0.0;0.0;0;0;2;0.00;0.00;0.00;0.00;0.00;0.00;0.00;0.00;0.00;0.00;Matches;2024-05-18
34;Lucas Barbosa;br BRA;MF,FW;Juventude;23-086;2001;4;4;294;3.3;1;1;2;1;0;0;1;0;1.3;1.3;0.2;1.5;6;17;21;0.31;0.31;0.61;0.31;0.61;0.38;0.07;0.45;0.38;0.45;Matches;2024-05-18
35;Alexander Barboza;ar ARG;DF,FW;Botafogo (RJ);29-063;1995;4;1;124;1.4;0;0;0;0;0;0;2;1;0.1;0.1;0.0;0.1;1;10;2;0.00;0.00;0.00;0.00;0.00;0.06;0.00;0.06;0.06;0.06;Matches;2024-05-18
36;Mateo Barcia;uy URU;MF;Criciúma;23-089;2001;1;0;12;0.1;0;0;0;0;0;0;0;0;0.0;0.0;0.0;0.0;0;0;0;0.00;0.00;0.00;0.00;0.00;0.00;0.00;0.00;0.00;0.00;Matches;2024-05-18
37;Álvaro Barreal;ar ARG;MF,FW;Cruzeiro;23-275;2000;5;1;196;2.2;0;2;2;0;0;0;0;0;0.4;0.4;0.1;0.6;2;8;21;0.00;0.92;0.92;0.00;0.92;0.20;0.07;0.26;0.20;0.26;Matches;2024-05-18
38;Barreto;br BRA;MF;Criciúma;28-160;1995;3;3;258;2.9;0;1;1;0;0;0;0;0;0.0;0.0;0.1;0.1;1;11;3;0.00;0.35;0.35;0.00;0.35;0.00;0.05;0.05;0.00;0.05;Matches;2024-05-18
39;Gabriel Barros;br BRA;FW,MF;Atl Goianiense;22-206;2001;2;1;79;0.9;0;0;0;0;0;0;2;1;0.0;0.0;0.0;0.0;0;3;4;0.00;0.00;0.00;0.00;0.00;0.00;0.05;0.05;0.00;0.05;Matches;2024-05-18
40;Bastos;ao ANG;DF;Botafogo (RJ);33-052;1991;6;6;486;5.4;0;0;0;0;0;0;1;0;0.1;0.1;0.0;0.1;1;21;0;0.00;0.00;0.00;0.00;0.00;0.03;0.00;0.03;0.03;0.03;Matches;2024-05-18
41;Rodrigo Battaglia;ar ARG;DF;Atlético Mineiro;32-311;1991;3;3;216;2.4;0;0;0;0;0;0;2;1;0.0;0.0;0.0;0.0;0;10;0;0.00;0.00;0.00;0.00;0.00;0.00;0.00;0.00;0.00;0.00;Matches;2024-05-18
42;José Luis Rodríguez Bebanz;uy URU;FW;Vasco da Gama;27-065;1997;1;0;1;0.0;0;0;0;0;0;0;0;0;0.0;0.0;0.0;0.0;0;0;1;0.00;0.00;0.00;0.00;0.00;0.00;0.00;0.00;0.00;0.00;Matches;2024-05-18
43;Ramiro Benetti;br BRA;MF;Cruzeiro;30-362;1993;4;3;219;2.4;0;0;0;0;0;0;0;0;0.0;0.0;0.0;0.0;0;8;9;0.00;0.00;0.00;0.00;0.00;0.00;0.00;0.00;0.00;0.00;Matches;2024-05-18
44;Bento;br BRA;GK;Ath Paranaense;24-343;1999;6;6;540;6.0;0;0;0;0;0;0;1;0;0.0;0.0;0.0;0.0;0;0;0;0.00;0.00;0.00;0.00;0.00;0.00;0.00;0.00;0.00;0.00;Matches;2024-05-18
45;Raul Bicalho;br BRA;DF;Corinthians;25-024;1999;1;1;90;1.0;0;0;0;0;0;0;0;0;0.0;0.0;0.0;0.0;1;3;2;0.00;0.00;0.00;0.00;0.00;0.00;0.00;0.00;0.00;0.00;Matches;2024-05-18
46;Matheus Bidu;br BRA;DF;Corinthians;25-014;1999;1;0;18;0.2;0;0;0;0;0;0;0;0;0.0;0.0;0.0;0.0;1;1;0;0.00;0.00;0.00;0.00;0.00;0.11;0.00;0.11;0.11;0.11;Matches;2024-05-18
47;Biel;br BRA;FW,MF;Bahia;23-047;2001;6;0;142;1.6;2;1;3;2;0;0;0;0;1.6;1.6;0.7;2.2;6;7;19;1.27;0.63;1.90;1.27;1.90;0.99;0.42;1.42;0.99;1.42;Matches;2024-05-18
48;Guilherme Biro;br BRA;MF;Corinthians;20-028;2004;2;0;10;0.1;0;0;0;0;0;0;0;0;0.1;0.1;0.0;0.1;0;1;1;0.00;0.00;0.00;0.00;0.00;0.81;0.00;0.81;0.81;0.81;Matches;2024-05-18
49;Damián Bobadilla;py PAR;MF;São Paulo;22-312;2001;4;3;188;2.1;1;0;1;1;0;0;1;0;0.3;0.3;0.2;0.5;2;9;2;0.48;0.00;0.48;0.48;0.48;0.14;0.09;0.23;0.14;0.23;Matches;2024-05-18
50;Yannick Bolasie;cd COD;FW;Criciúma;34-360;1989;3;2;170;1.9;1;2;3;1;0;0;1;0;0.4;0.4;0.2;0.6;8;3;18;0.53;1.06;1.59;0.53;1.59;0.20;0.11;0.30;0.20;0.30;Matches;2024-05-18
51;Thiago Borbas;uy URU;FW;Red Bull Bragantino;22-041;2002;6;1;197;2.2;1;0;1;1;0;0;1;0;0.5;0.5;0.0;0.6;0;3;11;0.46;0.00;0.46;0.46;0.46;0.24;0.02;0.26;0.24;0.26;Matches;2024-05-18
52;Marllon Borges;br BRA;DF;Cuiabá;32-032;1992;4;4;360;4.0;0;0;0;0;0;0;1;0;0.3;0.3;0.0;0.3;2;7;1;0.00;0.00;0.00;0.00;0.00;0.08;0.00;0.08;0.08;0.08;Matches;2024-05-18
53;Pedro Borges;br BRA;MF;Fortaleza;27-076;1997;4;2;217;2.4;0;1;1;0;0;0;3;0;0.0;0.0;0.2;0.2;0;11;3;0.00;0.41;0.41;0.00;0.41;0.01;0.09;0.09;0.01;0.09;Matches;2024-05-18
54;Rafael Borré;co COL;FW;Internacional;28-246;1995;4;4;360;4.0;1;1;2;1;0;1;1;0;3.9;3.1;0.3;3.4;3;4;26;0.25;0.25;0.50;0.25;0.50;0.96;0.08;1.05;0.77;0.85;Matches;2024-05-18
55;Danilo Boza;br BRA;DF;Juventude;26-012;1998;3;3;270;3.0;1;0;1;1;0;0;0;0;0.2;0.2;0.1;0.3;2;7;2;0.33;0.00;0.33;0.33;0.33;0.06;0.04;0.10;0.06;0.10;Matches;2024-05-18
56;Breno;br BRA;FW;Fortaleza;28-115;1996;3;3;193;2.1;0;2;2;0;0;0;1;0;0.7;0.7;0.1;0.8;7;8;12;0.00;0.93;0.93;0.00;0.93;0.31;0.04;0.36;0.31;0.36;Matches;2024-05-18
57;Breno;br BRA;MF;Corinthians;19-088;2005;4;3;265;2.9;0;0;0;0;0;0;1;0;0.4;0.4;0.0;0.4;1;9;6;0.00;0.00;0.00;0.00;0.00;0.12;0.01;0.14;0.12;0.14;Matches;2024-05-18
58;Emanuel Brítez;ar ARG;DF;Fortaleza;32-053;1992;4;4;360;4.0;0;0;0;0;0;0;3;0;0.1;0.1;0.0;0.1;1;5;0;0.00;0.00;0.00;0.00;0.00;0.02;0.00;0.02;0.02;0.02;Matches;2024-05-18
59;Bruninho;br BRA;FW,MF;Red Bull Bragantino;21-065;2003;2;1;79;0.9;0;1;1;0;0;0;0;0;0.2;0.2;0.1;0.2;0;4;7;0.00;1.14;1.14;0.00;1.14;0.18;0.08;0.26;0.18;0.26;Matches;2024-05-18
60;Fabrício Bruno;br BRA;DF;Flamengo;28-096;1996;5;5;450;5.0;0;0;0;0;0;0;2;0;0.1;0.1;0.0;0.1;0;16;0;0.00;0.00;0.00;0.00;0.00;0.01;0.00;0.01;0.01;0.01;Matches;2024-05-18
61;Fabricio Bustos;ar ARG;DF,MF;Internacional;28-020;1996;4;3;285;3.2;0;0;0;0;0;0;1;0;0.0;0.0;0.3;0.3;2;16;23;0.00;0.00;0.00;0.00;0.00;0.01;0.08;0.09;0.01;0.09;Matches;2024-05-18
62;Rafael Cabral;br BRA;GK;Grêmio;33-364;1990;1;1;90;1.0;0;0;0;0;0;0;0;0;0.0;0.0;0.0;0.0;0;0;0;0.00;0.00;0.00;0.00;0.00;0.00;0.00;0.00;0.00;0.00;Matches;2024-05-18
63;Cacá;br BRA;DF;Corinthians;25-023;1999;3;3;254;2.8;1;0;1;1;0;0;0;0;1.1;1.1;0.0;1.1;1;4;0;0.35;0.00;0.35;0.35;0.35;0.40;0.00;0.40;0.40;0.40;Matches;2024-05-18
64;Jonathan Cafu;br BRA;MF,FW;Cuiabá;32-313;1991;3;1;103;1.1;0;0;0;0;0;0;0;0;0.6;0.6;0.0;0.6;3;4;9;0.00;0.00;0.00;0.00;0.00;0.49;0.00;0.49;0.49;0.49;Matches;2024-05-18
65;Jonathan Calleri;ar ARG;FW;São Paulo;30-238;1993;5;5;397;4.4;1;0;1;1;0;0;1;0;1.1;1.1;0.0;1.1;2;4;20;0.23;0.00;0.23;0.23;0.23;0.25;0.01;0.25;0.25;0.25;Matches;2024-05-18
66;Patric Calmon PK;br BRA;DF;Vitória;29-318;1994;2;2;135;1.5;0;0;0;0;0;0;0;0;0.0;0.0;0.0;0.0;4;6;12;0.00;0.00;0.00;0.00;0.00;0.03;0.00;0.03;0.03;0.03;Matches;2024-05-18
67;Camutanga;br BRA;DF;Vitória;30-234;1993;2;2;179;2.0;0;0;0;0;0;0;1;1;0.0;0.0;0.0;0.0;0;4;0;0.00;0.00;0.00;0.00;0.00;0.01;0.00;0.01;0.01;0.01;Matches;2024-05-18
68;Yerson Candelo;co COL;DF;Criciúma;32-084;1992;2;0;28;0.3;0;0;0;0;0;0;0;0;0.0;0.0;0.1;0.1;0;0;3;0.00;0.00;0.00;0.00;0.00;0.00;0.23;0.23;0.00;0.23;Matches;2024-05-18
69;Luan Cândido;br BRA;DF;Red Bull Bragantino;23-106;2001;6;6;540;6.0;0;0;0;0;0;0;2;0;0.2;0.2;0.0;0.2;1;5;6;0.00;0.00;0.00;0.00;0.00;0.03;0.00;0.04;0.03;0.04;Matches;2024-05-18
70;Germán Cano;ar ARG;FW,MF;Fluminense;36-106;1988;5;5;410;4.6;2;0;2;2;0;0;1;0;2.5;2.5;0.2;2.7;1;6;9;0.44;0.00;0.44;0.44;0.44;0.54;0.05;0.59;0.54;0.59;Matches;2024-05-18
71;Agustín Canobbio;uy URU;FW,MF;Ath Paranaense;25-230;1998;5;4;297;3.3;2;1;3;2;0;0;2;1;0.5;0.5;0.8;1.3;11;16;26;0.61;0.30;0.91;0.61;0.91;0.15;0.26;0.41;0.15;0.41;Matches;2024-05-18
72;Juninho Capixaba;br BRA;DF,MF;Red Bull Bragantino;26-317;1997;5;5;338;3.8;0;0;0;0;0;0;2;0;0.2;0.2;0.0;0.3;2;14;5;0.00;0.00;0.00;0.00;0.00;0.06;0.01;0.07;0.06;0.07;Matches;2024-05-18
73;Carlinhos;br BRA;FW,DF;Flamengo;27-096;1997;2;1;59;0.7;0;0;0;0;0;0;0;0;0.0;0.0;0.0;0.0;0;1;2;0.00;0.00;0.00;0.00;0.00;0.07;0.00;0.07;0.07;0.07;Matches;2024-05-18
74;Antonio Carlos;br BRA;DF;Fluminense;31-072;1993;2;1;135;1.5;0;0;0;0;0;0;0;0;0.0;0.0;0.1;0.1;0;8;0;0.00;0.00;0.00;0.00;0.00;0.00;0.09;0.09;0.00;0.09;Matches;2024-05-18
75;Jean Carlos Vicente;br BRA;FW,MF;Juventude;32-093;1992;3;3;204;2.3;2;1;3;2;0;0;1;0;0.3;0.3;0.9;1.2;6;13;8;0.88;0.44;1.32;0.88;1.32;0.12;0.40;0.53;0.12;0.53;Matches;2024-05-18
76;Cássio;br BRA;GK;Corinthians;36-347;1987;3;3;270;3.0;0;0;0;0;0;0;0;0;0.0;0.0;0.0;0.0;0;0;0;0.00;0.00;0.00;0.00;0.00;0.00;0.00;0.00;0.00;0.00;Matches;2024-05-18
77;Iury de Castilho;br BRA;FW,MF;Vitória;28-255;1995;3;0;74;0.8;1;0;1;1;0;0;1;0;1.2;1.2;0.0;1.2;5;8;8;1.22;0.00;1.22;1.22;1.22;1.43;0.03;1.46;1.43;1.46;Matches;2024-05-18
78;Murilo Cerqueira;br BRA;DF;Palmeiras;27-052;1997;5;5;436;4.8;0;0;0;0;0;0;3;0;0.2;0.2;0.1;0.3;4;16;1;0.00;0.00;0.00;0.00;0.00;0.05;0.02;0.07;0.05;0.07;Matches;2024-05-18
79;Reynaldo Cesar Moraes;br BRA;DF;Vitória;27-136;1997;2;1;168;1.9;0;0;0;0;0;0;0;0;0.0;0.0;0.0;0.0;1;2;0;0.00;0.00;0.00;0.00;0.00;0.00;0.00;0.00;0.00;0.00;Matches;2024-05-18
80;Christian;br BRA;FW,MF;Ath Paranaense;23-151;2000;2;1;107;1.2;0;0;0;0;0;0;0;0;0.1;0.1;0.0;0.1;0;4;5;0.00;0.00;0.00;0.00;0.00;0.09;0.00;0.09;0.09;0.09;Matches;2024-05-18
81;Eliel Chrystian;br BRA;MF;Cuiabá;21-113;2003;1;0;45;0.5;0;0;0;0;0;0;0;0;0.2;0.2;0.0;0.2;1;0;1;0.00;0.00;0.00;0.00;0.00;0.42;0.00;0.42;0.42;0.42;Matches;2024-05-18
82;Cicinho;bg BUL;MF;Bahia;35-144;1988;1;0;1;0.0;0;0;0;0;0;0;0;0;0.0;0.0;0.0;0.0;0;0;0;0.00;0.00;0.00;0.00;0.00;0.00;0.00;0.00;0.00;0.00;Matches;2024-05-18
83;José Cifuentes;ec ECU;MF;Cruzeiro;25-067;1999;3;1;69;0.8;0;0;0;0;0;0;0;0;0.0;0.0;0.0;0.0;2;3;8;0.00;0.00;0.00;0.00;0.00;0.05;0.00;0.05;0.05;0.05;Matches;2024-05-18
84;Claudinho;br BRA;DF;Criciúma;23-237;2000;3;3;242;2.7;0;0;0;0;0;0;0;0;0.0;0.0;0.2;0.3;4;8;9;0.00;0.00;0.00;0.00;0.00;0.01;0.08;0.09;0.01;0.09;Matches;2024-05-18
85;Clayson;br BRA;MF;Cuiabá;29-060;1995;4;3;179;2.0;0;0;0;0;0;0;0;0;0.1;0.1;0.0;0.1;1;8;10;0.00;0.00;0.00;0.00;0.00;0.04;0.00;0.04;0.04;0.04;Matches;2024-05-18
86;Clayton;br BRA;FW;Vasco da Gama;25-128;1999;4;0;52;0.6;0;0;0;0;0;0;0;0;0.7;0.7;0.0;0.7;1;0;5;0.00;0.00;0.00;0.00;0.00;1.15;0.00;1.15;1.15;1.15;Matches;2024-05-18
87;Mateus Cocão;br BRA;MF;Vasco da Gama;22-061;2002;6;4;284;3.2;1;0;1;1;0;0;2;0;0.4;0.4;0.0;0.4;3;20;6;0.32;0.00;0.32;0.32;0.32;0.11;0.00;0.11;0.11;0.11;Matches;2024-05-18
88;Igor Coronado;br BRA;MF,FW;Corinthians;31-274;1992;4;2;178;2.0;0;0;0;0;0;0;0;0;0.1;0.1;0.4;0.5;8;11;10;0.00;0.00;0.00;0.00;0.00;0.03;0.22;0.25;0.03;0.25;Matches;2024-05-18
89;Diego Costa;es ESP;FW;Grêmio;35-224;1988;2;2;116;1.3;0;0;0;0;0;0;0;1;0.1;0.1;0.0;0.1;1;3;6;0.00;0.00;0.00;0.00;0.00;0.04;0.00;0.04;0.04;0.04;Matches;2024-05-18
90;Douglas Costa;br BRA;FW;Fluminense;33-247;1990;5;1;164;1.8;0;0;0;0;0;0;0;0;0.1;0.1;0.3;0.3;7;9;16;0.00;0.00;0.00;0.00;0.00;0.03;0.14;0.17;0.03;0.17;Matches;2024-05-18
91;Franco Cristaldo;ar ARG;MF;Grêmio;27-277;1996;4;3;277;3.1;2;0;2;2;0;0;0;0;0.4;0.4;0.3;0.7;5;22;15;0.65;0.00;0.65;0.65;0.65;0.13;0.10;0.22;0.13;0.22;Matches;2024-05-18
92;Alejo Cruz;uy URU;MF;Atl Goianiense;23-260;2000;4;3;153;1.7;0;0;0;0;0;0;1;0;0.2;0.2;0.1;0.3;2;8;16;0.00;0.00;0.00;0.00;0.00;0.10;0.06;0.16;0.10;0.16;Matches;2024-05-18
93;Tomás Cuello;ar ARG;FW,MF;Ath Paranaense;24-074;2000;6;6;343;3.8;0;0;0;0;0;0;0;0;0.4;0.4;0.3;0.7;11;11;26;0.00;0.00;0.00;0.00;0.00;0.10;0.07;0.17;0.10;0.17;Matches;2024-05-18
94;Víctor Cuesta;ar ARG;DF;Bahia;35-181;1988;3;3;239;2.7;0;0;0;0;0;0;1;0;0.2;0.2;0.0;0.2;0;7;1;0.00;0.00;0.00;0.00;0.00;0.07;0.00;0.07;0.07;0.07;Matches;2024-05-18
95;Cuiabano;br BRA;DF;Grêmio;21-092;2003;2;2;163;1.8;0;0;0;0;0;0;0;0;0.0;0.0;0.0;0.0;0;10;5;0.00;0.00;0.00;0.00;0.00;0.01;0.00;0.01;0.01;0.01;Matches;2024-05-18
96;Cuiabano;br BRA;DF;Botafogo (RJ);21-092;2003;2;1;135;1.5;0;0;0;0;0;0;1;0;0.1;0.1;0.0;0.1;4;0;25;0.00;0.00;0.00;0.00;0.00;0.10;0.00;0.10;0.10;0.10;Matches;2024-05-18
97;Lucas Cunha;br BRA;DF;Red Bull Bragantino;27-116;1997;2;0;29;0.3;0;0;0;0;0;0;0;0;0.0;0.0;0.0;0.0;0;1;0;0.00;0.00;0.00;0.00;0.00;0.00;0.00;0.00;0.00;0.00;Matches;2024-05-18
98;Danielzinho;br BRA;MF;Atl Goianiense;28-128;1996;1;0;19;0.2;0;0;0;0;0;0;0;0;0.0;0.0;0.0;0.0;0;4;0;0.00;0.00;0.00;0.00;0.00;0.00;0.00;0.00;0.00;0.00;Matches;2024-05-18
99;David;br BRA;FW;Vasco da Gama;28-214;1995;6;6;514;5.7;1;1;2;1;0;0;1;0;0.9;0.9;0.8;1.8;17;15;48;0.18;0.18;0.35;0.18;0.35;0.17;0.15;0.31;0.17;0.31;Matches;2024-05-18
100;Giorgian De Arrascaeta;uy URU;MF;Flamengo;29-352;1994;3;3;249;2.8;0;0;0;0;0;0;1;0;0.1;0.1;0.2;0.3;3;18;21;0.00;0.00;0.00;0.00;0.00;0.05;0.06;0.11;0.05;0.11;Matches;2024-05-18
101;Nicolás De La Cruz;uy URU;MF;Flamengo;26-352;1997;6;5;449;5.0;2;2;4;2;0;0;1;0;1.4;1.4;1.5;2.9;8;45;14;0.40;0.40;0.80;0.40;0.80;0.29;0.30;0.58;0.29;0.58;Matches;2024-05-18
102;Denilson;br BRA;MF;Cuiabá;23-056;2001;3;3;225;2.5;0;0;0;0;0;0;2;0;0.0;0.0;0.1;0.1;1;5;4;0.00;0.00;0.00;0.00;0.00;0.00;0.04;0.04;0.00;0.04;Matches;2024-05-18
103;Derek;br BRA;FW;Atl Goianiense;26-168;1997;4;1;132;1.5;1;0;1;1;0;0;1;0;1.0;1.0;0.6;1.5;1;5;5;0.68;0.00;0.68;0.68;0.68;0.65;0.38;1.03;0.65;1.03;Matches;2024-05-18
104;Deyverson;br BRA;FW;Cuiabá;33-010;1991;1;1;76;0.8;0;0;0;0;0;0;0;0;0.0;0.0;0.0;0.0;0;1;1;0.00;0.00;0.00;0.00;0.00;0.00;0.00;0.00;0.00;0.00;Matches;2024-05-18
105;Matheus Dias;br BRA;DF;Internacional;27-101;1997;1;0;11;0.1;0;0;0;0;0;0;0;0;0.0;0.0;0.0;0.0;1;0;1;0.00;0.00;0.00;0.00;0.00;0.00;0.00;0.00;0.00;0.00;Matches;2024-05-18
106;Diego;br BRA;DF;São Paulo;24-302;1999;5;5;450;5.0;0;0;0;0;0;0;1;0;0.0;0.0;0.1;0.1;4;28;1;0.00;0.00;0.00;0.00;0.00;0.01;0.02;0.03;0.01;0.03;Matches;2024-05-18
107;Dodi;br BRA;MF;Grêmio;28-031;1996;3;2;179;2.0;0;0;0;0;0;0;1;0;0.0;0.0;0.0;0.0;2;5;1;0.00;0.00;0.00;0.00;0.00;0.00;0.00;0.00;0.00;0.00;Matches;2024-05-18
108;Dudu;br BRA;MF;Vitória;24-348;1999;3;3;211;2.3;0;0;0;0;0;0;1;0;0.1;0.1;0.1;0.2;2;21;3;0.00;0.00;0.00;0.00;0.00;0.04;0.02;0.06;0.04;0.06;Matches;2024-05-18
109;Edenílson;br BRA;FW;Grêmio;34-152;1989;1;1;45;0.5;0;0;0;0;0;0;0;0;0.0;0.0;0.0;0.0;1;1;2;0.00;0.00;0.00;0.00;0.00;0.00;0.09;0.09;0.00;0.09;Matches;2024-05-18
110;Éder;it ITA;FW;Criciúma;37-185;1986;2;1;88;1.0;0;0;0;0;0;0;0;0;0.2;0.2;0.0;0.2;1;4;8;0.00;0.00;0.00;0.00;0.00;0.20;0.00;0.20;0.20;0.20;Matches;2024-05-18
111;Carlos Eduardo;br BRA;FW;Atlético Mineiro;19-360;2004;2;0;12;0.1;0;0;0;0;0;0;0;0;0.3;0.3;0.0;0.3;0;2;2;0.00;0.00;0.00;0.00;0.00;1.91;0.10;2.00;1.91;2.00;Matches;2024-05-18
112;Carlos Eduardo;br BRA;FW;Botafogo (RJ);34-214;1989;2;1;88;1.0;0;0;0;0;0;0;0;0;0.0;0.0;0.0;0.0;2;3;1;0.00;0.00;0.00;0.00;0.00;0.00;0.03;0.03;0.00;0.03;Matches;2024-05-18
113;Kauã Elias;br BRA;MF,FW;Fluminense;18-051;2006;4;1;93;1.0;0;0;0;0;0;0;0;0;0.0;0.0;0.3;0.3;0;5;4;0.00;0.00;0.00;0.00;0.00;0.00;0.28;0.28;0.00;0.28;Matches;2024-05-18
114;Rafael Elias;br BRA;FW;Cruzeiro;25-036;1999;5;0;103;1.1;1;0;1;1;0;0;2;0;0.6;0.6;0.0;0.6;0;3;9;0.87;0.00;0.87;0.87;0.87;0.50;0.00;0.50;0.50;0.50;Matches;2024-05-18
115;Eliédson;br BRA;MF;Criciúma;21-062;2003;1;0;3;0.0;0;0;0;0;0;0;0;0;0.0;0.0;0.0;0.0;0;0;0;0.00;0.00;0.00;0.00;0.00;0.00;0.00;0.00;0.00;0.00;Matches;2024-05-18
116;Rodrigo Ely;br BRA;DF;Grêmio;30-197;1993;3;3;270;3.0;0;0;0;0;0;0;1;0;0.0;0.0;0.0;0.0;0;5;0;0.00;0.00;0.00;0.00;0.00;0.01;0.00;0.01;0.01;0.01;Matches;2024-05-18
117;Alan Empereur;br BRA;DF;Cuiabá;30-069;1994;4;4;261;2.9;0;0;0;0;0;0;2;0;0.0;0.0;0.2;0.2;1;9;2;0.00;0.00;0.00;0.00;0.00;0.00;0.07;0.07;0.00;0.07;Matches;2024-05-18
118;Endrick;br BRA;FW,MF;Palmeiras;17-302;2006;6;6;453;5.0;0;0;0;0;0;0;3;0;1.1;1.1;0.7;1.8;11;15;29;0.00;0.00;0.00;0.00;0.00;0.21;0.14;0.35;0.21;0.35;Matches;2024-05-18
119;Erick;br BRA;MF;Ath Paranaense;26-186;1997;6;6;532;5.9;1;0;1;1;0;0;0;0;1.4;1.4;0.1;1.5;7;20;8;0.17;0.00;0.17;0.17;0.17;0.24;0.02;0.26;0.24;0.26;Matches;2024-05-18
120;Erick;br BRA;DF,MF;São Paulo;26-160;1997;4;0;125;1.4;0;1;1;0;0;0;1;0;0.0;0.0;0.5;0.5;4;4;16;0.00;0.72;0.72;0.00;0.72;0.00;0.34;0.34;0.00;0.34;Matches;2024-05-18
121;Erick;br BRA;FW;Juventude;27-136;1997;4;3;276;3.1;1;0;1;1;0;0;0;0;0.1;0.1;0.3;0.4;3;6;23;0.33;0.00;0.33;0.33;0.33;0.04;0.09;0.14;0.04;0.14;Matches;2024-05-18
122;Lucas Esquivel;ar ARG;DF;Ath Paranaense;22-217;2001;6;6;516;5.7;0;2;2;0;0;0;3;1;0.0;0.0;1.1;1.2;8;17;22;0.00;0.35;0.35;0.00;0.35;0.01;0.20;0.20;0.01;0.20;Matches;2024-05-18
123;Estevão;br BRA;FW,DF;Palmeiras;18-024;2006;6;3;253;2.8;1;0;1;0;1;1;0;0;1.3;0.5;0.1;0.6;9;7;27;0.36;0.00;0.36;0.00;0.00;0.46;0.02;0.48;0.18;0.20;Matches;2024-05-18
124;Lucas Esteves;br BRA;DF;Vitória;23-329;2000;4;3;310;3.4;0;0;0;0;0;0;2;0;0.1;0.1;0.3;0.4;6;16;11;0.00;0.00;0.00;0.00;0.00;0.03;0.07;0.11;0.03;0.11;Matches;2024-05-18
125;Oscar Estupiñan;co COL;FW;Bahia;27-141;1996;2;1;54;0.6;0;0;0;0;0;0;0;0;0.0;0.0;0.1;0.1;0;2;2;0.00;0.00;0.00;0.00;0.00;0.06;0.15;0.21;0.06;0.21;Matches;2024-05-18
126;Lucas Evangelista;br BRA;MF;Red Bull Bragantino;29-012;1995;2;1;73;0.8;0;0;0;0;0;0;1;0;0.0;0.0;0.0;0.1;1;3;0;0.00;0.00;0.00;0.00;0.00;0.05;0.02;0.06;0.05;0.06;Matches;2024-05-18
127;Éverson;br BRA;GK;Atlético Mineiro;33-301;1990;5;5;450;5.0;0;0;0;0;0;0;1;0;0.0;0.0;0.0;0.0;0;1;0;0.00;0.00;0.00;0.00;0.00;0.00;0.00;0.00;0.00;0.00;Matches;2024-05-18
128;Everton;br BRA;FW;Grêmio;27-062;1997;2;0;38;0.4;0;0;0;0;0;0;1;0;0.0;0.0;0.0;0.0;2;0;3;0.00;0.00;0.00;0.00;0.00;0.08;0.00;0.08;0.08;0.08;Matches;2024-05-18
129;Bruno Fabiano Alves;br BRA;DF;Cuiabá;33-032;1991;3;2;200;2.2;0;0;0;0;0;0;0;0;0.1;0.1;0.0;0.1;0;2;1;0.00;0.00;0.00;0.00;0.00;0.06;0.00;0.06;0.06;0.06;Matches;2024-05-18
130;Fabinho;br BRA;MF;Palmeiras;22-039;2002;2;0;34;0.4;0;0;0;0;0;0;0;0;0.0;0.0;0.1;0.1;0;7;2;0.00;0.00;0.00;0.00;0.00;0.00;0.20;0.20;0.00;0.20;Matches;2024-05-18
131;Fábio;br BRA;GK;Fluminense;43-231;1980;6;6;540;6.0;0;0;0;0;0;0;0;0;0.0;0.0;0.0;0.0;0;0;0;0.00;0.00;0.00;0.00;0.00;0.00;0.00;0.00;0.00;0.00;Matches;2024-05-18
132;Fábio;br BRA;DF;Grêmio;33-314;1990;3;2;205;2.3;0;0;0;0;0;0;0;0;0.0;0.0;0.0;0.0;4;5;6;0.00;0.00;0.00;0.00;0.00;0.00;0.02;0.02;0.00;0.02;Matches;2024-05-18
133;Fagner;br BRA;DF,MF;Corinthians;34-342;1989;5;5;384;4.3;0;0;0;0;0;0;1;0;0.0;0.0;0.6;0.6;5;14;9;0.00;0.00;0.00;0.00;0.00;0.01;0.13;0.14;0.01;0.14;Matches;2024-05-18
134;Rodrigo Fagundes;br BRA;DF;Criciúma;37-069;1987;3;3;270;3.0;0;0;0;0;0;0;1;0;0.1;0.1;0.0;0.1;0;7;0;0.00;0.00;0.00;0.00;0.00;0.02;0.00;0.02;0.02;0.02;Matches;2024-05-18
135;Luiz Felipe;br BRA;DF,MF;Atl Goianiense;30-252;1993;3;2;186;2.1;0;0;0;0;0;0;1;1;0.2;0.2;0.0;0.2;0;3;0;0.00;0.00;0.00;0.00;0.00;0.08;0.00;0.08;0.08;0.08;Matches;2024-05-18
136;Marcos Felipe;br BRA;GK;Bahia;28-035;1996;6;6;540;6.0;0;0;0;0;0;0;0;0;0.0;0.0;0.0;0.0;0;0;0;0.00;0.00;0.00;0.00;0.00;0.00;0.00;0.00;0.00;0.00;Matches;2024-05-18
137;Lucas Fernandes;br BRA;MF;Cuiabá;26-241;1997;3;1;138;1.5;0;0;0;0;0;0;0;0;0.0;0.0;0.0;0.1;2;8;5;0.00;0.00;0.00;0.00;0.00;0.03;0.02;0.05;0.03;0.05;Matches;2024-05-18
138;Matheus Fernandes;br BRA;MF;Red Bull Bragantino;25-323;1998;1;0;34;0.4;0;0;0;0;0;0;0;0;0.0;0.0;0.0;0.0;0;0;0;0.00;0.00;0.00;0.00;0.00;0.00;0.00;0.00;0.00;0.00;Matches;2024-05-18
139;Nathan Fernandes;br BRA;FW,MF;Grêmio;19-092;2005;4;0;115;1.3;0;0;0;0;0;0;1;0;0.1;0.1;0.0;0.2;6;4;16;0.00;0.00;0.00;0.00;0.00;0.09;0.03;0.12;0.09;0.12;Matches;2024-05-18
140;Gatito Fernández;py PAR;GK;Botafogo (RJ);36-050;1988;3;3;270;3.0;0;0;0;0;0;0;0;0;0.0;0.0;0.0;0.0;0;0;0;0.00;0.00;0.00;0.00;0.00;0.00;0.00;0.00;0.00;0.00;Matches;2024-05-18
141;Fernandinho;br BRA;MF;Ath Paranaense;39-014;1985;6;6;512;5.7;0;1;1;0;0;0;3;0;0.3;0.3;1.2;1.5;10;51;18;0.00;0.18;0.18;0.00;0.18;0.05;0.22;0.27;0.05;0.27;Matches;2024-05-18
142;Fernando;br BRA;DF;Ath Paranaense;24-247;1999;1;0;19;0.2;0;0;0;0;0;0;0;0;0.0;0.0;0.0;0.0;0;0;0;0.00;0.00;0.00;0.00;0.00;0.00;0.00;0.00;0.00;0.00;Matches;2024-05-18
143;Fernando;br BRA;MF,DF;Internacional;36-298;1987;2;1;101;1.1;1;0;1;1;0;0;1;0;0.1;0.1;0.1;0.1;3;6;2;0.89;0.00;0.89;0.89;0.89;0.05;0.05;0.10;0.05;0.10;Matches;2024-05-18
144;Luiz Fernando;br BRA;FW,MF;Atl Goianiense;27-215;1996;5;5;442;4.9;1;0;1;1;0;0;2;0;0.3;0.3;0.2;0.5;13;10;35;0.20;0.00;0.20;0.20;0.20;0.07;0.03;0.10;0.07;0.10;Matches;2024-05-18
145;Nahuel Ferraresi;ve VEN;DF;São Paulo;25-181;1998;3;2;158;1.8;1;0;1;1;0;0;0;0;0.1;0.1;0.0;0.2;1;17;2;0.57;0.00;0.57;0.57;0.57;0.08;0.02;0.10;0.08;0.10;Matches;2024-05-18
146;Ferreira;br BRA;MF,FW;São Paulo;26-139;1997;4;0;106;1.2;2;0;2;2;0;0;0;0;0.5;0.5;0.0;0.5;9;4;9;1.70;0.00;1.70;1.70;1.70;0.39;0.00;0.39;0.39;0.39;Matches;2024-05-18
147;Filipinho;br BRA;MF,FW;Ath Paranaense;22-213;2001;3;1;54;0.6;0;0;0;0;0;0;0;0;0.1;0.1;0.0;0.1;0;1;1;0.00;0.00;0.00;0.00;0.00;0.10;0.00;0.10;0.10;0.10;Matches;2024-05-18
148;Alan Franco;ec ECU;MF;Atlético Mineiro;25-271;1998;5;4;357;4.0;0;0;0;0;0;0;2;0;0.1;0.1;0.7;0.8;2;11;17;0.00;0.00;0.00;0.00;0.00;0.03;0.17;0.20;0.03;0.20;Matches;2024-05-18
149;Alan Franco;ar ARG;DF;São Paulo;27-220;1996;4;4;318;3.5;0;0;0;0;0;0;1;0;0.1;0.1;0.1;0.2;4;19;0;0.00;0.00;0.00;0.00;0.00;0.04;0.03;0.07;0.04;0.07;Matches;2024-05-18
150;Lucas Freitas;br BRA;DF;Juventude;23-119;2001;1;1;37;0.4;0;0;0;0;0;0;2;1;0.0;0.0;0.0;0.0;0;0;0;0.00;0.00;0.00;0.00;0.00;0.00;0.00;0.00;0.00;0.00;Matches;2024-05-18
151;Marlon Freitas;br BRA;MF;Botafogo (RJ);29-052;1995;5;4;319;3.5;0;1;1;0;0;0;1;0;0.1;0.1;0.6;0.6;5;42;4;0.00;0.28;0.28;0.00;0.28;0.02;0.16;0.18;0.02;0.18;Matches;2024-05-18
152;Bruno Fuchs;br BRA;DF;Atlético Mineiro;25-047;1999;1;1;85;0.9;0;0;0;0;0;0;2;1;0.0;0.0;0.0;0.0;0;4;0;0.00;0.00;0.00;0.00;0.00;0.00;0.00;0.00;0.00;0.00;Matches;2024-05-18
153;Gabriel;br BRA;DF;Bahia;23-012;2001;5;5;450;5.0;0;0;0;0;0;0;1;0;0.2;0.2;0.0;0.2;0;11;1;0.00;0.00;0.00;0.00;0.00;0.04;0.00;0.05;0.04;0.05;Matches;2024-05-18
154;Gabriel;br BRA;GK;Juventude;31-234;1992;4;4;360;4.0;0;0;0;0;0;0;2;0;0.0;0.0;0.0;0.0;0;0;0;0.00;0.00;0.00;0.00;0.00;0.00;0.00;0.00;0.00;0.00;Matches;2024-05-18
155;Marquinhos Gabriel;br BRA;MF;Criciúma;33-302;1990;3;3;232;2.6;0;0;0;0;0;0;1;0;0.0;0.0;0.4;0.5;2;8;12;0.00;0.00;0.00;0.00;0.00;0.01;0.17;0.18;0.01;0.18;Matches;2024-05-18
156;Zé Gabriel;br BRA;MF;Vasco da Gama;25-118;1999;2;0;65;0.7;0;0;0;0;0;0;1;0;0.1;0.1;0.0;0.1;1;1;0;0.00;0.00;0.00;0.00;0.00;0.08;0.00;0.08;0.08;0.08;Matches;2024-05-18
157;Pablo Galdames Millán;cl CHI;MF;Vasco da Gama;27-140;1996;6;5;411;4.6;0;0;0;0;0;0;2;0;0.1;0.1;0.3;0.4;5;30;10;0.00;0.00;0.00;0.00;0.00;0.03;0.07;0.09;0.03;0.09;Matches;2024-05-18
158;Giuliano Galoppo;ar ARG;MF;São Paulo;24-335;1999;4;1;152;1.7;0;0;0;0;0;0;1;0;0.5;0.5;0.4;0.9;7;11;12;0.00;0.00;0.00;0.00;0.00;0.28;0.24;0.51;0.28;0.51;Matches;2024-05-18
159;Léo Gamalho;br BRA;FW;Vitória;38-109;1986;1;0;17;0.2;0;0;0;0;0;0;0;0;0.0;0.0;0.0;0.0;1;2;1;0.00;0.00;0.00;0.00;0.00;0.00;0.00;0.00;0.00;0.00;Matches;2024-05-18
160;Mateo Gamarra;py PAR;DF;Ath Paranaense;23-211;2000;3;3;270;3.0;0;0;0;0;0;0;1;0;0.6;0.6;0.0;0.6;3;12;0;0.00;0.00;0.00;0.00;0.00;0.21;0.00;0.21;0.21;0.21;Matches;2024-05-18
161;Ganso;br BRA;MF;Fluminense;34-219;1989;5;5;360;4.0;1;2;3;1;0;0;3;0;0.3;0.3;0.5;0.8;4;26;5;0.25;0.50;0.75;0.25;0.75;0.08;0.14;0.21;0.08;0.21;Matches;2024-05-18
162;Luan Garcia;br BRA;DF;Palmeiras;31-008;1993;3;3;237;2.6;0;0;0;0;0;0;0;0;0.0;0.0;0.0;0.0;1;1;0;0.00;0.00;0.00;0.00;0.00;0.00;0.00;0.00;0.00;0.00;Matches;2024-05-18
163;Rodrigo Garro;ar ARG;MF;Corinthians;26-135;1998;6;6;509;5.7;0;1;1;0;0;0;2;0;0.3;0.3;1.0;1.4;9;29;18;0.00;0.18;0.18;0.00;0.18;0.06;0.18;0.24;0.06;0.24;Matches;2024-05-18
164;Pedro Geromel;br BRA;DF;Grêmio;38-240;1985;1;1;90;1.0;0;0;0;0;0;0;0;0;0.0;0.0;0.0;0.0;0;1;0;0.00;0.00;0.00;0.00;0.00;0.00;0.00;0.00;0.00;0.00;Matches;2024-05-18
165;Gerson;br BRA;FW,MF;Flamengo;26-364;1997;6;2;266;3.0;0;1;1;0;0;0;0;0;0.1;0.1;0.4;0.5;7;20;29;0.00;0.34;0.34;0.00;0.34;0.02;0.14;0.16;0.02;0.16;Matches;2024-05-18
166;Gilberto;br BRA;FW;Juventude;34-348;1989;1;1;17;0.2;0;0;0;0;0;0;0;0;0.1;0.1;0.0;0.1;0;0;0;0.00;0.00;0.00;0.00;0.00;0.37;0.00;0.37;0.37;0.37;Matches;2024-05-18
167;Luciano Giménez;ar ARG;FW;Cuiabá;24-090;2000;2;0;57;0.6;0;0;0;0;0;0;0;0;0.0;0.0;0.0;0.0;0;0;2;0.00;0.00;0.00;0.00;0.00;0.00;0.00;0.00;0.00;0.00;Matches;2024-05-18
168;Giovane;br BRA;DF;Corinthians;20-176;2003;1;0;12;0.1;0;0;0;0;0;0;0;0;0.0;0.0;0.0;0.1;0;0;1;0.00;0.00;0.00;0.00;0.00;0.12;0.35;0.47;0.12;0.47;Matches;2024-05-18
169;Leonardo Godoy;ar ARG;DF;Ath Paranaense;29-020;1995;6;5;401;4.5;1;0;1;1;0;0;2;0;0.1;0.1;0.4;0.5;6;12;29;0.22;0.00;0.22;0.22;0.22;0.03;0.08;0.11;0.03;0.11;Matches;2024-05-18
170;Bruno Gomes;br BRA;MF;Internacional;23-044;2001;2;1;58;0.6;0;0;0;0;0;0;0;0;0.0;0.0;0.2;0.2;3;5;2;0.00;0.00;0.00;0.00;0.00;0.00;0.34;0.34;0.00;0.34;Matches;2024-05-18
171;Igor Gomes;br BRA;MF;Atlético Mineiro;25-062;1999;5;2;198;2.2;0;1;1;0;0;0;1;0;0.2;0.2;0.3;0.5;5;15;15;0.00;0.45;0.45;0.00;0.45;0.08;0.15;0.23;0.08;0.23;Matches;2024-05-18
172;Igor Gomes;br BRA;DF;Internacional;23-073;2001;1;0;3;0.0;0;0;0;0;0;0;0;0;0.0;0.0;0.0;0.0;0;0;0;0.00;0.00;0.00;0.00;0.00;0.00;0.00;0.00;0.00;0.00;Matches;2024-05-18
173;William Gomes;br BRA;DF;São Paulo;18-064;2006;1;0;26;0.3;0;0;0;0;0;0;0;0;0.1;0.1;0.0;0.1;5;0;3;0.00;0.00;0.00;0.00;0.00;0.50;0.00;0.50;0.50;0.50;Matches;2024-05-18
174;Gustavo Gómez;py PAR;DF;Palmeiras;31-012;1993;5;5;450;5.0;0;0;0;0;0;0;2;0;0.5;0.5;0.4;0.8;1;17;2;0.00;0.00;0.00;0.00;0.00;0.09;0.08;0.17;0.09;0.17;Matches;2024-05-18
175;Mateus Gonçalves Martins;br BRA;MF,FW;Vitória;29-233;1994;4;1;210;2.3;0;0;0;0;0;0;0;0;0.2;0.2;0.4;0.5;6;4;15;0.00;0.00;0.00;0.00;0.00;0.07;0.15;0.22;0.07;0.22;Matches;2024-05-18
176;Yony González;co COL;MF,FW;Atl Goianiense;29-312;1994;3;0;100;1.1;0;0;0;0;0;0;0;0;0.1;0.1;0.1;0.2;1;4;11;0.00;0.00;0.00;0.00;0.00;0.12;0.06;0.18;0.12;0.18;Matches;2024-05-18
177;Gregore;br BRA;MF;Botafogo (RJ);30-077;1994;5;3;284;3.2;0;0;0;0;0;0;1;0;0.0;0.0;0.1;0.1;1;15;3;0.00;0.00;0.00;0.00;0.00;0.00;0.02;0.02;0.00;0.02;Matches;2024-05-18
178;Guga;br BRA;DF;Fluminense;25-263;1998;2;1;57;0.6;0;0;0;0;0;0;2;0;0.0;0.0;0.0;0.0;3;3;1;0.00;0.00;0.00;0.00;0.00;0.00;0.06;0.06;0.00;0.06;Matches;2024-05-18
179;Guilherme;br BRA;DF;Red Bull Bragantino;22-094;2002;2;1;111;1.2;0;0;0;0;0;0;0;0;0.0;0.0;0.0;0.0;1;1;0;0.00;0.00;0.00;0.00;0.00;0.03;0.00;0.03;0.03;0.03;Matches;2024-05-18
180;Luis Guilherme;br BRA;FW,DF;Palmeiras;18-099;2006;4;1;138;1.5;0;1;1;0;0;0;0;0;0.3;0.3;0.9;1.2;10;5;15;0.00;0.65;0.65;0.00;0.65;0.22;0.57;0.79;0.22;0.79;Matches;2024-05-18
181;Zé Guilherme;br BRA;DF;Grêmio;19-063;2005;3;1;82;0.9;0;0;0;0;0;0;0;0;0.0;0.0;0.0;0.0;2;3;7;0.00;0.00;0.00;0.00;0.00;0.00;0.00;0.00;0.00;0.00;Matches;2024-05-18
182;Gustavinho;br BRA;MF;Red Bull Bragantino;20-025;2004;6;6;387;4.3;0;1;1;0;0;0;0;0;0.1;0.1;0.5;0.6;3;14;7;0.00;0.23;0.23;0.00;0.23;0.02;0.13;0.14;0.02;0.14;Matches;2024-05-18
183;Gustavo;br BRA;GK;Criciúma;31-069;1993;1;1;90;1.0;0;0;0;0;0;0;0;0;0.0;0.0;0.0;0.0;0;0;0;0.00;0.00;0.00;0.00;0.00;0.00;0.00;0.00;0.00;0.00;Matches;2024-05-18
184;Lucas Halter;br BRA;DF;Botafogo (RJ);24-016;2000;5;5;431;4.8;0;0;0;0;0;0;1;0;0.1;0.1;0.0;0.2;0;7;0;0.00;0.00;0.00;0.00;0.00;0.03;0.01;0.04;0.03;0.04;Matches;2024-05-18
185;Thiago Heleno;br BRA;DF;Ath Paranaense;35-244;1988;3;3;270;3.0;0;0;0;0;0;0;1;0;0.0;0.0;0.0;0.0;0;8;0;0.00;0.00;0.00;0.00;0.00;0.00;0.01;0.01;0.00;0.01;Matches;2024-05-18
186;Helinho;br BRA;FW;Red Bull Bragantino;24-023;2000;2;1;107;1.2;0;0;0;0;0;0;0;0;0.1;0.1;0.1;0.2;5;3;8;0.00;0.00;0.00;0.00;0.00;0.09;0.07;0.16;0.09;0.16;Matches;2024-05-18
187;Bruno Henrique;br BRA;FW;Flamengo;33-140;1990;5;4;390;4.3;1;0;1;1;0;0;1;0;1.3;1.3;0.2;1.5;19;14;32;0.23;0.00;0.23;0.23;0.23;0.31;0.04;0.35;0.31;0.35;Matches;2024-05-18
188;Bruno Henrique;br BRA;MF;Internacional;34-210;1989;4;3;234;2.6;0;1;1;0;0;0;0;0;0.0;0.0;0.3;0.3;1;11;4;0.00;0.38;0.38;0.00;0.38;0.01;0.11;0.13;0.01;0.13;Matches;2024-05-18
189;Gustavo Henrique;br BRA;DF;Corinthians;31-055;1993;3;3;251;2.8;0;0;0;0;0;0;0;0;0.4;0.4;0.0;0.4;0;3;0;0.00;0.00;0.00;0.00;0.00;0.14;0.01;0.15;0.14;0.15;Matches;2024-05-18
190;Luiz Henrique;br BRA;MF,FW;Botafogo (RJ);23-137;2001;5;5;323;3.6;1;1;2;1;0;0;1;0;0.2;0.2;0.2;0.4;6;7;24;0.28;0.28;0.56;0.28;0.56;0.05;0.04;0.10;0.05;0.10;Matches;2024-05-18
191;Paulo Henrique;br BRA;DF;Vasco da Gama;27-298;1996;6;5;452;5.0;0;0;0;0;0;0;0;0;0.3;0.3;0.1;0.4;13;23;19;0.00;0.00;0.00;0.00;0.00;0.07;0.02;0.09;0.07;0.09;Matches;2024-05-18
192;Pedro Henrique;br BRA;FW;Corinthians;33-337;1990;2;2;75;0.8;0;0;0;0;0;0;1;0;0.1;0.1;0.4;0.5;2;2;3;0.00;0.00;0.00;0.00;0.00;0.08;0.49;0.57;0.08;0.57;Matches;2024-05-18
193;Pedro Henrique;br BRA;DF;Red Bull Bragantino;28-229;1995;3;3;270;3.0;1;0;1;1;0;0;0;0;0.1;0.1;0.0;0.2;1;10;0;0.33;0.00;0.33;0.33;0.33;0.05;0.01;0.06;0.05;0.06;Matches;2024-05-18
194;Hércules;br BRA;MF;Fortaleza;23-211;2000;5;4;354;3.9;1;0;1;1;0;0;1;0;0.3;0.3;0.0;0.3;5;17;9;0.25;0.00;0.25;0.25;0.25;0.07;0.00;0.07;0.07;0.07;Matches;2024-05-18
195;Marcelo Hermes;br BRA;DF,MF;Criciúma;29-107;1995;3;3;270;3.0;0;1;1;0;0;0;1;0;0.1;0.1;0.1;0.2;1;9;12;0.00;0.33;0.33;0.00;0.33;0.04;0.05;0.08;0.04;0.08;Matches;2024-05-18
196;Diego Hernández;uy URU;FW,MF;Botafogo (RJ);23-331;2000;4;0;121;1.3;0;1;1;0;0;0;2;0;0.0;0.0;0.1;0.1;1;6;7;0.00;0.74;0.74;0.00;0.74;0.00;0.09;0.09;0.00;0.09;Matches;2024-05-18
197;Lucca Holanda;br BRA;FW,DF;Internacional;21-046;2003;4;2;125;1.4;0;0;0;0;0;0;0;0;0.0;0.0;0.2;0.2;2;1;6;0.00;0.00;0.00;0.00;0.00;0.01;0.13;0.14;0.01;0.14;Matches;2024-05-18
198;Hugo;br BRA;DF,MF;Corinthians;26-263;1997;6;6;500;5.6;0;1;1;0;0;0;1;0;0.4;0.4;0.7;1.1;10;28;13;0.00;0.18;0.18;0.00;0.18;0.07;0.12;0.20;0.07;0.20;Matches;2024-05-18
199;Hugo;br BRA;DF;Botafogo (RJ);22-241;2001;5;4;360;4.0;0;1;1;0;0;0;0;0;0.3;0.3;0.8;1.1;7;13;9;0.00;0.25;0.25;0.00;0.25;0.07;0.20;0.27;0.07;0.27;Matches;2024-05-18
200;Vitor Hugo Amorim;br BRA;MF;Cruzeiro;20-090;2004;1;0;25;0.3;0;0;0;0;0;0;0;0;0.0;0.0;0.0;0.0;0;1;3;0.00;0.00;0.00;0.00;0.00;0.09;0.00;0.09;0.09;0.09;Matches;2024-05-18
201;José Hugo;br BRA;DF;Vitória;24-214;1999;2;0;30;0.3;0;0;0;0;0;0;0;0;0.0;0.0;0.4;0.4;3;1;3;0.00;0.00;0.00;0.00;0.00;0.00;1.12;1.12;0.00;1.12;Matches;2024-05-18
202;Victor Hugo;br BRA;FW;Flamengo;20-007;2004;3;0;21;0.2;0;0;0;0;0;0;0;0;0.0;0.0;0.0;0.0;0;1;2;0.00;0.00;0.00;0.00;0.00;0.00;0.00;0.00;0.00;0.00;Matches;2024-05-18
203;Hulk;br BRA;FW;Atlético Mineiro;37-298;1986;4;4;330;3.7;0;2;2;0;0;0;1;0;0.3;0.3;0.6;0.9;4;9;19;0.00;0.55;0.55;0.00;0.55;0.07;0.18;0.25;0.07;0.25;Matches;2024-05-18
204;José Hurtado;ec ECU;DF;Red Bull Bragantino;22-147;2001;3;3;270;3.0;0;0;0;0;0;0;0;0;0.1;0.1;0.0;0.1;10;8;12;0.00;0.00;0.00;0.00;0.00;0.03;0.01;0.05;0.03;0.05;Matches;2024-05-18
205;Igor;br BRA;MF;Flamengo;21-072;2003;2;1;47;0.5;0;0;0;0;0;0;1;0;0.0;0.0;0.2;0.2;0;1;0;0.00;0.00;0.00;0.00;0.00;0.00;0.37;0.37;0.00;0.37;Matches;2024-05-18
206;Gabriel Inocêncio;br BRA;DF;Juventude;29-272;1994;3;3;270;3.0;0;0;0;0;0;0;1;0;0.0;0.0;0.1;0.1;8;8;10;0.00;0.00;0.00;0.00;0.00;0.00;0.04;0.04;0.00;0.04;Matches;2024-05-18
207;Isaac;br BRA;DF;Fluminense;20-024;2004;1;0;12;0.1;0;0;0;0;0;0;0;0;0.0;0.0;0.0;0.0;1;0;3;0.00;0.00;0.00;0.00;0.00;0.21;0.00;0.21;0.21;0.21;Matches;2024-05-18
208;Zé Ivaldo;br BRA;DF,MF;Cruzeiro;27-087;1997;4;3;315;3.5;0;0;0;0;0;0;2;0;0.3;0.3;0.2;0.5;5;11;0;0.00;0.00;0.00;0.00;0.00;0.08;0.05;0.13;0.08;0.13;Matches;2024-05-18
209;Jadsom;br BRA;MF;Red Bull Bragantino;22-364;2001;6;4;371;4.1;0;0;0;0;0;0;2;0;0.1;0.1;0.2;0.3;0;18;2;0.00;0.00;0.00;0.00;0.00;0.02;0.05;0.06;0.02;0.06;Matches;2024-05-18
210;Jadson;br BRA;MF;Juventude;30-262;1993;3;3;269;3.0;0;2;2;0;0;0;2;1;0.2;0.2;0.7;0.9;2;17;13;0.00;0.67;0.67;0.00;0.67;0.06;0.23;0.29;0.06;0.29;Matches;2024-05-18
211;Janderson;br BRA;FW,DF;Vitória;25-012;1999;3;2;175;1.9;0;0;0;0;0;0;0;0;0.1;0.1;0.1;0.2;8;3;15;0.00;0.00;0.00;0.00;0.00;0.03;0.08;0.11;0.03;0.11;Matches;2024-05-18
212;Léo Jardim;br BRA;GK;Vasco da Gama;29-059;1995;6;6;540;6.0;0;0;0;0;0;0;0;0;0.0;0.0;0.0;0.0;0;0;0;0.00;0.00;0.00;0.00;0.00;0.00;0.00;0.00;0.00;0.00;Matches;2024-05-18
213;Jeffinho;br BRA;FW,MF;Botafogo (RJ);24-140;1999;6;5;324;3.6;1;1;2;1;0;0;2;0;1.7;1.7;0.4;2.2;6;9;22;0.28;0.28;0.56;0.28;0.56;0.49;0.12;0.61;0.49;0.61;Matches;2024-05-18
214;Jemerson;br BRA;DF;Atlético Mineiro;31-268;1992;3;3;203;2.3;0;0;0;0;0;0;2;0;0.0;0.0;0.0;0.0;0;7;0;0.00;0.00;0.00;0.00;0.00;0.00;0.00;0.00;0.00;0.00;Matches;2024-05-18
215;Caíque de Jesus Gonçalves;br BRA;MF;Juventude;28-221;1995;4;4;342;3.8;0;0;0;0;0;0;3;0;0.0;0.0;0.1;0.2;2;12;4;0.00;0.00;0.00;0.00;0.00;0.01;0.03;0.04;0.01;0.04;Matches;2024-05-18
216;John;br BRA;GK;Botafogo (RJ);28-095;1996;3;3;270;3.0;0;0;0;0;0;0;1;0;0.0;0.0;0.0;0.0;0;0;0;0.00;0.00;0.00;0.00;0.00;0.00;0.00;0.00;0.00;0.00;Matches;2024-05-18
217;Felipe Jonatan;br BRA;DF;Fortaleza;26-093;1998;2;2;148;1.6;0;0;0;0;0;0;0;0;0.0;0.0;0.0;0.0;2;9;4;0.00;0.00;0.00;0.00;0.00;0.01;0.01;0.02;0.01;0.02;Matches;2024-05-18
218;Daniel Jr;br BRA;MF,FW;Vitória;22-009;2002;2;0;31;0.3;0;0;0;0;0;0;0;0;0.0;0.0;0.1;0.1;0;0;4;0.00;0.00;0.00;0.00;0.00;0.03;0.24;0.27;0.03;0.27;Matches;2024-05-18
219;Luciano Juba;br BRA;DF;Bahia;24-263;1999;6;6;540;6.0;0;0;0;0;0;0;0;0;0.1;0.1;0.3;0.4;4;28;10;0.00;0.00;0.00;0.00;0.00;0.01;0.06;0.07;0.01;0.07;Matches;2024-05-18
220;Julimar;br BRA;FW,MF;Ath Paranaense;23-114;2001;6;3;307;3.4;0;1;1;0;0;0;1;0;1.1;1.1;0.4;1.5;11;9;28;0.00;0.29;0.29;0.00;0.29;0.34;0.11;0.44;0.34;0.44;Matches;2024-05-18
221;Lucas Kal;br BRA;MF,DF;Atl Goianiense;28-063;1996;2;1;119;1.3;0;0;0;0;0;0;0;0;0.0;0.0;0.0;0.0;0;4;1;0.00;0.00;0.00;0.00;0.00;0.00;0.00;0.00;0.00;0.00;Matches;2024-05-18
222;Walter Kannemann;ar ARG;DF;Grêmio;33-065;1991;2;2;103;1.1;0;0;0;0;0;0;2;0;0.0;0.0;0.0;0.0;1;2;0;0.00;0.00;0.00;0.00;0.00;0.00;0.00;0.00;0.00;0.00;Matches;2024-05-18
223;Kanu;br BRA;DF;Bahia;27-072;1997;4;4;360;4.0;0;0;0;0;0;0;2;0;0.0;0.0;0.0;0.0;0;5;0;0.00;0.00;0.00;0.00;0.00;0.00;0.00;0.00;0.00;0.00;Matches;2024-05-18
224;Alan Kardec;br BRA;FW;Atlético Mineiro;35-127;1989;1;0;12;0.1;0;0;0;0;0;0;0;0;0.0;0.0;0.0;0.0;1;0;1;0.00;0.00;0.00;0.00;0.00;0.00;0.00;0.00;0.00;0.00;Matches;2024-05-18
225;Renato Kayser;br BRA;FW;Criciúma;28-091;1996;1;1;85;0.9;1;0;1;1;0;0;0;0;0.5;0.5;0.1;0.5;0;4;3;1.06;0.00;1.06;1.06;1.06;0.48;0.07;0.56;0.48;0.56;Matches;2024-05-18
226;Renato Kayser;br BRA;FW;Fortaleza;28-091;1996;4;3;228;2.5;0;0;0;0;0;0;1;0;0.9;0.9;0.1;1.1;4;4;7;0.00;0.00;0.00;0.00;0.00;0.37;0.05;0.42;0.37;0.42;Matches;2024-05-18
227;John Kennedy;br BRA;FW;Fluminense;22-000;2002;4;0;119;1.3;0;0;0;0;0;0;1;0;0.2;0.2;0.0;0.2;1;3;10;0.00;0.00;0.00;0.00;0.00;0.13;0.00;0.13;0.13;0.13;Matches;2024-05-18
228;Keno;br BRA;FW;Fluminense;34-251;1989;1;1;78;0.9;0;0;0;0;0;0;0;0;0.3;0.3;0.0;0.4;4;3;6;0.00;0.00;0.00;0.00;0.00;0.37;0.04;0.41;0.37;0.41;Matches;2024-05-18
229;Kleiton;br BRA;FW;Juventude;25-025;1999;1;0;29;0.3;0;0;0;0;0;0;0;0;0.5;0.5;0.0;0.5;2;1;0;0.00;0.00;0.00;0.00;0.00;1.57;0.00;1.57;1.57;1.57;Matches;2024-05-18
230;Gabriel Knesowitsch;br BRA;DF;Cuiabá;20-213;2003;2;1;160;1.8;0;0;0;0;0;0;0;0;0.0;0.0;0.0;0.0;0;3;0;0.00;0.00;0.00;0.00;0.00;0.00;0.00;0.00;0.00;0.00;Matches;2024-05-18
231;Benjamín Kuscevic;cl CHI;DF;Fortaleza;28-016;1996;2;2;180;2.0;0;0;0;0;0;0;0;0;0.0;0.0;0.0;0.0;0;1;0;0.00;0.00;0.00;0.00;0.00;0.00;0.00;0.00;0.00;0.00;Matches;2024-05-18
232;Derik Lacerda;br BRA;MF,FW;Cuiabá;24-234;1999;4;3;245;2.7;0;0;0;0;0;0;2;0;0.5;0.5;0.0;0.5;0;3;11;0.00;0.00;0.00;0.00;0.00;0.17;0.00;0.17;0.17;0.17;Matches;2024-05-18
233;Ignacio Laquintana;uy URU;FW,MF;Red Bull Bragantino;25-107;1999;4;2;165;1.8;1;0;1;1;0;0;0;0;0.5;0.5;0.0;0.6;4;5;15;0.55;0.00;0.55;0.55;0.55;0.29;0.03;0.32;0.29;0.32;Matches;2024-05-18
234;Lázaro;br BRA;FW,MF;Palmeiras;22-067;2002;6;2;232;2.6;1;0;1;1;0;0;0;0;1.0;1.0;0.3;1.2;10;20;28;0.39;0.00;0.39;0.39;0.39;0.37;0.11;0.48;0.37;0.48;Matches;2024-05-18
235;Mauricio Lemos;uy URU;DF;Atlético Mineiro;28-142;1995;4;3;247;2.7;0;0;0;0;0;0;2;0;0.1;0.1;0.1;0.2;1;9;2;0.00;0.00;0.00;0.00;0.00;0.03;0.03;0.06;0.03;0.06;Matches;2024-05-18
236;Willean Lepo;br BRA;DF;Vitória;27-123;1997;3;2;74;0.8;0;0;0;0;0;0;0;0;0.0;0.0;0.1;0.1;3;5;2;0.00;0.00;0.00;0.00;0.00;0.01;0.17;0.18;0.01;0.18;Matches;2024-05-18
237;Lima;br BRA;MF;Fluminense;27-342;1996;6;5;410;4.6;2;0;2;2;0;0;3;0;0.4;0.4;0.1;0.4;6;11;8;0.44;0.00;0.44;0.44;0.44;0.08;0.02;0.10;0.08;0.10;Matches;2024-05-18
238;Lincoln;br BRA;MF;Red Bull Bragantino;25-193;1998;3;0;83;0.9;0;0;0;0;0;0;0;0;0.1;0.1;0.0;0.1;2;9;3;0.00;0.00;0.00;0.00;0.00;0.12;0.00;0.12;0.12;0.12;Matches;2024-05-18
239;José López;ar ARG;FW,DF;Palmeiras;23-164;2000;5;3;243;2.7;0;0;0;0;0;0;3;0;0.3;0.3;0.2;0.6;3;6;14;0.00;0.00;0.00;0.00;0.00;0.13;0.08;0.21;0.13;0.21;Matches;2024-05-18
240;Lorran;br BRA;MF,FW;Flamengo;17-319;2006;4;1;125;1.4;1;1;2;1;0;0;0;0;0.9;0.9;0.4;1.3;6;6;14;0.72;0.72;1.44;0.72;1.44;0.63;0.27;0.90;0.63;0.90;Matches;2024-05-18
241;Vágner Love;br BRA;MF;Atl Goianiense;39-342;1984;2;0;35;0.4;0;0;0;0;0;0;1;0;0.1;0.1;0.0;0.1;0;1;2;0.00;0.00;0.00;0.00;0.00;0.36;0.00;0.36;0.36;0.36;Matches;2024-05-18
242;Lucão;br BRA;GK;Red Bull Bragantino;23-082;2001;2;1;135;1.5;0;0;0;0;0;0;0;0;0.0;0.0;0.0;0.0;0;0;0;0.00;0.00;0.00;0.00;0.00;0.00;0.00;0.00;0.00;0.00;Matches;2024-05-18
243;Ayrton Lucas;br BRA;DF;Flamengo;26-334;1997;6;6;517;5.7;0;0;0;0;0;0;0;0;0.1;0.1;0.3;0.4;15;18;9;0.00;0.00;0.00;0.00;0.00;0.01;0.05;0.06;0.01;0.06;Matches;2024-05-18
244;Jean Lucas;br BRA;MF;Bahia;25-331;1998;6;6;540;6.0;0;2;2;0;0;0;1;0;0.5;0.5;0.6;1.1;9;26;40;0.00;0.33;0.33;0.00;0.33;0.09;0.10;0.19;0.09;0.19;Matches;2024-05-18
245;João Lucas;br BRA;DF;Juventude;26-070;1998;4;4;360;4.0;0;0;0;0;0;0;1;0;0.0;0.0;0.1;0.2;17;21;16;0.00;0.00;0.00;0.00;0.00;0.01;0.03;0.04;0.01;0.04;Matches;2024-05-18
246;Luciano;br BRA;MF,FW;São Paulo;31-000;1993;6;6;511;5.7;3;0;3;2;1;1;3;0;2.4;1.6;0.8;2.4;2;11;39;0.53;0.00;0.53;0.35;0.35;0.42;0.15;0.56;0.28;0.43;Matches;2024-05-18
247;André Luis;br BRA;MF,FW;Cuiabá;27-027;1997;4;0;87;1.0;0;0;0;0;0;0;0;0;0.0;0.0;0.0;0.0;1;1;3;0.00;0.00;0.00;0.00;0.00;0.00;0.00;0.00;0.00;0.00;Matches;2024-05-18
248;Machado;br BRA;MF;Cruzeiro;28-119;1996;1;1;45;0.5;0;0;0;0;0;0;0;0;0.0;0.0;0.0;0.0;0;0;1;0.00;0.00;0.00;0.00;0.00;0.06;0.00;0.06;0.06;0.06;Matches;2024-05-18
249;Imanol Machuca;ar ARG;MF,FW;Fortaleza;24-124;2000;5;1;140;1.6;1;0;1;1;0;0;0;0;0.2;0.2;0.4;0.6;12;5;15;0.64;0.00;0.64;0.64;0.64;0.15;0.26;0.41;0.15;0.41;Matches;2024-05-18
250;Guilherme Madruga;br BRA;MF;Cuiabá;23-189;2000;1;0;24;0.3;0;0;0;0;0;0;0;0;0.0;0.0;0.0;0.0;1;0;0;0.00;0.00;0.00;0.00;0.00;0.00;0.00;0.00;0.00;0.00;Matches;2024-05-18
251;Mádson;br BRA;DF;Ath Paranaense;32-126;1992;5;1;139;1.5;0;0;0;0;0;0;0;0;0.0;0.0;0.2;0.2;1;4;7;0.00;0.00;0.00;0.00;0.00;0.02;0.13;0.15;0.02;0.15;Matches;2024-05-18
252;Maguinho;br BRA;DF,FW;Atl Goianiense;31-133;1993;3;2;180;2.0;0;1;1;0;0;0;0;1;0.0;0.0;0.1;0.1;1;2;3;0.00;0.50;0.50;0.00;0.50;0.01;0.06;0.07;0.01;0.07;Matches;2024-05-18
253;Pablo Maia;br BRA;MF;São Paulo;22-129;2002;3;3;259;2.9;0;0;0;0;0;0;0;0;0.2;0.2;0.2;0.3;0;18;3;0.00;0.00;0.00;0.00;0.00;0.05;0.05;0.11;0.05;0.11;Matches;2024-05-18
254;Thiago Maia;br BRA;MF;Internacional;27-056;1997;4;3;244;2.7;0;0;0;0;0;0;0;0;0.2;0.2;0.2;0.4;2;14;2;0.00;0.00;0.00;0.00;0.00;0.09;0.06;0.14;0.09;0.14;Matches;2024-05-18
255;Walisson Maia;br BRA;DF;Criciúma;32-271;1991;3;2;201;2.2;0;1;1;0;0;0;0;0;0.1;0.1;0.6;0.8;0;1;1;0.00;0.45;0.45;0.00;0.45;0.05;0.29;0.34;0.05;0.34;Matches;2024-05-18
256;Maicon;br BRA;DF;Vasco da Gama;35-247;1988;5;3;360;4.0;1;0;1;1;0;0;1;0;0.4;0.4;0.0;0.5;0;15;0;0.25;0.00;0.25;0.25;0.25;0.11;0.01;0.12;0.11;0.12;Matches;2024-05-18
257;Hugo Mallo;es ESP;DF;Internacional;32-331;1991;1;1;76;0.8;0;0;0;0;0;0;1;0;0.0;0.0;0.0;0.0;2;2;3;0.00;0.00;0.00;0.00;0.00;0.00;0.00;0.00;0.00;0.00;Matches;2024-05-18
258;Léo Mana;br BRA;DF;Corinthians;20-042;2004;1;0;9;0.1;0;0;0;0;0;0;0;0;0.0;0.0;0.0;0.0;1;1;1;0.00;0.00;0.00;0.00;0.00;0.00;0.00;0.00;0.00;0.00;Matches;2024-05-18
259;Luis Mandaca;br BRA;MF,FW;Juventude;22-229;2001;3;1;97;1.1;0;0;0;0;0;0;0;0;0.1;0.1;0.0;0.1;1;2;2;0.00;0.00;0.00;0.00;0.00;0.10;0.00;0.10;0.10;0.10;Matches;2024-05-18
260;Manoel;br BRA;DF;Fluminense;34-082;1990;5;5;381;4.2;0;0;0;0;0;0;1;0;0.1;0.1;0.0;0.1;0;8;0;0.00;0.00;0.00;0.00;0.00;0.02;0.00;0.02;0.02;0.02;Matches;2024-05-18
261;Fernando Marçal;br BRA;DF;Botafogo (RJ);35-089;1989;1;1;45;0.5;0;0;0;0;0;0;0;0;0.0;0.0;0.0;0.0;1;1;1;0.00;0.00;0.00;0.00;0.00;0.00;0.00;0.00;0.00;0.00;Matches;2024-05-18
262;Marcelinho;br BRA;MF,FW;Juventude;21-159;2002;4;1;157;1.7;0;1;1;0;0;0;0;0;0.2;0.2;0.0;0.3;0;4;10;0.00;0.57;0.57;0.00;0.57;0.14;0.02;0.16;0.14;0.16;Matches;2024-05-18
263;Marcelo;br BRA;DF;Fluminense;36-006;1988;5;4;360;4.0;0;1;1;0;0;0;0;0;0.2;0.2;0.4;0.6;5;14;12;0.00;0.25;0.25;0.00;0.25;0.06;0.10;0.15;0.06;0.15;Matches;2024-05-18
264;João Marcelo;br BRA;DF;Cruzeiro;23-340;2000;5;4;361;4.0;0;1;1;0;0;0;1;0;0.0;0.0;0.1;0.1;6;18;1;0.00;0.25;0.25;0.00;0.25;0.01;0.01;0.02;0.01;0.02;Matches;2024-05-18
265;Agustín Marchesín;ar ARG;GK;Grêmio;36-063;1988;3;3;270;3.0;0;0;0;0;0;0;0;0;0.0;0.0;0.0;0.0;0;1;0;0.00;0.00;0.00;0.00;0.00;0.00;0.00;0.00;0.00;0.00;Matches;2024-05-18
266;Zé Marcos;br BRA;DF;Juventude;26-107;1998;3;3;258;2.9;0;0;0;0;0;0;1;0;0.2;0.2;0.0;0.2;1;6;0;0.00;0.00;0.00;0.00;0.00;0.06;0.00;0.06;0.06;0.06;Matches;2024-05-18
267;Erick Marcus;br BRA;MF,FW;Vasco da Gama;20-078;2004;2;0;63;0.7;0;0;0;0;0;0;0;0;0.1;0.1;0.1;0.1;1;3;6;0.00;0.00;0.00;0.00;0.00;0.08;0.13;0.21;0.08;0.21;Matches;2024-05-18
268;Marinho;br BRA;FW,DF;Fortaleza;33-355;1990;5;3;243;2.7;0;0;0;0;0;0;1;0;0.3;0.3;0.5;0.7;10;9;15;0.00;0.00;0.00;0.00;0.00;0.11;0.17;0.28;0.11;0.28;Matches;2024-05-18
269;Marlon;br BRA;DF;Cruzeiro;26-364;1997;5;5;450;5.0;0;0;0;0;0;0;0;0;0.1;0.1;0.4;0.4;13;27;21;0.00;0.00;0.00;0.00;0.00;0.01;0.08;0.09;0.01;0.09;Matches;2024-05-18
270;Marquinhos;br BRA;DF,FW;Fluminense;21-041;2003;6;6;537;6.0;0;1;1;0;0;0;2;0;0.3;0.3;1.6;1.9;24;11;42;0.00;0.17;0.17;0.00;0.17;0.05;0.27;0.32;0.05;0.32;Matches;2024-05-18
271;Juan Martín Lucero;ar ARG;FW;Fortaleza;32-170;1991;4;2;214;2.4;1;1;2;1;0;0;2;0;0.2;0.2;0.0;0.3;1;0;8;0.42;0.42;0.84;0.42;0.84;0.09;0.02;0.11;0.09;0.11;Matches;2024-05-18
272;Martinelli;br BRA;MF,DF;Fluminense;23-008;2001;6;6;495;5.5;1;0;1;1;0;0;1;0;0.5;0.5;0.2;0.7;3;19;6;0.18;0.00;0.18;0.18;0.18;0.09;0.04;0.13;0.09;0.13;Matches;2024-05-18
273;Adriano Martins;br BRA;DF;Atl Goianiense;27-047;1997;3;3;255;2.8;0;0;0;0;0;0;1;0;0.0;0.0;0.0;0.0;0;3;1;0.00;0.00;0.00;0.00;0.00;0.00;0.01;0.01;0.00;0.01;Matches;2024-05-18
274;Gustavo Martins Santos;br BRA;DF;Grêmio;21-281;2002;3;2;257;2.9;1;0;1;1;0;0;0;0;0.7;0.7;0.0;0.7;0;11;1;0.35;0.00;0.35;0.35;0.35;0.24;0.00;0.24;0.24;0.24;Matches;2024-05-18
275;Gonzalo Mastriani;uy URU;FW;Ath Paranaense;31-020;1993;5;1;147;1.6;1;0;1;1;0;0;0;0;0.3;0.3;0.0;0.3;0;3;11;0.61;0.00;0.61;0.61;0.61;0.18;0.00;0.18;0.18;0.18;Matches;2024-05-18
276;Fellipe Mateus;br BRA;MF;Criciúma;33-096;1991;3;3;262;2.9;2;0;2;2;0;0;1;0;0.2;0.2;0.1;0.4;2;8;11;0.69;0.00;0.69;0.69;0.69;0.09;0.04;0.12;0.09;0.12;Matches;2024-05-18
277;Matheusinho;br BRA;FW,MF;Vitória;26-213;1997;5;5;394;4.4;1;2;3;1;0;0;1;0;0.6;0.6;1.4;2.0;8;11;21;0.23;0.46;0.69;0.23;0.69;0.13;0.32;0.46;0.13;0.46;Matches;2024-05-18
278;Matheusinho;br BRA;FW,MF;Criciúma;26-097;1998;2;0;25;0.3;1;0;1;1;0;0;0;0;0.1;0.1;0.0;0.1;0;1;1;3.60;0.00;3.60;3.60;3.60;0.45;0.00;0.45;0.45;0.45;Matches;2024-05-18
279;Matheuzinho;br BRA;DF,FW;Corinthians;23-253;2000;4;1;198;2.2;0;0;0;0;0;0;1;0;0.5;0.5;0.3;0.8;1;6;19;0.00;0.00;0.00;0.00;0.00;0.23;0.13;0.36;0.23;0.36;Matches;2024-05-18
280;Mauricio;br BRA;MF;Internacional;22-362;2001;4;4;336;3.7;0;0;0;0;0;0;1;0;0.3;0.3;0.7;1.0;7;5;33;0.00;0.00;0.00;0.00;0.00;0.07;0.20;0.27;0.07;0.27;Matches;2024-05-18
281;Max;br BRA;MF,FW;Atl Goianiense;21-325;2002;4;0;43;0.5;0;0;0;0;0;0;0;0;0.0;0.0;0.1;0.1;1;1;1;0.00;0.00;0.00;0.00;0.00;0.00;0.18;0.18;0.00;0.18;Matches;2024-05-18
282;Max;br BRA;MF;Cuiabá;23-006;2001;1;0;15;0.2;0;0;0;0;0;0;0;0;0.0;0.0;0.0;0.0;1;0;0;0.00;0.00;0.00;0.00;0.00;0.00;0.00;0.00;0.00;0.00;Matches;2024-05-18
283;Maycon;br BRA;MF;Corinthians;26-308;1997;2;0;47;0.5;0;0;0;0;0;0;1;0;0.0;0.0;0.0;0.0;3;4;2;0.00;0.00;0.00;0.00;0.00;0.00;0.05;0.05;0.00;0.05;Matches;2024-05-18
284;Mayke;br BRA;DF;Palmeiras;31-190;1992;5;4;340;3.8;0;0;0;0;0;0;3;0;0.0;0.0;0.1;0.1;4;12;20;0.00;0.00;0.00;0.00;0.00;0.00;0.02;0.02;0.00;0.02;Matches;2024-05-18
285;Gary Medel;cl CHI;DF;Vasco da Gama;36-289;1987;2;2;108;1.2;0;0;0;0;0;0;0;0;0.0;0.0;0.0;0.0;0;1;1;0.00;0.00;0.00;0.00;0.00;0.00;0.00;0.00;0.00;0.00;Matches;2024-05-18
286;Felipe Melo;br BRA;DF;Fluminense;40-327;1983;4;4;206;2.3;0;0;0;0;0;0;2;0;0.0;0.0;0.0;0.0;0;5;0;0.00;0.00;0.00;0.00;0.00;0.01;0.00;0.01;0.01;0.01;Matches;2024-05-18
287;Douglas Mendes;br BRA;DF;Red Bull Bragantino;19-340;2004;3;3;270;3.0;0;0;0;0;0;0;1;0;0.1;0.1;0.0;0.1;2;6;0;0.00;0.00;0.00;0.00;0.00;0.02;0.00;0.02;0.02;0.02;Matches;2024-05-18
288;Nathan Mendes;br BRA;DF;Red Bull Bragantino;21-273;2002;3;3;270;3.0;0;1;1;0;0;0;1;0;0.2;0.2;0.1;0.3;3;13;4;0.00;0.33;0.33;0.00;0.33;0.06;0.02;0.09;0.06;0.09;Matches;2024-05-18
289;Gabriel Menino;br BRA;MF;Palmeiras;23-232;2000;5;3;281;3.1;0;0;0;0;0;0;2;0;0.2;0.2;0.2;0.3;4;17;9;0.00;0.00;0.00;0.00;0.00;0.05;0.06;0.11;0.05;0.11;Matches;2024-05-18
290;Gabriel Mercado;ar ARG;DF;Internacional;37-061;1987;3;2;225;2.5;0;0;0;0;0;0;2;0;0.1;0.1;0.0;0.1;0;8;0;0.00;0.00;0.00;0.00;0.00;0.04;0.02;0.05;0.04;0.05;Matches;2024-05-18
291;Higor Meritão;br BRA;MF;Criciúma;29-330;1994;3;3;255;2.8;1;0;1;1;0;0;1;0;0.7;0.7;0.0;0.7;2;9;2;0.35;0.00;0.35;0.35;0.35;0.24;0.00;0.24;0.24;0.24;Matches;2024-05-18
292;Carlos Miguel;br BRA;GK;Corinthians;25-222;1998;3;3;270;3.0;0;0;0;0;0;0;1;0;0.0;0.0;0.1;0.1;0;0;0;0.00;0.00;0.00;0.00;0.00;0.00;0.02;0.02;0.00;0.02;Matches;2024-05-18
293;Lucas Mineiro;br BRA;MF;Cuiabá;28-084;1996;2;1;102;1.1;0;0;0;0;0;0;0;0;0.0;0.0;0.0;0.0;1;2;3;0.00;0.00;0.00;0.00;0.00;0.00;0.00;0.00;0.00;0.00;Matches;2024-05-18
294;Moises;br BRA;FW;Fortaleza;27-259;1996;5;0;137;1.5;0;0;0;0;0;0;0;0;0.4;0.4;0.2;0.6;8;3;8;0.00;0.00;0.00;0.00;0.00;0.28;0.14;0.42;0.28;0.42;Matches;2024-05-18
295;Jacob Montes;ni NCA;FW,MF;Botafogo (RJ);25-211;1998;1;0;19;0.2;1;0;1;1;0;0;0;0;0.1;0.1;0.0;0.1;0;0;1;4.74;0.00;4.74;4.74;4.74;0.59;0.00;0.59;0.59;0.59;Matches;2024-05-18
296;Aníbal Moreno;ar ARG;MF;Palmeiras;25-005;1999;4;4;351;3.9;0;0;0;0;0;0;1;0;0.0;0.0;0.0;0.1;2;19;0;0.00;0.00;0.00;0.00;0.00;0.01;0.00;0.02;0.01;0.02;Matches;2024-05-18
297;Henry Mosquera;co COL;FW,MF;Red Bull Bragantino;22-185;2001;6;4;389;4.3;0;0;0;0;0;0;2;0;0.2;0.2;0.2;0.4;18;10;27;0.00;0.00;0.00;0.00;0.00;0.05;0.04;0.09;0.05;0.09;Matches;2024-05-18
298;Gustavo Mosquito;br BRA;FW;Corinthians;26-254;1997;4;1;159;1.8;0;1;1;0;0;0;1;0;0.2;0.2;0.1;0.3;6;5;14;0.00;0.57;0.57;0.00;0.57;0.11;0.04;0.15;0.11;0.15;Matches;2024-05-18
299;Jean Mota;br BRA;MF;Vitória;30-216;1993;3;0;78;0.9;0;0;0;0;0;0;0;0;0.0;0.0;0.2;0.2;0;5;6;0.00;0.00;0.00;0.00;0.00;0.05;0.22;0.27;0.05;0.27;Matches;2024-05-18
300;Hugo Moura;br BRA;MF;Vasco da Gama;26-136;1998;3;2;130;1.4;0;1;1;0;0;0;1;1;0.0;0.0;0.3;0.3;2;7;3;0.00;0.69;0.69;0.00;0.69;0.00;0.22;0.22;0.00;0.22;Matches;2024-05-18
301;Léo Naldi;br BRA;MF;Vitória;22-274;2001;2;1;74;0.8;0;0;0;0;0;0;1;0;0.1;0.1;0.0;0.1;0;5;4;0.00;0.00;0.00;0.00;0.00;0.14;0.00;0.14;0.14;0.14;Matches;2024-05-18
302;Matheus Nascimento;br BRA;FW;Botafogo (RJ);20-076;2004;1;1;24;0.3;0;0;0;0;0;0;0;0;0.0;0.0;0.0;0.0;1;0;1;0.00;0.00;0.00;0.00;0.00;0.00;0.00;0.00;0.00;0.00;Matches;2024-05-18
303;Nata;br BRA;MF,DF;Grêmio;22-348;2001;2;0;8;0.1;0;0;0;0;0;0;0;0;0.0;0.0;0.0;0.0;0;0;0;0.00;0.00;0.00;0.00;0.00;0.00;0.00;0.00;0.00;0.00;Matches;2024-05-18
304;Kaiky Naves;br BRA;FW;Palmeiras;22-010;2002;1;0;1;0.0;0;0;0;0;0;0;0;0;0.0;0.0;0.0;0.0;0;1;0;0.00;0.00;0.00;0.00;0.00;0.00;0.00;0.00;0.00;0.00;Matches;2024-05-18
305;Nenê;br BRA;MF,FW;Juventude;42-304;1981;4;4;267;3.0;0;0;0;0;0;0;0;0;0.1;0.1;0.2;0.3;4;13;19;0.00;0.00;0.00;0.00;0.00;0.03;0.07;0.10;0.03;0.10;Matches;2024-05-18
306;Neris;br BRA;DF;Cruzeiro;31-336;1992;4;3;231;2.6;0;0;0;0;0;0;0;0;0.1;0.1;0.0;0.1;0;4;1;0.00;0.00;0.00;0.00;0.00;0.04;0.00;0.04;0.04;0.04;Matches;2024-05-18
307;Rodrigo Nestor;br BRA;MF,FW;São Paulo;23-283;2000;4;2;161;1.8;0;1;1;0;0;0;2;0;0.2;0.2;0.3;0.5;6;11;11;0.00;0.56;0.56;0.00;0.56;0.12;0.15;0.27;0.12;0.27;Matches;2024-05-18
308;José Vitor Silva Neves;br BRA;FW,MF;Ath Paranaense;24-016;2000;3;0;86;1.0;0;0;0;0;0;0;1;0;0.0;0.0;0.0;0.0;0;5;4;0.00;0.00;0.00;0.00;0.00;0.00;0.00;0.00;0.00;0.00;Matches;2024-05-18
309;Newton;br BRA;MF;Criciúma;24-067;2000;1;0;15;0.2;0;0;0;0;0;0;0;0;0.0;0.0;0.0;0.0;0;0;0;0.00;0.00;0.00;0.00;0.00;0.00;0.00;0.00;0.00;0.00;Matches;2024-05-18
310;Nikão;br BRA;FW,MF;Ath Paranaense;31-294;1992;3;1;120;1.3;1;0;1;1;0;0;0;0;0.7;0.7;0.0;0.7;2;5;5;0.75;0.00;0.75;0.75;0.75;0.54;0.00;0.54;0.54;0.54;Matches;2024-05-18
311;Gustavo Nunes;br BRA;FW;Grêmio;18-180;2005;4;1;203;2.3;0;0;0;0;0;0;2;0;0.1;0.1;0.1;0.2;12;6;21;0.00;0.00;0.00;0.00;0.00;0.05;0.05;0.10;0.05;0.10;Matches;2024-05-18
312;Cauly Oliveira Souza;br BRA;MF,FW;Bahia;28-246;1995;6;5;463;5.1;1;2;3;1;0;0;0;0;0.5;0.5;1.2;1.7;11;25;35;0.19;0.39;0.58;0.19;0.58;0.09;0.23;0.33;0.09;0.33;Matches;2024-05-18
313;Leo Ortiz;br BRA;DF;Flamengo;28-136;1996;2;1;93;1.0;0;0;0;0;0;0;0;0;0.0;0.0;0.0;0.0;0;7;0;0.00;0.00;0.00;0.00;0.00;0.00;0.01;0.01;0.00;0.01;Matches;2024-05-18
314;Osvaldo;br BRA;MF,FW;Vitória;37-037;1987;4;4;245;2.7;0;0;0;0;0;0;0;0;0.7;0.7;0.1;0.7;6;3;18;0.00;0.00;0.00;0.00;0.00;0.25;0.03;0.28;0.25;0.28;Matches;2024-05-18
315;Otávio;br BRA;MF;Atlético Mineiro;30-014;1994;5;5;450;5.0;0;0;0;0;0;0;0;0;0.1;0.1;0.1;0.2;7;31;6;0.00;0.00;0.00;0.00;0.00;0.01;0.02;0.04;0.01;0.04;Matches;2024-05-18
316;Pablo;br BRA;FW,MF;Ath Paranaense;31-330;1992;5;5;374;4.2;2;0;2;2;0;0;1;0;0.8;0.8;0.5;1.3;5;15;16;0.48;0.00;0.48;0.48;0.48;0.20;0.12;0.31;0.20;0.31;Matches;2024-05-18
317;Pablo;br BRA;DF;Botafogo (RJ);32-332;1991;1;0;29;0.3;0;0;0;0;0;0;0;0;0.0;0.0;0.0;0.0;0;0;0;0.00;0.00;0.00;0.00;0.00;0.00;0.00;0.00;0.00;0.00;Matches;2024-05-18
318;Bruno Pacheco;br BRA;DF;Fortaleza;32-162;1991;4;3;302;3.4;0;0;0;0;0;0;0;0;0.1;0.1;0.0;0.2;4;7;2;0.00;0.00;0.00;0.00;0.00;0.04;0.01;0.04;0.04;0.04;Matches;2024-05-18
319;Patryck;br BRA;DF;São Paulo;21-121;2003;1;1;89;1.0;0;0;0;0;0;0;0;0;0.0;0.0;0.0;0.0;1;4;2;0.00;0.00;0.00;0.00;0.00;0.00;0.00;0.00;0.00;0.00;Matches;2024-05-18
320;Patrick de Paula;br BRA;MF;Botafogo (RJ);24-253;1999;1;0;11;0.1;0;0;0;0;0;0;1;0;0.0;0.0;0.0;0.0;1;1;0;0.00;0.00;0.00;0.00;0.00;0.17;0.00;0.17;0.17;0.17;Matches;2024-05-18
321;Paulinho;br BRA;FW;Atlético Mineiro;23-308;2000;5;5;403;4.5;2;1;3;1;1;1;2;0;2.1;1.3;0.4;1.7;14;11;40;0.45;0.22;0.67;0.22;0.45;0.46;0.08;0.54;0.29;0.37;Matches;2024-05-18
322;Paulinho;br BRA;MF;Corinthians;35-298;1988;6;1;118;1.3;0;0;0;0;0;0;0;0;0.4;0.4;0.0;0.4;4;6;1;0.00;0.00;0.00;0.00;0.00;0.28;0.00;0.28;0.28;0.28;Matches;2024-05-18
323;Cristian Pavón;ar ARG;FW;Grêmio;28-118;1996;2;2;111;1.2;0;1;1;0;0;0;0;0;0.3;0.3;0.6;0.8;4;4;8;0.00;0.81;0.81;0.00;0.81;0.21;0.46;0.68;0.21;0.68;Matches;2024-05-18
324;Dimitri Payet;fr FRA;MF;Vasco da Gama;37-050;1987;2;2;111;1.2;0;2;2;0;0;0;0;0;0.6;0.6;0.8;1.3;2;13;10;0.00;1.62;1.62;0.00;1.62;0.45;0.62;1.07;0.45;1.07;Matches;2024-05-18
325;Pedrão;br BRA;DF;Atl Goianiense;31-152;1992;2;1;105;1.2;0;0;0;0;0;0;1;0;0.2;0.2;0.0;0.2;0;0;0;0.00;0.00;0.00;0.00;0.00;0.13;0.00;0.13;0.13;0.13;Matches;2024-05-18
326;Pedrinho;br BRA;MF;Atlético Mineiro;26-035;1998;1;0;25;0.3;0;0;0;0;0;0;0;0;0.0;0.0;0.0;0.0;1;4;4;0.00;0.00;0.00;0.00;0.00;0.00;0.00;0.00;0.00;0.00;Matches;2024-05-18
327;Pedro;br BRA;FW;Flamengo;26-333;1997;6;5;450;5.0;2;0;2;1;1;1;0;0;1.9;1.1;0.5;1.6;7;9;23;0.40;0.00;0.40;0.20;0.20;0.38;0.10;0.48;0.22;0.32;Matches;2024-05-18
328;João Pedro;br BRA;FW;Cruzeiro;21-106;2003;1;0;9;0.1;0;0;0;0;0;0;0;0;0.0;0.0;0.0;0.0;0;0;0;0.00;0.00;0.00;0.00;0.00;0.00;0.00;0.00;0.00;0.00;Matches;2024-05-18
329;João Pedro;br BRA;MF;Vasco da Gama;19-029;2005;1;0;17;0.2;0;0;0;0;0;0;0;0;0.0;0.0;0.0;0.0;1;2;0;0.00;0.00;0.00;0.00;0.00;0.00;0.00;0.00;0.00;0.00;Matches;2024-05-18
330;João Pedro;it ITA;FW;Grêmio;32-070;1992;4;2;207;2.3;0;0;0;0;0;0;0;0;0.6;0.6;0.0;0.7;0;5;12;0.00;0.00;0.00;0.00;0.00;0.28;0.01;0.28;0.28;0.28;Matches;2024-05-18
331;João Pedro;br BRA;DF;Grêmio;27-185;1996;3;3;270;3.0;0;0;0;0;0;0;0;0;0.3;0.3;0.1;0.3;5;12;15;0.00;0.00;0.00;0.00;0.00;0.09;0.02;0.11;0.09;0.11;Matches;2024-05-18
332;Léo Pelé;br BRA;DF;Vasco da Gama;28-073;1996;6;6;540;6.0;0;0;0;0;0;0;1;0;0.0;0.0;0.1;0.2;11;30;1;0.00;0.00;0.00;0.00;0.00;0.01;0.02;0.03;0.01;0.03;Matches;2024-05-18
333;Carlos de Pena;uy URU;MF,FW;Bahia;32-068;1992;6;0;76;0.8;0;1;1;0;0;0;2;0;0.1;0.1;1.0;1.1;2;5;1;0.00;1.18;1.18;0.00;1.18;0.10;1.24;1.33;0.10;1.33;Matches;2024-05-18
334;Léo Pereira;br BRA;DF;Flamengo;28-108;1996;6;6;526;5.8;0;0;0;0;0;0;3;0;0.2;0.2;0.6;0.7;5;22;4;0.00;0.00;0.00;0.00;0.00;0.03;0.10;0.13;0.03;0.13;Matches;2024-05-18
335;Matheus Pereira;pt POR;FW;Cruzeiro;28-013;1996;5;5;439;4.9;2;0;2;2;0;0;2;0;1.2;1.2;0.5;1.7;13;27;22;0.41;0.00;0.41;0.41;0.41;0.24;0.11;0.35;0.24;0.35;Matches;2024-05-18
336;Yago Pikachu;br BRA;DF,FW;Fortaleza;31-348;1992;5;3;232;2.6;0;0;0;0;0;0;1;0;0.6;0.6;0.1;0.7;8;11;13;0.00;0.00;0.00;0.00;0.00;0.24;0.05;0.29;0.24;0.29;Matches;2024-05-18
337;Joaquín Piquerez;uy URU;DF;Palmeiras;25-268;1998;5;5;432;4.8;0;0;0;0;0;0;0;0;0.2;0.2;0.5;0.8;12;31;15;0.00;0.00;0.00;0.00;0.00;0.05;0.11;0.16;0.05;0.16;Matches;2024-05-18
338;Rafael Pires;br BRA;GK;São Paulo;34-330;1989;6;6;540;6.0;0;0;0;0;0;0;0;0;0.0;0.0;0.0;0.0;0;0;0;0.00;0.00;0.00;0.00;0.00;0.00;0.00;0.00;0.00;0.00;Matches;2024-05-18
339;Lucas Piton;br BRA;DF;Vasco da Gama;23-222;2000;6;6;540;6.0;0;0;0;0;0;0;1;0;0.2;0.2;0.5;0.7;17;17;42;0.00;0.00;0.00;0.00;0.00;0.03;0.09;0.12;0.03;0.12;Matches;2024-05-18
340;Isidro Pitta;py PAR;FW;Cuiabá;24-278;1999;4;3;206;2.3;0;0;0;0;0;0;0;0;0.3;0.3;0.6;0.9;3;5;7;0.00;0.00;0.00;0.00;0.00;0.11;0.27;0.38;0.11;0.38;Matches;2024-05-18
341;Tomas Pochettino;ar ARG;MF;Fortaleza;28-107;1996;4;4;323;3.6;1;1;2;1;0;0;1;0;0.2;0.2;1.2;1.4;9;14;17;0.28;0.28;0.56;0.28;0.56;0.06;0.33;0.40;0.06;0.40;Matches;2024-05-18
342;Mateo Ponte;uy URU;DF;Botafogo (RJ);20-360;2003;4;4;296;3.3;1;0;1;1;0;0;1;0;0.3;0.3;0.1;0.4;8;9;18;0.30;0.00;0.30;0.30;0.30;0.08;0.03;0.11;0.08;0.11;Matches;2024-05-18
343;Werik Popó;br BRA;FW;Juventude;22-214;2001;2;0;22;0.2;0;0;0;0;0;0;0;0;0.0;0.0;0.2;0.2;0;0;4;0.00;0.00;0.00;0.00;0.00;0.00;0.63;0.63;0.00;0.63;Matches;2024-05-18
344;Gustavo Prado;br BRA;FW,MF;Internacional;18-347;2005;4;0;109;1.2;0;0;0;0;0;0;0;0;0.1;0.1;0.4;0.5;2;2;11;0.00;0.00;0.00;0.00;0.00;0.10;0.31;0.41;0.10;0.41;Matches;2024-05-18
345;Bruno Praxedes;br BRA;MF;Vasco da Gama;22-100;2002;1;0;24;0.3;0;0;0;0;0;0;1;0;0.0;0.0;0.3;0.3;2;2;1;0.00;0.00;0.00;0.00;0.00;0.00;1.26;1.26;0.00;1.26;Matches;2024-05-18
346;Erick Pulgar;cl CHI;MF;Flamengo;30-124;1994;4;4;315;3.5;0;0;0;0;0;0;1;0;0.2;0.2;0.0;0.2;0;12;1;0.00;0.00;0.00;0.00;0.00;0.06;0.00;0.06;0.06;0.06;Matches;2024-05-18
347;Du Queiroz;br BRA;MF;Grêmio;24-120;2000;4;3;227;2.5;0;0;0;0;0;0;1;0;0.0;0.0;0.0;0.0;5;21;9;0.00;0.00;0.00;0.00;0.00;0.00;0.01;0.01;0.00;0.01;Matches;2024-05-18
348;Igor Rabello;br BRA;DF;Atlético Mineiro;29-020;1995;4;1;188;2.1;0;0;0;0;0;0;0;0;0.0;0.0;0.0;0.0;0;4;0;0.00;0.00;0.00;0.00;0.00;0.00;0.01;0.01;0.00;0.01;Matches;2024-05-18
349;Zé Rafael;br BRA;MF;Palmeiras;30-337;1993;2;1;90;1.0;0;0;0;0;0;0;1;0;0.0;0.0;0.1;0.1;1;3;2;0.00;0.00;0.00;0.00;0.00;0.00;0.07;0.07;0.00;0.07;Matches;2024-05-18
350;Railan;br BRA;DF;Cuiabá;24-069;2000;1;1;90;1.0;0;0;0;0;0;0;0;0;0.0;0.0;0.0;0.0;1;2;1;0.00;0.00;0.00;0.00;0.00;0.00;0.00;0.00;0.00;0.00;Matches;2024-05-18
351;Eric Ramires;br BRA;MF,FW;Red Bull Bragantino;23-282;2000;6;3;316;3.5;0;1;1;0;0;0;1;0;0.5;0.5;0.1;0.6;4;10;7;0.00;0.28;0.28;0.00;0.28;0.14;0.04;0.18;0.14;0.18;Matches;2024-05-18
352;Ramon;br BRA;DF;Cuiabá;23-066;2001;1;1;70;0.8;0;0;0;0;0;0;0;0;0.0;0.0;0.0;0.0;1;1;3;0.00;0.00;0.00;0.00;0.00;0.00;0.00;0.00;0.00;0.00;Matches;2024-05-18
353;Raniele;br BRA;MF,DF;Corinthians;27-139;1996;5;5;395;4.4;0;0;0;0;0;0;3;0;0.4;0.4;0.0;0.5;5;7;5;0.00;0.00;0.00;0.00;0.00;0.10;0.00;0.10;0.10;0.10;Matches;2024-05-18
354;Rafael Ratão;br BRA;FW;Bahia;28-170;1995;3;0;37;0.4;1;0;1;1;0;0;0;0;1.1;1.1;0.0;1.1;1;1;7;2.43;0.00;2.43;2.43;2.43;2.72;0.00;2.72;2.72;2.72;Matches;2024-05-18
355;Raul;br BRA;MF;Red Bull Bragantino;27-312;1996;3;2;129;1.4;0;0;0;0;0;0;0;0;0.0;0.0;0.1;0.1;1;6;0;0.00;0.00;0.00;0.00;0.00;0.01;0.05;0.06;0.01;0.06;Matches;2024-05-18
356;Pedro Raul;br BRA;FW;Corinthians;27-195;1996;4;1;154;1.7;0;0;0;0;0;0;0;0;0.1;0.1;0.0;0.1;2;3;12;0.00;0.00;0.00;0.00;0.00;0.04;0.03;0.07;0.04;0.07;Matches;2024-05-18
357;Robert Renan;br BRA;DF;Internacional;20-220;2003;2;1;103;1.1;0;0;0;0;0;0;1;0;0.0;0.0;0.0;0.0;1;7;0;0.00;0.00;0.00;0.00;0.00;0.02;0.00;0.02;0.02;0.02;Matches;2024-05-18
358;Renê;br BRA;DF;Internacional;31-247;1992;4;4;360;4.0;0;0;0;0;0;0;1;0;0.6;0.6;0.1;0.7;15;43;2;0.00;0.00;0.00;0.00;0.00;0.15;0.04;0.18;0.15;0.18;Matches;2024-05-18
359;Rezende;br BRA;MF,DF;Bahia;29-137;1995;6;1;197;2.2;0;0;0;0;0;0;1;0;0.1;0.1;0.0;0.1;1;6;1;0.00;0.00;0.00;0.00;0.00;0.03;0.00;0.03;0.03;0.03;Matches;2024-05-18
360;Rhaldney;br BRA;MF;Atl Goianiense;25-180;1998;4;3;243;2.7;0;0;0;0;0;0;3;0;0.0;0.0;0.1;0.1;0;8;2;0.00;0.00;0.00;0.00;0.00;0.00;0.03;0.03;0.00;0.03;Matches;2024-05-18
361;Everton Ribeiro;br BRA;MF,FW;Bahia;35-038;1989;6;6;416;4.6;0;1;1;0;0;0;2;0;0.5;0.5;0.5;1.1;9;46;23;0.00;0.22;0.22;0.00;0.22;0.12;0.11;0.23;0.12;0.23;Matches;2024-05-18
362;Wesley Ribeiro;br BRA;FW;Corinthians;19-074;2005;6;5;427;4.7;2;0;2;2;0;0;1;0;0.8;0.8;1.4;2.2;21;16;36;0.42;0.00;0.42;0.42;0.42;0.17;0.30;0.47;0.17;0.47;Matches;2024-05-18
363;João Ricardo Riedi;br BRA;GK;Fortaleza;35-255;1988;5;5;450;5.0;0;0;0;0;0;0;0;0;0.0;0.0;0.0;0.0;0;0;0;0.00;0.00;0.00;0.00;0.00;0.00;0.00;0.00;0.00;0.00;Matches;2024-05-18
364;Rikelme;br BRA;DF;Cuiabá;20-307;2003;4;3;299;3.3;0;0;0;0;0;0;0;0;0.0;0.0;0.0;0.0;1;4;6;0.00;0.00;0.00;0.00;0.00;0.01;0.00;0.01;0.01;0.01;Matches;2024-05-18
365;Rildo;br BRA;MF,FW;Juventude;24-118;2000;2;0;36;0.4;0;0;0;0;0;0;0;0;0.2;0.2;0.0;0.2;1;1;2;0.00;0.00;0.00;0.00;0.00;0.53;0.00;0.53;0.53;0.53;Matches;2024-05-18
366;Richard Ríos;co COL;MF;Palmeiras;23-351;2000;6;4;349;3.9;1;0;1;1;0;0;1;0;0.3;0.3;0.2;0.5;4;10;14;0.26;0.00;0.26;0.26;0.26;0.08;0.04;0.12;0.08;0.12;Matches;2024-05-18
367;Robert;br BRA;DF;Cruzeiro;19-035;2005;1;0;11;0.1;0;1;1;0;0;0;0;0;0.0;0.0;0.1;0.1;0;0;1;0.00;8.18;8.18;0.00;8.18;0.14;0.57;0.71;0.14;0.71;Matches;2024-05-18
368;Kaique Rocha;br BRA;DF;Ath Paranaense;23-080;2001;6;6;540;6.0;0;0;0;0;0;0;0;0;0.4;0.4;0.6;1.0;1;16;2;0.00;0.00;0.00;0.00;0.00;0.06;0.10;0.16;0.06;0.16;Matches;2024-05-18
369;Marcos Rocha;br BRA;DF;Palmeiras;35-159;1988;4;2;200;2.2;0;0;0;0;0;0;0;0;0.0;0.0;0.0;0.0;4;13;8;0.00;0.00;0.00;0.00;0.00;0.00;0.02;0.02;0.00;0.02;Matches;2024-05-18
370;Sergio Rochet;uy URU;GK;Internacional;31-056;1993;4;4;360;4.0;0;0;0;0;0;0;0;0;0.0;0.0;0.0;0.0;0;0;0;0.00;0.00;0.00;0.00;0.00;0.00;0.00;0.00;0.00;0.00;Matches;2024-05-18
371;Rodrigo;br BRA;MF;São Paulo;20-063;2004;2;0;53;0.6;0;0;0;0;0;0;0;0;0.5;0.5;0.0;0.5;5;1;4;0.00;0.00;0.00;0.00;0.00;0.78;0.06;0.84;0.78;0.84;Matches;2024-05-18
372;Emiliano Rodríguez;uy URU;FW;Atl Goianiense;20-307;2003;5;4;281;3.1;0;0;0;0;0;0;0;0;0.5;0.5;0.1;0.5;3;2;13;0.00;0.00;0.00;0.00;0.00;0.15;0.03;0.17;0.15;0.17;Matches;2024-05-18
373;James Rodríguez;co COL;MF;São Paulo;32-311;1991;2;0;38;0.4;0;0;0;0;0;0;0;0;0.0;0.0;0.0;0.0;0;6;3;0.00;0.00;0.00;0.00;0.00;0.00;0.00;0.00;0.00;0.00;Matches;2024-05-18
374;Robert Rojas;py PAR;DF;Vasco da Gama;28-018;1996;1;0;4;0.0;0;0;0;0;0;0;0;0;0.0;0.0;0.0;0.0;0;0;0;0.00;0.00;0.00;0.00;0.00;0.00;0.00;0.00;0.00;0.00;Matches;2024-05-18
375;Guilherme Romão;br BRA;DF;Atl Goianiense;26-224;1997;5;5;450;5.0;0;0;0;0;0;0;1;0;0.6;0.6;0.0;0.6;9;26;18;0.00;0.00;0.00;0.00;0.00;0.12;0.00;0.12;0.12;0.12;Matches;2024-05-18
376;Ángel Romero;py PAR;FW;Corinthians;31-319;1992;6;5;404;4.5;0;0;0;0;0;0;2;0;1.0;1.0;0.2;1.2;5;16;32;0.00;0.00;0.00;0.00;0.00;0.23;0.05;0.28;0.23;0.28;Matches;2024-05-18
377;Lucas Romero;ar ARG;MF;Cruzeiro;30-030;1994;4;4;355;3.9;0;0;0;0;0;0;2;1;0.2;0.2;0.1;0.3;1;29;3;0.00;0.00;0.00;0.00;0.00;0.04;0.03;0.07;0.04;0.07;Matches;2024-05-18
378;Óscar Romero;py PAR;FW,MF;Botafogo (RJ);31-319;1992;4;1;134;1.5;0;1;1;0;0;0;1;0;0.1;0.1;0.2;0.2;1;6;11;0.00;0.67;0.67;0.00;0.67;0.04;0.12;0.16;0.04;0.16;Matches;2024-05-18
379;Rômulo;br BRA;DF;Atlético Mineiro;20-108;2004;1;0;45;0.5;0;0;0;0;0;0;0;0;0.1;0.1;0.0;0.1;0;0;2;0.00;0.00;0.00;0.00;0.00;0.11;0.00;0.11;0.11;0.11;Matches;2024-05-18
380;Romulo;br BRA;MF;Internacional;24-078;2000;2;1;85;0.9;0;0;0;0;0;0;1;0;0.0;0.0;0.0;0.0;0;3;0;0.00;0.00;0.00;0.00;0.00;0.00;0.00;0.00;0.00;0.00;Matches;2024-05-18
381;Romulo;br BRA;MF;Palmeiras;22-224;2001;3;0;53;0.6;0;0;0;0;0;0;0;0;0.0;0.0;0.3;0.4;1;4;12;0.00;0.00;0.00;0.00;0.00;0.06;0.57;0.64;0.06;0.64;Matches;2024-05-18
382;Ronald;br BRA;MF;Grêmio;21-097;2003;1;0;6;0.1;0;0;0;0;0;0;0;0;0.0;0.0;0.0;0.0;0;0;0;0.00;0.00;0.00;0.00;0.00;0.00;0.00;0.00;0.00;0.00;Matches;2024-05-18
383;Ronaldo;br BRA;GK;Atl Goianiense;27-270;1996;5;5;450;5.0;0;1;1;0;0;0;1;0;0.0;0.0;0.2;0.2;0;0;0;0.00;0.20;0.20;0.00;0.20;0.00;0.04;0.04;0.00;0.04;Matches;2024-05-18
384;Budiga Roni;br BRA;MF;Atl Goianiense;25-033;1999;2;2;135;1.5;0;0;0;0;0;0;2;0;0.0;0.0;0.0;0.0;0;3;1;0.00;0.00;0.00;0.00;0.00;0.00;0.00;0.00;0.00;0.00;Matches;2024-05-18
385;Rony;br BRA;FW;Palmeiras;29-007;1995;6;3;319;3.5;0;0;0;0;0;0;1;0;0.7;0.7;0.2;0.9;2;2;14;0.00;0.00;0.00;0.00;0.00;0.20;0.05;0.25;0.20;0.25;Matches;2024-05-18
386;Matheus Rossetto;br BRA;MF;Fortaleza;27-350;1996;1;1;90;1.0;0;0;0;0;0;0;0;0;0.0;0.0;0.0;0.0;3;3;0;0.00;0.00;0.00;0.00;0.00;0.00;0.02;0.02;0.00;0.02;Matches;2024-05-18
387;Rossi;br BRA;FW;Vasco da Gama;31-026;1993;5;5;220;2.4;0;1;1;0;0;0;1;0;0.0;0.0;0.5;0.5;5;3;23;0.00;0.41;0.41;0.00;0.41;0.00;0.20;0.20;0.00;0.20;Matches;2024-05-18
388;Agustín Rossi;ar ARG;GK;Flamengo;28-271;1995;6;6;540;6.0;0;0;0;0;0;0;0;0;0.0;0.0;0.0;0.0;0;0;0;0.00;0.00;0.00;0.00;0.00;0.00;0.00;0.00;0.00;0.00;Matches;2024-05-18
389;Ruan;br BRA;MF,FW;Juventude;19-015;2005;2;0;49;0.5;0;0;0;0;0;0;0;0;0.1;0.1;0.0;0.1;0;0;4;0.00;0.00;0.00;0.00;0.00;0.13;0.00;0.13;0.13;0.13;Matches;2024-05-18
390;Rubens;br BRA;DF;Atlético Mineiro;22-332;2001;1;1;9;0.1;0;0;0;0;0;0;0;0;0.0;0.0;0.0;0.0;0;0;2;0.00;0.00;0.00;0.00;0.00;0.00;0.00;0.00;0.00;0.00;Matches;2024-05-18
391;Alan Ruschel;br BRA;DF;Juventude;34-269;1989;1;1;90;1.0;0;0;0;0;0;0;0;0;0.0;0.0;0.1;0.1;4;8;6;0.00;0.00;0.00;0.00;0.00;0.00;0.14;0.14;0.00;0.14;Matches;2024-05-18
392;Rodrigo Sam;br BRA;DF;Juventude;28-299;1995;3;1;150;1.7;0;0;0;0;0;0;1;0;0.0;0.0;0.1;0.1;0;5;0;0.00;0.00;0.00;0.00;0.00;0.00;0.06;0.06;0.00;0.06;Matches;2024-05-18
393;Alex Santana;br BRA;MF,FW;Ath Paranaense;29-005;1995;3;0;100;1.1;0;0;0;0;0;0;1;0;0.1;0.1;0.0;0.1;1;2;0;0.00;0.00;0.00;0.00;0.00;0.06;0.00;0.06;0.06;0.06;Matches;2024-05-18
394;Ademir Santos;br BRA;FW,MF;Bahia;29-092;1995;5;2;178;2.0;0;0;0;0;0;0;0;0;0.3;0.3;0.0;0.3;11;2;16;0.00;0.00;0.00;0.00;0.00;0.15;0.00;0.15;0.15;0.15;Matches;2024-05-18
395;Allyson Aires dos Santos;br BRA;DF;Cuiabá;33-208;1990;1;1;90;1.0;0;0;0;0;0;0;0;0;0.0;0.0;0.0;0.0;0;1;0;0.00;0.00;0.00;0.00;0.00;0.00;0.00;0.00;0.00;0.00;Matches;2024-05-18
396;Eduardo Santos;br BRA;DF;Red Bull Bragantino;26-172;1997;3;2;225;2.5;0;0;0;0;0;0;0;0;0.0;0.0;0.0;0.0;3;17;5;0.00;0.00;0.00;0.00;0.00;0.00;0.00;0.00;0.00;0.00;Matches;2024-05-18
397;Juan Santos;br BRA;FW;São Paulo;22-073;2002;2;1;61;0.7;0;1;1;0;0;0;0;0;0.5;0.5;0.1;0.7;1;1;2;0.00;1.48;1.48;0.00;1.48;0.80;0.17;0.97;0.80;0.97;Matches;2024-05-18
398;Júnior Santos;br BRA;FW,MF;Botafogo (RJ);29-220;1994;6;5;431;4.8;1;1;2;1;0;0;1;0;1.7;1.7;0.8;2.5;13;13;39;0.21;0.21;0.42;0.21;0.42;0.35;0.17;0.52;0.35;0.52;Matches;2024-05-18
399;Renzo Saravia;ar ARG;DF;Atlético Mineiro;30-337;1993;5;5;450;5.0;0;0;0;0;0;0;1;0;0.0;0.0;0.1;0.2;12;31;7;0.00;0.00;0.00;0.00;0.00;0.01;0.03;0.03;0.01;0.03;Matches;2024-05-18
400;Eduardo Sasha;br BRA;FW;Red Bull Bragantino;32-084;1992;5;5;374;4.2;2;0;2;2;0;0;1;0;0.7;0.7;0.2;0.8;3;11;15;0.48;0.00;0.48;0.48;0.48;0.16;0.04;0.20;0.16;0.20;Matches;2024-05-18
401;Lucas Sasha;br BRA;MF;Fortaleza;34-078;1990;3;1;100;1.1;0;0;0;0;0;0;0;0;0.0;0.0;0.5;0.5;0;3;7;0.00;0.00;0.00;0.00;0.00;0.02;0.44;0.46;0.02;0.46;Matches;2024-05-18
402;Jefferson Savarino;ve VEN;MF,FW;Botafogo (RJ);27-189;1996;6;3;364;4.0;2;1;3;2;0;0;1;0;0.4;0.4;0.3;0.8;8;22;27;0.49;0.25;0.74;0.49;0.74;0.11;0.08;0.19;0.11;0.19;Matches;2024-05-18
403;Gustavo Scarpa;br BRA;MF,FW;Atlético Mineiro;30-134;1994;5;4;316;3.5;2;2;4;2;0;0;0;0;0.4;0.4;1.1;1.5;13;29;33;0.57;0.57;1.14;0.57;1.14;0.10;0.32;0.43;0.10;0.43;Matches;2024-05-18
404;Cleiton Schwengber;br BRA;GK;Red Bull Bragantino;26-273;1997;5;5;405;4.5;0;0;0;0;0;0;0;0;0.0;0.0;0.0;0.0;0;0;0;0.00;0.00;0.00;0.00;0.00;0.00;0.00;0.00;0.00;0.00;Matches;2024-05-18
405;Juan Sforza;ar ARG;MF;Vasco da Gama;22-094;2002;6;5;412;4.6;0;0;0;0;0;0;2;0;0.2;0.1;0.0;0.1;3;19;2;0.00;0.00;0.00;0.00;0.00;0.04;0.00;0.04;0.03;0.03;Matches;2024-05-18
406;Shaylon;br BRA;MF,FW;Atl Goianiense;27-021;1997;5;5;431;4.8;0;0;0;0;0;1;0;0;1.0;0.2;1.6;1.8;7;21;15;0.00;0.00;0.00;0.00;0.00;0.21;0.33;0.54;0.04;0.38;Matches;2024-05-18
407;André Silva;br BRA;MF,FW;São Paulo;26-350;1997;6;3;282;3.1;1;1;2;1;0;0;0;0;0.4;0.4;0.4;0.8;4;8;18;0.32;0.32;0.64;0.32;0.64;0.12;0.14;0.26;0.12;0.26;Matches;2024-05-18
408;Luan Silva;br BRA;MF;Vitória;25-004;1999;3;2;131;1.5;0;0;0;0;0;0;0;0;0.0;0.0;0.0;0.0;0;5;0;0.00;0.00;0.00;0.00;0.00;0.00;0.00;0.00;0.00;0.00;Matches;2024-05-18
409;Lucas Silva;br BRA;MF;Cruzeiro;31-092;1993;5;5;381;4.2;1;0;1;1;0;0;1;0;0.2;0.2;0.1;0.3;4;13;7;0.24;0.00;0.24;0.24;0.24;0.04;0.02;0.06;0.04;0.06;Matches;2024-05-18
410;Rafael Silva;br BRA;FW;Cruzeiro;32-044;1992;5;5;347;3.9;2;0;2;2;0;0;1;0;1.3;1.3;0.1;1.4;3;8;19;0.52;0.00;0.52;0.52;0.52;0.35;0.01;0.36;0.35;0.36;Matches;2024-05-18
411;Everton Soares;br BRA;FW;Flamengo;28-057;1996;3;3;144;1.6;0;0;0;0;0;0;0;0;0.2;0.2;0.0;0.2;7;3;10;0.00;0.00;0.00;0.00;0.00;0.13;0.00;0.13;0.13;0.13;Matches;2024-05-18
412;Tiquinho Soares;br BRA;FW;Botafogo (RJ);33-122;1991;3;2;200;2.2;2;0;2;1;1;1;1;0;1.7;0.9;0.4;1.3;0;5;9;0.90;0.00;0.90;0.45;0.45;0.78;0.17;0.95;0.43;0.60;Matches;2024-05-18
413;Fernando Sobral;br BRA;MF;Cuiabá;29-153;1994;4;4;284;3.2;0;0;0;0;0;0;1;0;0.1;0.1;0.4;0.6;1;17;12;0.00;0.00;0.00;0.00;0.00;0.05;0.14;0.19;0.05;0.19;Matches;2024-05-18
414;Yeferson Soteldo;ve VEN;FW;Grêmio;26-323;1997;4;4;268;3.0;1;1;2;1;0;0;0;0;0.3;0.3;0.5;0.8;12;11;18;0.34;0.34;0.67;0.34;0.67;0.10;0.16;0.26;0.10;0.26;Matches;2024-05-18
415;Igor Vinícius de Souza;br BRA;DF;São Paulo;27-047;1997;6;6;490;5.4;0;1;1;0;0;0;3;0;0.8;0.8;0.6;1.4;16;22;57;0.00;0.18;0.18;0.00;0.18;0.14;0.11;0.25;0.14;0.25;Matches;2024-05-18
416;Everaldo Stum;br BRA;FW;Bahia;32-318;1991;6;3;255;2.8;3;0;3;2;1;1;2;0;2.4;1.6;0.5;2.2;3;4;20;1.06;0.00;1.06;0.71;0.71;0.86;0.19;1.05;0.58;0.77;Matches;2024-05-18
417;Damián Suárez;uy URU;DF;Botafogo (RJ);36-021;1988;4;2;235;2.6;0;0;0;0;0;0;0;0;0.0;0.0;0.1;0.1;2;8;13;0.00;0.00;0.00;0.00;0.00;0.01;0.04;0.05;0.01;0.05;Matches;2024-05-18
418;Talisson;br BRA;FW;Red Bull Bragantino;21-363;2002;1;0;14;0.2;0;0;0;0;0;0;0;0;0.0;0.0;0.0;0.0;0;0;0;0.00;0.00;0.00;0.00;0.00;0.07;0.00;0.07;0.07;0.07;Matches;2024-05-18
419;Tchê Tchê;br BRA;MF;Botafogo (RJ);31-262;1992;4;2;279;3.1;0;0;0;0;0;0;0;0;0.1;0.1;1.3;1.3;8;15;4;0.00;0.00;0.00;0.00;0.00;0.02;0.41;0.43;0.02;0.43;Matches;2024-05-18
420;David Terans;uy URU;MF,FW;Fluminense;29-281;1994;3;0;53;0.6;0;0;0;0;0;0;0;0;0.0;0.0;0.0;0.0;1;0;1;0.00;0.00;0.00;0.00;0.00;0.00;0.00;0.00;0.00;0.00;Matches;2024-05-18
421;Thaciano;br BRA;FW;Bahia;29-006;1995;6;6;470;5.2;1;0;1;1;0;0;2;0;1.4;1.4;0.1;1.5;5;8;24;0.19;0.00;0.19;0.19;0.19;0.26;0.02;0.28;0.26;0.28;Matches;2024-05-18
422;Thiaguinho;br BRA;MF;Juventude;27-037;1997;2;0;44;0.5;0;0;0;0;0;0;0;0;0.0;0.0;0.0;0.0;1;3;0;0.00;0.00;0.00;0.00;0.00;0.00;0.00;0.00;0.00;0.00;Matches;2024-05-18
423;Guilherme Tinga;br BRA;DF;Fortaleza;30-260;1993;5;4;368;4.1;0;0;0;0;0;0;1;0;0.0;0.0;0.2;0.2;6;16;14;0.00;0.00;0.00;0.00;0.00;0.00;0.05;0.05;0.00;0.05;Matches;2024-05-18
424;Titi;br BRA;DF;Fortaleza;36-067;1988;5;5;450;5.0;0;0;0;0;0;0;1;0;0.1;0.1;0.0;0.1;1;5;0;0.00;0.00;0.00;0.00;0.00;0.02;0.00;0.02;0.02;0.02;Matches;2024-05-18
425;Félix Torres Caicedo;ec ECU;DF;Corinthians;27-128;1997;6;6;540;6.0;0;0;0;0;0;0;0;0;0.3;0.3;0.8;1.1;1;21;0;0.00;0.00;0.00;0.00;0.00;0.05;0.13;0.18;0.05;0.18;Matches;2024-05-18
426;Miguel Trauco;pe PER;DF,MF;Criciúma;31-267;1992;2;1;95;1.1;0;0;0;0;0;0;1;0;0.0;0.0;0.0;0.0;2;8;0;0.00;0.00;0.00;0.00;0.00;0.00;0.00;0.00;0.00;0.00;Matches;2024-05-18
427;Bruno Tubarão;br BRA;DF;Atl Goianiense;29-074;1995;4;4;360;4.0;0;0;0;0;0;0;1;0;0.0;0.0;0.0;0.0;10;18;7;0.00;0.00;0.00;0.00;0.00;0.01;0.01;0.01;0.01;0.01;Matches;2024-05-18
428;Bruno Uvini;br BRA;DF;Vitória;32-350;1991;3;3;270;3.0;0;0;0;0;0;0;1;0;0.0;0.0;0.0;0.0;0;7;0;0.00;0.00;0.00;0.00;0.00;0.02;0.00;0.02;0.02;0.02;Matches;2024-05-18
429;Vanderlan;br BRA;DF;Palmeiras;21-254;2002;2;1;108;1.2;0;0;0;0;0;0;0;0;0.0;0.0;0.0;0.0;0;2;5;0.00;0.00;0.00;0.00;0.00;0.01;0.00;0.01;0.01;0.01;Matches;2024-05-18
430;Guillermo Varela;uy URU;DF;Flamengo;31-055;1993;4;4;335;3.7;0;0;0;0;0;0;0;0;0.0;0.0;0.3;0.3;3;9;14;0.00;0.00;0.00;0.00;0.00;0.00;0.09;0.09;0.00;0.09;Matches;2024-05-18
431;Eduardo Vargas;cl CHI;FW;Atlético Mineiro;34-180;1989;5;1;134;1.5;3;0;3;3;0;0;0;0;1.6;1.6;0.4;2.0;2;7;14;2.01;0.00;2.01;2.01;2.01;1.09;0.26;1.35;1.09;1.35;Matches;2024-05-18
432;Pablo Vegetti;ar ARG;FW;Vasco da Gama;35-216;1988;6;6;522;5.8;3;0;3;3;0;1;1;0;3.4;2.6;0.6;3.2;1;10;25;0.52;0.00;0.52;0.52;0.52;0.58;0.11;0.70;0.45;0.56;Matches;2024-05-18
433;Raphael Veiga;br BRA;MF;Palmeiras;28-334;1995;5;5;400;4.4;0;0;0;0;0;1;1;0;1.2;0.4;0.2;0.6;6;20;5;0.00;0.00;0.00;0.00;0.00;0.27;0.04;0.31;0.09;0.13;Matches;2024-05-18
434;Fausto Vera;ar ARG;MF;Corinthians;24-053;2000;4;2;190;2.1;0;0;0;0;0;0;0;0;0.1;0.1;0.1;0.2;6;17;4;0.00;0.00;0.00;0.00;0.00;0.04;0.04;0.08;0.04;0.08;Matches;2024-05-18
435;Gabriel Veron;br BRA;FW,MF;Cruzeiro;21-258;2002;4;0;79;0.9;0;0;0;0;0;0;0;0;0.2;0.2;0.1;0.4;1;4;13;0.00;0.00;0.00;0.00;0.00;0.28;0.12;0.40;0.28;0.40;Matches;2024-05-18
436;João Victor;br BRA;DF;Vasco da Gama;25-306;1998;4;2;219;2.4;0;0;0;0;0;0;1;0;0.0;0.0;0.3;0.3;6;14;3;0.00;0.00;0.00;0.00;0.00;0.01;0.13;0.14;0.01;0.14;Matches;2024-05-18
437;Felipe Vieira;;DF;Fluminense;;;4;0;132;1.5;0;0;0;0;0;0;0;0;0.0;0.0;0.0;0.0;1;1;0;0.00;0.00;0.00;0.00;0.00;0.00;0.00;0.00;0.00;0.00;Matches;2024-05-18
438;Mathías Villasanti;py PAR;MF;Grêmio;27-115;1997;4;4;360;4.0;0;1;1;0;0;0;0;0;0.2;0.2;0.6;0.9;2;24;11;0.00;0.25;0.25;0.00;0.25;0.05;0.16;0.21;0.05;0.21;Matches;2024-05-18
439;Matías Viña;uy URU;DF;Flamengo;26-191;1997;3;1;98;1.1;0;0;0;0;0;0;0;0;0.0;0.0;0.0;0.0;3;1;10;0.00;0.00;0.00;0.00;0.00;0.02;0.00;0.02;0.02;0.02;Matches;2024-05-18
440;Alix Vinicius;br BRA;DF;Atl Goianiense;24-194;1999;4;4;314;3.5;0;0;0;0;0;0;0;1;0.2;0.2;0.1;0.3;0;4;4;0.00;0.00;0.00;0.00;0.00;0.06;0.03;0.10;0.06;0.10;Matches;2024-05-18
441;Mateus Vital;br BRA;MF;Cruzeiro;26-096;1998;4;0;68;0.8;1;0;1;1;0;0;0;0;0.2;0.2;0.0;0.2;1;5;5;1.32;0.00;1.32;1.32;1.32;0.21;0.00;0.21;0.21;0.21;Matches;2024-05-18
442;Vitão;br BRA;DF;Internacional;24-106;2000;4;4;360;4.0;0;0;0;0;0;0;1;0;0.2;0.2;0.0;0.2;11;20;1;0.00;0.00;0.00;0.00;0.00;0.06;0.00;0.06;0.06;0.06;Matches;2024-05-18
443;Vitinho;br BRA;FW,MF;Red Bull Bragantino;25-047;1999;6;4;359;4.0;2;2;4;2;0;0;2;0;0.3;0.3;0.7;1.0;16;4;35;0.50;0.50;1.00;0.50;1.00;0.06;0.18;0.24;0.06;0.24;Matches;2024-05-18
444;Rayan Vitor;br BRA;FW,MF;Vasco da Gama;17-289;2006;4;1;172;1.9;0;0;0;0;0;0;0;0;0.7;0.6;0.8;1.4;4;4;12;0.00;0.00;0.00;0.00;0.00;0.35;0.40;0.75;0.32;0.72;Matches;2024-05-18
445;Felipe Vizeu;br BRA;FW;Criciúma;27-067;1997;1;0;30;0.3;0;0;0;0;0;0;0;0;0.0;0.0;0.2;0.2;0;1;2;0.00;0.00;0.00;0.00;0.00;0.14;0.52;0.66;0.14;0.66;Matches;2024-05-18
446;Wagner;br BRA;DF;Vitória;24-300;1999;4;4;276;3.1;1;0;1;1;0;0;0;1;1.1;1.1;0.0;1.1;1;8;0;0.33;0.00;0.33;0.33;0.33;0.36;0.01;0.37;0.36;0.37;Matches;2024-05-18
447;Walter;br BRA;GK;Cuiabá;36-182;1987;4;4;360;4.0;0;0;0;0;0;0;0;0;0.0;0.0;0.0;0.0;0;0;0;0.00;0.00;0.00;0.00;0.00;0.00;0.00;0.00;0.00;0.00;Matches;2024-05-18
448;Wanderson;br BRA;FW,MF;Internacional;29-224;1994;3;3;181;2.0;0;0;0;0;0;0;0;0;0.2;0.2;0.5;0.7;3;3;9;0.00;0.00;0.00;0.00;0.00;0.12;0.23;0.35;0.12;0.35;Matches;2024-05-18
449;Welington;br BRA;DF;São Paulo;23-089;2001;4;3;235;2.6;0;0;0;0;0;0;0;0;0.1;0.1;0.2;0.2;5;8;18;0.00;0.00;0.00;0.00;0.00;0.02;0.07;0.10;0.02;0.10;Matches;2024-05-18
450;José Welison;br BRA;MF;Fortaleza;29-068;1995;4;2;151;1.7;0;0;0;0;0;0;0;0;0.0;0.0;0.0;0.0;1;10;1;0.00;0.00;0.00;0.00;0.00;0.01;0.01;0.02;0.01;0.02;Matches;2024-05-18
451;Wesley;br BRA;DF;Flamengo;20-255;2003;2;1;115;1.3;0;0;0;0;0;0;0;0;0.0;0.0;0.3;0.3;1;5;7;0.00;0.00;0.00;0.00;0.00;0.00;0.21;0.21;0.00;0.21;Matches;2024-05-18
452;Wesley;br BRA;FW,MF;Internacional;25-049;1999;4;3;302;3.4;2;1;3;2;0;0;2;0;0.7;0.7;1.1;1.7;17;12;32;0.60;0.30;0.89;0.60;0.89;0.19;0.32;0.51;0.19;0.51;Matches;2024-05-18
453;Wéverton;br BRA;GK;Palmeiras;36-157;1987;6;6;540;6.0;0;0;0;0;0;0;1;0;0.0;0.0;0.0;0.0;0;0;0;0.00;0.00;0.00;0.00;0.00;0.00;0.00;0.00;0.00;0.00;Matches;2024-05-18
454;William;br BRA;DF;Cruzeiro;29-045;1995;5;5;450;5.0;0;1;1;0;0;0;1;0;0.1;0.1;1.0;1.1;15;34;32;0.00;0.20;0.20;0.00;0.20;0.02;0.20;0.23;0.02;0.23;Matches;2024-05-18
455;Willian;br BRA;MF;Vitória;31-002;1993;4;4;360;4.0;1;0;1;1;0;0;0;0;0.2;0.2;0.1;0.2;3;22;2;0.25;0.00;0.25;0.25;0.25;0.04;0.02;0.06;0.04;0.06;Matches;2024-05-18
456;Samuel Xavier;br BRA;DF;Fluminense;33-347;1990;3;3;225;2.5;0;1;1;0;0;0;0;0;0.1;0.1;0.5;0.6;5;7;7;0.00;0.40;0.40;0.00;0.40;0.03;0.20;0.23;0.03;0.23;Matches;2024-05-18
457;Bruno Zapelli;ar ARG;MF,FW;Ath Paranaense;22-001;2002;6;2;238;2.6;0;1;1;0;0;0;0;0;0.5;0.5;0.9;1.4;6;10;10;0.00;0.38;0.38;0.00;0.38;0.19;0.35;0.54;0.19;0.54;Matches;2024-05-18
458;Federico Zaracho;ar ARG;MF;Atlético Mineiro;26-069;1998;5;4;275;3.1;1;0;1;1;0;0;0;0;0.4;0.4;0.0;0.5;2;11;15;0.33;0.00;0.33;0.33;0.33;0.15;0.01;0.16;0.15;0.16;Matches;2024-05-18
459;Zeca;br BRA;DF;Vitória;30-002;1994;5;4;388;4.3;0;0;0;0;0;0;1;0;0.1;0.1;0.2;0.2;13;16;12;0.00;0.00;0.00;0.00;0.00;0.02;0.04;0.05;0.02;0.05;Matches;2024-05-18
