Rk;Player;Nation;Pos;Squad;Age;Born;90s;Tkl;TklW;Def 3rd;Mid 3rd;Att 3rd;Tkl_2;Att_2;Tkl%;Lost;Blocks;Sh;Pass;Int;Tkl+Int;Clr;Err;Matches;Curr_Date
1;Abner;br BRA;MF;Juventude;20-030;2004;0.1;0;0;0;0;0;0;0;;0;0;0;0;0;0;0;0;Matches;2024-05-18
2;Luiz Adriano;br BRA;FW;Vitória;37-037;1987;0.8;0;0;0;0;0;0;0;;0;1;1;0;0;0;0;0;Matches;2024-05-18
3;Adson;br BRA;FW,MF;Vasco da Gama;23-226;2000;1.2;6;6;1;2;3;1;5;20.0;4;2;0;2;1;7;1;0;Matches;2024-05-18
4;Lucas Alario;ar ARG;FW,MF;Internacional;31-224;1992;0.5;0;0;0;0;0;0;0;;0;0;0;0;0;0;2;0;Matches;2024-05-18
5;Yuri Alberto;br BRA;FW;Corinthians;23-062;2001;2.4;2;1;0;1;1;0;2;0.0;2;0;0;0;1;3;1;0;Matches;2024-05-18
6;Alerrandro;br BRA;FW;Vitória;24-128;2000;3.1;3;2;1;2;0;1;6;16.7;5;4;1;3;3;6;6;0;Matches;2024-05-18
7;Caio Alexandre;br BRA;MF;Bahia;25-085;1999;4.9;17;5;8;8;1;8;18;44.4;10;3;0;3;1;18;2;0;Matches;2024-05-18
8;Matheus Alexandre;br BRA;DF;Cuiabá;25-042;1999;3.0;10;5;8;2;0;9;11;81.8;2;4;1;3;4;14;7;0;Matches;2024-05-18
9;Alexsander;br BRA;MF;Fluminense;20-224;2003;1.6;5;3;2;2;1;3;7;42.9;4;1;1;0;2;7;2;0;Matches;2024-05-18
10;Alisson;br BRA;GK;Criciúma;28-346;1995;2.0;0;0;0;0;0;0;0;;0;0;0;0;0;0;1;0;Matches;2024-05-18
11;Alisson;br BRA;DF,MF;Atlético Mineiro;18-241;2005;1.4;4;2;2;2;0;1;1;100.0;0;1;0;1;0;4;1;0;Matches;2024-05-18
12;Alisson;br BRA;MF;São Paulo;30-329;1993;5.7;9;5;7;2;0;5;11;45.5;6;10;3;7;6;15;7;0;Matches;2024-05-18
13;Allan;br BRA;MF;Flamengo;27-077;1997;3.8;8;5;3;4;1;5;6;83.3;1;3;1;2;3;11;7;0;Matches;2024-05-18
14;Anderson;br BRA;GK;Cruzeiro;26-075;1998;5.0;0;0;0;0;0;0;1;0.0;1;0;0;0;0;0;3;2;Matches;2024-05-18
15;Kervin Andrade;ve VEN;MF;Fortaleza;19-036;2005;0.8;0;0;0;0;0;0;0;;0;4;0;4;0;0;0;0;Matches;2024-05-18
16;Rodrigo Andrade;br BRA;MF,FW;Vitória;26-350;1997;2.6;3;3;1;1;1;2;2;100.0;0;5;2;3;0;3;1;0;Matches;2024-05-18
17;André;br BRA;MF,DF;Fluminense;22-308;2001;3.0;5;2;0;4;1;2;3;66.7;1;4;2;2;5;10;8;0;Matches;2024-05-18
18;Wilker Ángel;ve VEN;DF;Criciúma;31-062;1993;0.8;0;0;0;0;0;0;0;;0;2;1;1;0;0;11;0;Matches;2024-05-18
19;Guilherme Arana;br BRA;DF;Atlético Mineiro;27-035;1997;4.1;9;6;5;3;1;5;9;55.6;4;3;1;2;9;18;6;0;Matches;2024-05-18
20;Luiz Araújo;br BRA;FW,MF;Flamengo;27-352;1996;4.0;8;6;4;3;1;3;5;60.0;2;4;2;2;6;14;2;0;Matches;2024-05-18
21;Michel Araujo;uy URU;DF,MF;São Paulo;27-234;1996;2.7;2;1;1;1;0;0;2;0.0;2;3;0;3;2;4;3;0;Matches;2024-05-18
22;Robert Arboleda;ec ECU;DF;São Paulo;32-210;1991;6.0;6;3;5;1;0;4;8;50.0;4;7;2;5;9;15;25;1;Matches;2024-05-18
23;Lucas Arcanjo;br BRA;GK;Vitória;25-285;1998;5.0;0;0;0;0;0;0;1;0.0;1;0;0;0;0;0;1;0;Matches;2024-05-18
24;Jhon Arias;co COL;FW;Fluminense;26-241;1997;6.0;14;9;4;4;6;5;10;50.0;5;8;0;8;3;17;4;0;Matches;2024-05-18
25;Santiago Arias;co COL;DF;Bahia;32-127;1992;6.0;12;9;6;6;0;5;11;45.5;6;5;3;2;7;19;13;1;Matches;2024-05-18
26;Arthur;br BRA;FW;Cruzeiro;25-321;1998;3.8;3;3;0;0;3;2;3;66.7;1;3;1;2;0;3;1;0;Matches;2024-05-18
27;Arthur;br BRA;FW,MF;Criciúma;31-339;1992;1.0;0;0;0;0;0;0;1;0.0;1;0;0;0;0;0;1;0;Matches;2024-05-18
28;Filipe Augusto;br BRA;MF;Cuiabá;30-281;1993;0.2;0;0;0;0;0;0;0;;0;0;0;0;0;0;0;0;Matches;2024-05-18
29;Renato Augusto;br BRA;FW,MF;Fluminense;36-101;1988;0.7;1;0;0;0;1;1;1;100.0;0;0;0;0;1;2;1;0;Matches;2024-05-18
30;Gabriel Baralhas;br BRA;MF;Atl Goianiense;25-222;1998;3.6;7;3;3;4;0;2;9;22.2;7;8;3;5;2;9;6;0;Matches;2024-05-18
31;Danilo Barbosa;br BRA;MF;Botafogo (RJ);28-081;1996;3.5;4;4;3;1;0;2;3;66.7;1;5;2;3;11;15;9;0;Matches;2024-05-18
32;Diogo Barbosa;br BRA;DF;Fluminense;31-276;1992;1.7;3;2;1;2;0;2;3;66.7;1;1;0;1;3;6;1;0;Matches;2024-05-18
33;Gabriel Barbosa;br BRA;FW;Flamengo;27-263;1996;0.5;0;0;0;0;0;0;0;;0;0;0;0;0;0;0;0;Matches;2024-05-18
34;Lucas Barbosa;br BRA;MF,FW;Juventude;23-087;2001;3.3;8;5;2;4;2;3;8;37.5;5;14;0;14;4;12;1;0;Matches;2024-05-18
35;Alexander Barboza;ar ARG;DF,FW;Botafogo (RJ);29-064;1995;1.4;0;0;0;0;0;0;0;;0;3;2;1;0;0;8;0;Matches;2024-05-18
36;Mateo Barcia;uy URU;MF;Criciúma;23-090;2001;0.1;1;0;1;0;0;1;2;50.0;1;0;0;0;1;2;0;0;Matches;2024-05-18
37;Álvaro Barreal;ar ARG;MF,FW;Cruzeiro;23-276;2000;2.2;7;4;1;4;2;1;1;100.0;0;4;0;4;0;7;3;0;Matches;2024-05-18
38;Barreto;br BRA;MF;Criciúma;28-161;1995;2.9;5;4;4;1;0;3;10;30.0;7;11;5;6;1;6;5;0;Matches;2024-05-18
39;Gabriel Barros;br BRA;FW,MF;Atl Goianiense;22-207;2001;0.9;2;1;2;0;0;2;5;40.0;3;1;0;1;0;2;0;0;Matches;2024-05-18
40;Bastos;ao ANG;DF;Botafogo (RJ);33-053;1991;5.4;7;5;4;3;0;5;8;62.5;3;5;3;2;4;11;36;0;Matches;2024-05-18
41;Rodrigo Battaglia;ar ARG;DF;Atlético Mineiro;32-312;1991;2.4;4;1;2;1;1;3;3;100.0;0;2;2;0;1;5;6;0;Matches;2024-05-18
42;José Luis Rodríguez Bebanz;uy URU;FW;Vasco da Gama;27-066;1997;0.0;0;0;0;0;0;0;0;;0;0;0;0;0;0;0;0;Matches;2024-05-18
43;Ramiro Benetti;br BRA;MF;Cruzeiro;30-363;1993;2.4;3;2;0;2;1;2;8;25.0;6;5;0;5;1;4;2;0;Matches;2024-05-18
44;Bento;br BRA;GK;Ath Paranaense;24-344;1999;6.0;0;0;0;0;0;0;1;0.0;1;0;0;0;0;0;0;0;Matches;2024-05-18
45;Raul Bicalho;br BRA;DF;Corinthians;25-025;1999;1.0;0;0;0;0;0;0;0;;0;0;0;0;4;4;2;0;Matches;2024-05-18
46;Matheus Bidu;br BRA;DF;Corinthians;25-015;1999;0.2;0;0;0;0;0;0;0;;0;1;0;1;2;2;1;0;Matches;2024-05-18
47;Biel;br BRA;FW,MF;Bahia;23-048;2001;1.6;2;2;1;1;0;0;3;0.0;3;3;0;3;1;3;0;0;Matches;2024-05-18
48;Guilherme Biro;br BRA;MF;Corinthians;20-029;2004;0.1;0;0;0;0;0;0;0;;0;0;0;0;0;0;0;0;Matches;2024-05-18
49;Damián Bobadilla;py PAR;MF;São Paulo;22-313;2001;2.1;10;6;6;3;1;3;8;37.5;5;1;0;1;1;11;2;0;Matches;2024-05-18
50;Yannick Bolasie;cd COD;FW;Criciúma;34-361;1989;1.9;1;0;0;1;0;0;1;0.0;1;1;1;0;0;1;0;0;Matches;2024-05-18
51;Thiago Borbas;uy URU;FW;Red Bull Bragantino;22-042;2002;2.2;3;2;0;3;0;2;3;66.7;1;3;2;1;0;3;7;0;Matches;2024-05-18
52;Marllon Borges;br BRA;DF;Cuiabá;32-033;1992;4.0;6;4;6;0;0;5;6;83.3;1;5;2;3;5;11;23;0;Matches;2024-05-18
53;Pedro Borges;br BRA;MF;Fortaleza;27-077;1997;2.4;17;12;7;10;0;5;6;83.3;1;3;0;3;4;21;4;0;Matches;2024-05-18
54;Rafael Borré;co COL;FW;Internacional;28-247;1995;4.0;4;4;1;2;1;1;4;25.0;3;2;0;2;0;4;4;0;Matches;2024-05-18
55;Danilo Boza;br BRA;DF;Juventude;26-013;1998;3.0;3;1;2;1;0;0;0;;0;5;3;2;2;5;10;0;Matches;2024-05-18
56;Breno;br BRA;FW;Fortaleza;28-116;1996;2.1;2;0;1;1;0;1;2;50.0;1;2;0;2;0;2;0;0;Matches;2024-05-18
57;Breno;br BRA;MF;Corinthians;19-089;2005;2.9;1;0;0;0;1;0;3;0.0;3;8;1;7;4;5;1;0;Matches;2024-05-18
58;Emanuel Brítez;ar ARG;DF;Fortaleza;32-054;1992;4.0;14;7;13;1;0;9;12;75.0;3;4;4;0;3;17;16;0;Matches;2024-05-18
59;Bruninho;br BRA;FW,MF;Red Bull Bragantino;21-066;2003;0.9;1;0;0;0;1;1;3;33.3;2;0;0;0;0;1;1;0;Matches;2024-05-18
60;Fabrício Bruno;br BRA;DF;Flamengo;28-097;1996;5.0;7;5;5;2;0;4;4;100.0;0;7;6;1;2;9;21;0;Matches;2024-05-18
61;Fabricio Bustos;ar ARG;DF,MF;Internacional;28-021;1996;3.2;11;7;3;6;2;5;6;83.3;1;1;0;1;3;14;6;0;Matches;2024-05-18
62;Rafael Cabral;br BRA;GK;Grêmio;33-365;1990;1.0;0;0;0;0;0;0;0;;0;0;0;0;0;0;0;0;Matches;2024-05-18
63;Cacá;br BRA;DF;Corinthians;25-024;1999;2.8;1;1;1;0;0;1;3;33.3;2;9;7;2;0;1;15;1;Matches;2024-05-18
64;Jonathan Cafu;br BRA;MF,FW;Cuiabá;32-314;1991;1.1;1;1;1;0;0;0;3;0.0;3;1;0;1;2;3;1;0;Matches;2024-05-18
65;Jonathan Calleri;ar ARG;FW;São Paulo;30-239;1993;4.4;2;1;0;2;0;0;3;0.0;3;1;0;1;1;3;6;0;Matches;2024-05-18
66;Patric Calmon PK;br BRA;DF;Vitória;29-319;1994;1.5;2;1;1;1;0;0;1;0.0;1;2;1;1;6;8;3;0;Matches;2024-05-18
67;Camutanga;br BRA;DF;Vitória;30-235;1993;2.0;7;4;6;0;1;3;5;60.0;2;4;4;0;0;7;12;0;Matches;2024-05-18
68;Yerson Candelo;co COL;DF;Criciúma;32-085;1992;0.3;3;1;1;2;0;0;0;;0;0;0;0;1;4;0;0;Matches;2024-05-18
69;Luan Cândido;br BRA;DF;Red Bull Bragantino;23-107;2001;6.0;18;12;9;8;1;7;10;70.0;3;9;7;2;6;24;35;0;Matches;2024-05-18
70;Germán Cano;ar ARG;FW,MF;Fluminense;36-107;1988;4.6;2;1;1;1;0;1;1;100.0;0;1;1;0;1;3;5;1;Matches;2024-05-18
71;Agustín Canobbio;uy URU;FW,MF;Ath Paranaense;25-231;1998;3.3;4;4;0;4;0;0;3;0.0;3;5;0;5;0;4;0;0;Matches;2024-05-18
72;Juninho Capixaba;br BRA;DF,MF;Red Bull Bragantino;26-318;1997;3.8;12;5;5;6;1;6;11;54.5;5;5;0;5;6;18;11;0;Matches;2024-05-18
73;Carlinhos;br BRA;FW,DF;Flamengo;27-097;1997;0.7;0;0;0;0;0;0;0;;0;0;0;0;0;0;1;0;Matches;2024-05-18
74;Antonio Carlos;br BRA;DF;Fluminense;31-073;1993;1.5;1;1;0;1;0;0;1;0.0;1;5;4;1;1;2;7;1;Matches;2024-05-18
75;Jean Carlos Vicente;br BRA;FW,MF;Juventude;32-094;1992;2.3;3;2;0;3;0;1;3;33.3;2;4;0;4;2;5;0;0;Matches;2024-05-18
76;Cássio;br BRA;GK;Corinthians;36-348;1987;3.0;0;0;0;0;0;0;0;;0;0;0;0;0;0;1;1;Matches;2024-05-18
77;Iury de Castilho;br BRA;FW,MF;Vitória;28-256;1995;0.8;1;0;1;0;0;0;0;;0;1;0;1;0;1;2;0;Matches;2024-05-18
78;Murilo Cerqueira;br BRA;DF;Palmeiras;27-053;1997;4.8;10;6;4;6;0;3;7;42.9;4;6;3;3;8;18;13;0;Matches;2024-05-18
79;Reynaldo Cesar Moraes;br BRA;DF;Vitória;27-137;1997;1.9;2;2;1;1;0;0;1;0.0;1;5;3;2;0;2;10;0;Matches;2024-05-18
80;Christian;br BRA;FW,MF;Ath Paranaense;23-152;2000;1.2;3;1;1;1;1;1;1;100.0;0;3;1;2;0;3;1;0;Matches;2024-05-18
81;Eliel Chrystian;br BRA;MF;Cuiabá;21-114;2003;0.5;2;1;0;1;1;0;0;;0;0;0;0;0;2;0;0;Matches;2024-05-18
82;Cicinho;bg BUL;MF;Bahia;35-145;1988;0.0;0;0;0;0;0;0;0;;0;0;0;0;0;0;0;0;Matches;2024-05-18
83;José Cifuentes;ec ECU;MF;Cruzeiro;25-068;1999;0.8;3;2;0;2;1;2;3;66.7;1;0;0;0;0;3;3;0;Matches;2024-05-18
84;Claudinho;br BRA;DF;Criciúma;23-238;2000;2.7;7;3;6;0;1;6;12;50.0;6;4;0;4;6;13;10;0;Matches;2024-05-18
85;Clayson;br BRA;MF;Cuiabá;29-061;1995;2.0;1;0;1;0;0;0;3;0.0;3;1;0;1;0;1;0;0;Matches;2024-05-18
86;Clayton;br BRA;FW;Vasco da Gama;25-129;1999;0.6;2;2;1;0;1;1;1;100.0;0;1;1;0;0;2;1;0;Matches;2024-05-18
87;Mateus Cocão;br BRA;MF;Vasco da Gama;22-062;2002;3.2;7;6;3;3;1;1;12;8.3;11;5;0;5;4;11;1;1;Matches;2024-05-18
88;Igor Coronado;br BRA;MF,FW;Corinthians;31-275;1992;2.0;3;2;2;0;1;0;1;0.0;1;6;1;5;3;6;2;0;Matches;2024-05-18
89;Diego Costa;es ESP;FW;Grêmio;35-225;1988;1.3;2;0;0;1;1;1;1;100.0;0;1;1;0;0;2;0;0;Matches;2024-05-18
90;Douglas Costa;br BRA;FW;Fluminense;33-248;1990;1.8;2;2;0;1;1;0;0;;0;4;0;4;2;4;1;0;Matches;2024-05-18
91;Franco Cristaldo;ar ARG;MF;Grêmio;27-278;1996;3.1;1;1;1;0;0;1;6;16.7;5;5;0;5;0;1;2;0;Matches;2024-05-18
92;Alejo Cruz;uy URU;MF;Atl Goianiense;23-261;2000;1.7;2;0;1;1;0;1;2;50.0;1;2;0;2;0;2;3;0;Matches;2024-05-18
93;Tomás Cuello;ar ARG;FW,MF;Ath Paranaense;24-075;2000;3.8;4;3;2;2;0;2;4;50.0;2;7;1;6;7;11;1;0;Matches;2024-05-18
94;Víctor Cuesta;ar ARG;DF;Bahia;35-182;1988;2.7;7;5;1;5;1;4;6;66.7;2;1;0;1;0;7;14;0;Matches;2024-05-18
95;Cuiabano;br BRA;DF;Grêmio;21-093;2003;1.8;3;0;2;1;0;2;2;100.0;0;4;2;2;5;8;5;0;Matches;2024-05-18
96;Cuiabano;br BRA;DF;Botafogo (RJ);21-093;2003;1.5;4;2;2;2;0;2;3;66.7;1;1;0;1;2;6;5;0;Matches;2024-05-18
97;Lucas Cunha;br BRA;DF;Red Bull Bragantino;27-117;1997;0.3;1;1;1;0;0;0;0;;0;2;2;0;0;1;5;0;Matches;2024-05-18
98;Danielzinho;br BRA;MF;Atl Goianiense;28-129;1996;0.2;0;0;0;0;0;0;1;0.0;1;0;0;0;0;0;0;0;Matches;2024-05-18
99;David;br BRA;FW;Vasco da Gama;28-215;1995;5.7;9;7;2;6;1;0;2;0.0;2;3;0;3;3;12;3;0;Matches;2024-05-18
100;Giorgian De Arrascaeta;uy URU;MF;Flamengo;29-353;1994;2.8;1;1;0;1;0;1;6;16.7;5;1;1;0;1;2;0;0;Matches;2024-05-18
101;Nicolás De La Cruz;uy URU;MF;Flamengo;26-353;1997;5.0;14;10;2;9;3;6;10;60.0;4;6;3;3;4;18;0;0;Matches;2024-05-18
102;Denilson;br BRA;MF;Cuiabá;23-057;2001;2.5;1;1;0;0;1;1;4;25.0;3;1;0;1;2;3;2;0;Matches;2024-05-18
103;Derek;br BRA;FW;Atl Goianiense;26-169;1997;1.5;0;0;0;0;0;0;1;0.0;1;3;0;3;1;1;1;0;Matches;2024-05-18
104;Deyverson;br BRA;FW;Cuiabá;33-011;1991;0.8;1;1;1;0;0;1;1;100.0;0;0;0;0;0;1;1;0;Matches;2024-05-18
105;Matheus Dias;br BRA;DF;Internacional;27-102;1997;0.1;0;0;0;0;0;0;0;;0;0;0;0;0;0;0;0;Matches;2024-05-18
106;Diego;br BRA;DF;São Paulo;24-303;1999;5.0;7;3;3;4;0;2;5;40.0;3;5;2;3;11;18;19;0;Matches;2024-05-18
107;Dodi;br BRA;MF;Grêmio;28-032;1996;2.0;9;3;2;7;0;5;9;55.6;4;2;0;2;3;12;1;0;Matches;2024-05-18
108;Dudu;br BRA;MF;Vitória;24-349;1999;2.3;12;5;6;6;0;2;6;33.3;4;6;0;6;1;13;2;0;Matches;2024-05-18
109;Edenílson;br BRA;FW;Grêmio;34-153;1989;0.5;0;0;0;0;0;0;0;;0;0;0;0;0;0;0;0;Matches;2024-05-18
110;Éder;it ITA;FW;Criciúma;37-186;1986;1.0;1;0;0;1;0;1;2;50.0;1;0;0;0;0;1;0;0;Matches;2024-05-18
111;Carlos Eduardo;br BRA;FW;Atlético Mineiro;19-361;2004;0.1;0;0;0;0;0;0;0;;0;0;0;0;0;0;0;0;Matches;2024-05-18
112;Carlos Eduardo;br BRA;FW;Botafogo (RJ);34-215;1989;1.0;1;1;1;0;0;1;1;100.0;0;1;0;1;0;1;1;0;Matches;2024-05-18
113;Kauã Elias;br BRA;MF,FW;Fluminense;18-052;2006;1.0;0;0;0;0;0;0;1;0.0;1;0;0;0;0;0;2;0;Matches;2024-05-18
114;Rafael Elias;br BRA;FW;Cruzeiro;25-037;1999;1.1;0;0;0;0;0;0;5;0.0;5;1;1;0;0;0;2;0;Matches;2024-05-18
115;Eliédson;br BRA;MF;Criciúma;21-063;2003;0.0;0;0;0;0;0;0;0;;0;1;1;0;0;0;0;0;Matches;2024-05-18
116;Rodrigo Ely;br BRA;DF;Grêmio;30-198;1993;3.0;5;2;3;2;0;2;3;66.7;1;10;8;2;5;10;17;0;Matches;2024-05-18
117;Alan Empereur;br BRA;DF;Cuiabá;30-070;1994;2.9;2;1;2;0;0;2;3;66.7;1;2;2;0;2;4;13;0;Matches;2024-05-18
118;Endrick;br BRA;FW,MF;Palmeiras;17-303;2006;5.0;5;2;1;4;0;3;5;60.0;2;3;0;3;0;5;2;0;Matches;2024-05-18
119;Erick;br BRA;MF;Ath Paranaense;26-187;1997;5.9;9;7;3;5;1;3;7;42.9;4;13;2;11;12;21;10;0;Matches;2024-05-18
120;Erick;br BRA;DF,MF;São Paulo;26-161;1997;1.4;3;3;1;1;1;0;0;;0;2;0;2;1;4;2;0;Matches;2024-05-18
121;Erick;br BRA;FW;Juventude;27-137;1997;3.1;4;3;1;3;0;0;1;0.0;1;3;0;3;0;4;2;0;Matches;2024-05-18
122;Lucas Esquivel;ar ARG;DF;Ath Paranaense;22-218;2001;5.7;14;9;8;6;0;6;11;54.5;5;6;3;3;4;18;15;0;Matches;2024-05-18
123;Estevão;br BRA;FW,DF;Palmeiras;18-025;2006;2.8;4;2;2;1;1;3;7;42.9;4;3;0;3;2;6;1;0;Matches;2024-05-18
124;Lucas Esteves;br BRA;DF;Vitória;23-330;2000;3.4;8;6;7;1;0;3;3;100.0;0;6;3;3;2;10;12;0;Matches;2024-05-18
125;Oscar Estupiñan;co COL;FW;Bahia;27-142;1996;0.6;0;0;0;0;0;0;1;0.0;1;0;0;0;0;0;1;0;Matches;2024-05-18
126;Lucas Evangelista;br BRA;MF;Red Bull Bragantino;29-013;1995;0.8;1;1;1;0;0;0;3;0.0;3;3;1;2;2;3;0;0;Matches;2024-05-18
127;Éverson;br BRA;GK;Atlético Mineiro;33-302;1990;5.0;0;0;0;0;0;0;0;;0;0;0;0;0;0;2;0;Matches;2024-05-18
128;Everton;br BRA;FW;Grêmio;27-063;1997;0.4;1;1;0;1;0;0;0;;0;0;0;0;0;1;0;0;Matches;2024-05-18
129;Bruno Fabiano Alves;br BRA;DF;Cuiabá;33-033;1991;2.2;2;2;1;1;0;2;4;50.0;2;3;2;1;3;5;7;0;Matches;2024-05-18
130;Fabinho;br BRA;MF;Palmeiras;22-040;2002;0.4;1;1;0;1;0;0;0;;0;3;2;1;0;1;0;0;Matches;2024-05-18
131;Fábio;br BRA;GK;Fluminense;43-232;1980;6.0;0;0;0;0;0;0;0;;0;0;0;0;0;0;4;2;Matches;2024-05-18
132;Fábio;br BRA;DF;Grêmio;33-315;1990;2.3;1;1;1;0;0;1;2;50.0;1;1;0;1;1;2;7;0;Matches;2024-05-18
133;Fagner;br BRA;DF,MF;Corinthians;34-343;1989;4.3;7;3;2;3;2;4;9;44.4;5;2;1;1;3;10;6;0;Matches;2024-05-18
134;Rodrigo Fagundes;br BRA;DF;Criciúma;37-070;1987;3.0;4;3;3;1;0;4;4;100.0;0;5;3;2;4;8;23;0;Matches;2024-05-18
135;Luiz Felipe;br BRA;DF,MF;Atl Goianiense;30-253;1993;2.1;0;0;0;0;0;0;0;;0;2;1;1;4;4;5;0;Matches;2024-05-18
136;Marcos Felipe;br BRA;GK;Bahia;28-036;1996;6.0;1;1;1;0;0;1;1;100.0;0;0;0;0;0;1;3;0;Matches;2024-05-18
137;Lucas Fernandes;br BRA;MF;Cuiabá;26-242;1997;1.5;2;2;1;1;0;0;1;0.0;1;2;0;2;1;3;0;0;Matches;2024-05-18
138;Matheus Fernandes;br BRA;MF;Red Bull Bragantino;25-324;1998;0.4;1;1;0;1;0;1;1;100.0;0;2;0;2;1;2;0;0;Matches;2024-05-18
139;Nathan Fernandes;br BRA;FW,MF;Grêmio;19-093;2005;1.3;2;2;0;2;0;0;2;0.0;2;0;0;0;2;4;2;0;Matches;2024-05-18
140;Gatito Fernández;py PAR;GK;Botafogo (RJ);36-051;1988;3.0;0;0;0;0;0;0;0;;0;0;0;0;0;0;3;0;Matches;2024-05-18
141;Fernandinho;br BRA;MF;Ath Paranaense;39-015;1985;5.7;5;5;5;0;0;4;4;100.0;0;2;0;2;4;9;6;0;Matches;2024-05-18
142;Fernando;br BRA;DF;Ath Paranaense;24-248;1999;0.2;2;2;2;0;0;2;2;100.0;0;0;0;0;0;2;1;0;Matches;2024-05-18
143;Fernando;br BRA;MF,DF;Internacional;36-299;1987;1.1;3;3;2;1;0;2;2;100.0;0;2;0;2;1;4;1;0;Matches;2024-05-18
144;Luiz Fernando;br BRA;FW,MF;Atl Goianiense;27-216;1996;4.9;5;4;2;2;1;1;5;20.0;4;7;4;3;4;9;7;0;Matches;2024-05-18
145;Nahuel Ferraresi;ve VEN;DF;São Paulo;25-182;1998;1.8;3;3;2;0;1;2;6;33.3;4;4;1;3;3;6;3;0;Matches;2024-05-18
146;Ferreira;br BRA;MF,FW;São Paulo;26-140;1997;1.2;1;1;0;1;0;0;0;;0;1;0;1;0;1;0;0;Matches;2024-05-18
147;Filipinho;br BRA;MF,FW;Ath Paranaense;22-214;2001;0.6;4;2;0;1;3;2;3;66.7;1;2;0;2;0;4;1;0;Matches;2024-05-18
148;Alan Franco;ec ECU;MF;Atlético Mineiro;25-272;1998;4.0;10;6;4;5;1;4;5;80.0;1;2;0;2;5;15;2;0;Matches;2024-05-18
149;Alan Franco;ar ARG;DF;São Paulo;27-221;1996;3.5;9;6;5;4;0;3;6;50.0;3;2;1;1;1;10;9;1;Matches;2024-05-18
150;Lucas Freitas;br BRA;DF;Juventude;23-120;2001;0.4;1;1;0;1;0;0;0;;0;1;1;0;1;2;2;0;Matches;2024-05-18
151;Marlon Freitas;br BRA;MF;Botafogo (RJ);29-053;1995;3.5;7;6;3;4;0;5;7;71.4;2;10;5;5;5;12;6;0;Matches;2024-05-18
152;Bruno Fuchs;br BRA;DF;Atlético Mineiro;25-048;1999;0.9;2;2;2;0;0;0;0;;0;1;0;1;0;2;1;0;Matches;2024-05-18
153;Gabriel;br BRA;DF;Bahia;23-013;2001;5.0;9;7;4;5;0;4;5;80.0;1;5;4;1;8;17;34;0;Matches;2024-05-18
154;Gabriel;br BRA;GK;Juventude;31-235;1992;4.0;0;0;0;0;0;0;0;;0;0;0;0;0;0;1;0;Matches;2024-05-18
155;Marquinhos Gabriel;br BRA;MF;Criciúma;33-303;1990;2.6;2;1;2;0;0;0;0;;0;3;0;3;2;4;1;0;Matches;2024-05-18
156;Zé Gabriel;br BRA;MF;Vasco da Gama;25-119;1999;0.7;2;1;1;1;0;1;1;100.0;0;1;1;0;0;2;1;0;Matches;2024-05-18
157;Pablo Galdames Millán;cl CHI;MF;Vasco da Gama;27-141;1996;4.6;13;9;4;8;1;7;16;43.8;9;9;1;8;4;17;6;0;Matches;2024-05-18
158;Giuliano Galoppo;ar ARG;MF;São Paulo;24-336;1999;1.7;3;3;0;3;0;1;3;33.3;2;2;0;2;4;7;0;0;Matches;2024-05-18
159;Léo Gamalho;br BRA;FW;Vitória;38-110;1986;0.2;0;0;0;0;0;0;0;;0;0;0;0;0;0;0;0;Matches;2024-05-18
160;Mateo Gamarra;py PAR;DF;Ath Paranaense;23-212;2000;3.0;4;4;3;1;0;1;3;33.3;2;2;0;2;4;8;17;0;Matches;2024-05-18
161;Ganso;br BRA;MF;Fluminense;34-220;1989;4.0;2;2;0;2;0;1;5;20.0;4;5;0;5;2;4;1;0;Matches;2024-05-18
162;Luan Garcia;br BRA;DF;Palmeiras;31-009;1993;2.6;2;1;0;2;0;1;2;50.0;1;2;2;0;2;4;5;1;Matches;2024-05-18
163;Rodrigo Garro;ar ARG;MF;Corinthians;26-136;1998;5.7;4;4;0;3;1;3;12;25.0;9;7;1;6;7;11;1;0;Matches;2024-05-18
164;Pedro Geromel;br BRA;DF;Grêmio;38-241;1985;1.0;0;0;0;0;0;0;0;;0;1;1;0;0;0;8;0;Matches;2024-05-18
165;Gerson;br BRA;FW,MF;Flamengo;26-365;1997;3.0;7;6;3;2;2;3;5;60.0;2;2;0;2;0;7;2;0;Matches;2024-05-18
166;Gilberto;br BRA;FW;Juventude;34-349;1989;0.2;0;0;0;0;0;0;0;;0;0;0;0;0;0;0;0;Matches;2024-05-18
167;Luciano Giménez;ar ARG;FW;Cuiabá;24-091;2000;0.6;0;0;0;0;0;0;1;0.0;1;0;0;0;0;0;0;0;Matches;2024-05-18
168;Giovane;br BRA;DF;Corinthians;20-177;2003;0.1;0;0;0;0;0;0;0;;0;0;0;0;0;0;0;0;Matches;2024-05-18
169;Leonardo Godoy;ar ARG;DF;Ath Paranaense;29-021;1995;4.5;5;3;4;1;0;2;5;40.0;3;3;0;3;3;8;4;0;Matches;2024-05-18
170;Bruno Gomes;br BRA;MF;Internacional;23-045;2001;0.6;4;3;1;1;2;0;2;0.0;2;0;0;0;1;5;0;0;Matches;2024-05-18
171;Igor Gomes;br BRA;MF;Atlético Mineiro;25-063;1999;2.2;3;2;2;1;0;2;3;66.7;1;1;0;1;3;6;1;0;Matches;2024-05-18
172;Igor Gomes;br BRA;DF;Internacional;23-074;2001;0.0;0;0;0;0;0;0;0;;0;0;0;0;0;0;2;0;Matches;2024-05-18
173;William Gomes;br BRA;DF;São Paulo;18-065;2006;0.3;1;1;1;0;0;0;2;0.0;2;2;0;2;0;1;0;0;Matches;2024-05-18
174;Gustavo Gómez;py PAR;DF;Palmeiras;31-013;1993;5.0;8;5;2;6;0;3;4;75.0;1;5;4;1;3;11;12;0;Matches;2024-05-18
175;Mateus Gonçalves Martins;br BRA;MF,FW;Vitória;29-234;1994;2.3;2;1;0;2;0;0;1;0.0;1;0;0;0;0;2;2;0;Matches;2024-05-18
176;Yony González;co COL;MF,FW;Atl Goianiense;29-313;1994;1.1;0;0;0;0;0;0;0;;0;2;1;1;0;0;3;0;Matches;2024-05-18
177;Gregore;br BRA;MF;Botafogo (RJ);30-078;1994;3.2;11;8;4;7;0;5;8;62.5;3;5;1;4;3;14;9;0;Matches;2024-05-18
178;Guga;br BRA;DF;Fluminense;25-264;1998;0.6;1;1;1;0;0;1;1;100.0;0;2;1;1;1;2;3;0;Matches;2024-05-18
179;Guilherme;br BRA;DF;Red Bull Bragantino;22-095;2002;1.2;1;0;1;0;0;1;2;50.0;1;1;1;0;2;3;7;0;Matches;2024-05-18
180;Luis Guilherme;br BRA;FW,DF;Palmeiras;18-100;2006;1.5;1;1;1;0;0;0;0;;0;0;0;0;0;1;1;0;Matches;2024-05-18
181;Zé Guilherme;br BRA;DF;Grêmio;19-064;2005;0.9;5;3;4;1;0;2;7;28.6;5;1;0;1;4;9;2;0;Matches;2024-05-18
182;Gustavinho;br BRA;MF;Red Bull Bragantino;20-026;2004;4.3;10;2;3;3;4;5;14;35.7;9;4;0;4;1;11;5;0;Matches;2024-05-18
183;Gustavo;br BRA;GK;Criciúma;31-070;1993;1.0;0;0;0;0;0;0;0;;0;0;0;0;0;0;0;0;Matches;2024-05-18
184;Lucas Halter;br BRA;DF;Botafogo (RJ);24-017;2000;4.8;3;3;2;1;0;3;4;75.0;1;2;2;0;2;5;28;1;Matches;2024-05-18
185;Thiago Heleno;br BRA;DF;Ath Paranaense;35-245;1988;3.0;1;1;1;0;0;0;0;;0;6;4;2;4;5;7;0;Matches;2024-05-18
186;Helinho;br BRA;FW;Red Bull Bragantino;24-024;2000;1.2;1;1;1;0;0;1;2;50.0;1;0;0;0;2;3;1;0;Matches;2024-05-18
187;Bruno Henrique;br BRA;FW;Flamengo;33-141;1990;4.3;4;1;2;2;0;0;2;0.0;2;5;0;5;6;10;4;0;Matches;2024-05-18
188;Bruno Henrique;br BRA;MF;Internacional;34-211;1989;2.6;8;5;2;5;1;5;9;55.6;4;4;1;3;1;9;2;0;Matches;2024-05-18
189;Gustavo Henrique;br BRA;DF;Corinthians;31-056;1993;2.8;1;1;1;0;0;1;1;100.0;0;5;3;2;4;5;10;0;Matches;2024-05-18
190;Luiz Henrique;br BRA;MF,FW;Botafogo (RJ);23-138;2001;3.6;2;1;1;0;1;2;5;40.0;3;3;1;2;3;5;3;0;Matches;2024-05-18
191;Paulo Henrique;br BRA;DF;Vasco da Gama;27-299;1996;5.0;15;9;7;6;2;11;17;64.7;6;8;2;6;9;24;13;0;Matches;2024-05-18
192;Pedro Henrique;br BRA;FW;Corinthians;33-338;1990;0.8;2;1;0;1;1;1;2;50.0;1;0;0;0;0;2;2;0;Matches;2024-05-18
193;Pedro Henrique;br BRA;DF;Red Bull Bragantino;28-230;1995;3.0;6;5;5;1;0;1;2;50.0;1;5;4;1;1;7;10;0;Matches;2024-05-18
194;Hércules;br BRA;MF;Fortaleza;23-212;2000;3.9;8;7;4;4;0;2;12;16.7;10;6;2;4;1;9;5;0;Matches;2024-05-18
195;Marcelo Hermes;br BRA;DF,MF;Criciúma;29-108;1995;3.0;2;1;1;0;1;1;5;20.0;4;2;0;2;3;5;4;0;Matches;2024-05-18
196;Diego Hernández;uy URU;FW,MF;Botafogo (RJ);23-332;2000;1.3;1;1;0;1;0;0;2;0.0;2;3;0;3;1;2;0;0;Matches;2024-05-18
197;Lucca Holanda;br BRA;FW,DF;Internacional;21-047;2003;1.4;2;2;0;0;2;2;4;50.0;2;0;0;0;0;2;0;0;Matches;2024-05-18
198;Hugo;br BRA;DF,MF;Corinthians;26-264;1997;5.6;11;5;5;5;1;6;10;60.0;4;4;2;2;4;15;21;0;Matches;2024-05-18
199;Hugo;br BRA;DF;Botafogo (RJ);22-242;2001;4.0;9;5;8;0;1;5;10;50.0;5;2;1;1;1;10;10;0;Matches;2024-05-18
200;Vitor Hugo Amorim;br BRA;MF;Cruzeiro;20-091;2004;0.3;1;0;0;1;0;1;1;100.0;0;0;0;0;0;1;0;0;Matches;2024-05-18
201;José Hugo;br BRA;DF;Vitória;24-215;1999;0.3;0;0;0;0;0;0;0;;0;0;0;0;0;0;0;0;Matches;2024-05-18
202;Victor Hugo;br BRA;FW;Flamengo;20-008;2004;0.2;0;0;0;0;0;0;0;;0;0;0;0;0;0;1;0;Matches;2024-05-18
203;Hulk;br BRA;FW;Atlético Mineiro;37-299;1986;3.7;5;1;0;3;2;4;4;100.0;0;1;0;1;0;5;2;0;Matches;2024-05-18
204;José Hurtado;ec ECU;DF;Red Bull Bragantino;22-148;2001;3.0;5;3;3;1;1;3;5;60.0;2;1;0;1;3;8;11;0;Matches;2024-05-18
205;Igor;br BRA;MF;Flamengo;21-073;2003;0.5;3;2;1;1;1;1;1;100.0;0;2;1;1;1;4;0;0;Matches;2024-05-18
206;Gabriel Inocêncio;br BRA;DF;Juventude;29-273;1994;3.0;10;5;5;4;1;3;8;37.5;5;1;0;1;0;10;12;0;Matches;2024-05-18
207;Isaac;br BRA;DF;Fluminense;20-025;2004;0.1;0;0;0;0;0;0;0;;0;0;0;0;0;0;0;0;Matches;2024-05-18
208;Zé Ivaldo;br BRA;DF,MF;Cruzeiro;27-088;1997;3.5;2;2;2;0;0;1;2;50.0;1;4;0;4;3;5;10;0;Matches;2024-05-18
209;Jadsom;br BRA;MF;Red Bull Bragantino;22-365;2001;4.1;15;8;8;5;2;6;14;42.9;8;1;0;1;4;19;8;0;Matches;2024-05-18
210;Jadson;br BRA;MF;Juventude;30-263;1993;3.0;7;3;4;3;0;3;5;60.0;2;3;0;3;5;12;0;0;Matches;2024-05-18
211;Janderson;br BRA;FW,DF;Vitória;25-013;1999;1.9;4;2;3;1;0;0;0;;0;2;0;2;0;4;3;0;Matches;2024-05-18
212;Léo Jardim;br BRA;GK;Vasco da Gama;29-060;1995;6.0;0;0;0;0;0;0;0;;0;0;0;0;0;0;1;1;Matches;2024-05-18
213;Jeffinho;br BRA;FW,MF;Botafogo (RJ);24-141;1999;3.6;6;2;1;5;0;4;9;44.4;5;1;0;1;2;8;0;0;Matches;2024-05-18
214;Jemerson;br BRA;DF;Atlético Mineiro;31-269;1992;2.3;2;1;1;1;0;2;2;100.0;0;4;3;1;5;7;4;0;Matches;2024-05-18
215;Caíque de Jesus Gonçalves;br BRA;MF;Juventude;28-222;1995;3.8;11;7;6;5;0;3;6;50.0;3;3;0;3;4;15;7;0;Matches;2024-05-18
216;John;br BRA;GK;Botafogo (RJ);28-096;1996;3.0;0;0;0;0;0;0;1;0.0;1;0;0;0;0;0;2;0;Matches;2024-05-18
217;Felipe Jonatan;br BRA;DF;Fortaleza;26-094;1998;1.6;4;3;1;3;0;1;3;33.3;2;2;1;1;4;8;3;0;Matches;2024-05-18
218;Daniel Jr;br BRA;MF,FW;Vitória;22-010;2002;0.3;0;0;0;0;0;0;1;0.0;1;0;0;0;0;0;0;0;Matches;2024-05-18
219;Luciano Juba;br BRA;DF;Bahia;24-264;1999;6.0;7;6;3;3;1;4;10;40.0;6;7;2;5;13;20;14;0;Matches;2024-05-18
220;Julimar;br BRA;FW,MF;Ath Paranaense;23-115;2001;3.4;6;4;2;4;0;2;4;50.0;2;4;1;3;2;8;4;0;Matches;2024-05-18
221;Lucas Kal;br BRA;MF,DF;Atl Goianiense;28-064;1996;1.3;1;0;0;1;0;1;1;100.0;0;1;0;1;1;2;2;0;Matches;2024-05-18
222;Walter Kannemann;ar ARG;DF;Grêmio;33-066;1991;1.1;3;2;2;1;0;3;5;60.0;2;2;0;2;3;6;1;0;Matches;2024-05-18
223;Kanu;br BRA;DF;Bahia;27-073;1997;4.0;4;1;2;2;0;1;2;50.0;1;7;0;7;3;7;18;0;Matches;2024-05-18
224;Alan Kardec;br BRA;FW;Atlético Mineiro;35-128;1989;0.1;0;0;0;0;0;0;0;;0;0;0;0;0;0;0;0;Matches;2024-05-18
225;Renato Kayser;br BRA;FW;Criciúma;28-092;1996;0.9;0;0;0;0;0;0;0;;0;1;0;1;0;0;1;0;Matches;2024-05-18
226;Renato Kayser;br BRA;FW;Fortaleza;28-092;1996;2.5;3;2;0;1;2;1;2;50.0;1;1;0;1;0;3;3;0;Matches;2024-05-18
227;John Kennedy;br BRA;FW;Fluminense;22-001;2002;1.3;1;1;0;1;0;0;1;0.0;1;0;0;0;0;1;1;0;Matches;2024-05-18
228;Keno;br BRA;FW;Fluminense;34-252;1989;0.9;0;0;0;0;0;0;1;0.0;1;0;0;0;0;0;1;0;Matches;2024-05-18
229;Kleiton;br BRA;FW;Juventude;25-026;1999;0.3;0;0;0;0;0;0;0;;0;0;0;0;0;0;0;0;Matches;2024-05-18
230;Gabriel Knesowitsch;br BRA;DF;Cuiabá;20-214;2003;1.8;5;5;4;1;0;3;4;75.0;1;0;0;0;3;8;3;0;Matches;2024-05-18
231;Benjamín Kuscevic;cl CHI;DF;Fortaleza;28-017;1996;2.0;5;3;3;2;0;1;1;100.0;0;2;2;0;1;6;10;0;Matches;2024-05-18
232;Derik Lacerda;br BRA;MF,FW;Cuiabá;24-235;1999;2.7;1;1;1;0;0;0;2;0.0;2;4;1;3;1;2;2;0;Matches;2024-05-18
233;Ignacio Laquintana;uy URU;FW,MF;Red Bull Bragantino;25-108;1999;1.8;2;1;1;1;0;0;3;0.0;3;1;0;1;2;4;1;0;Matches;2024-05-18
234;Lázaro;br BRA;FW,MF;Palmeiras;22-068;2002;2.6;0;0;0;0;0;0;1;0.0;1;5;0;5;0;0;1;0;Matches;2024-05-18
235;Mauricio Lemos;uy URU;DF;Atlético Mineiro;28-143;1995;2.7;3;2;1;2;0;1;3;33.3;2;4;2;2;1;4;9;0;Matches;2024-05-18
236;Willean Lepo;br BRA;DF;Vitória;27-124;1997;0.8;5;2;4;0;1;4;5;80.0;1;0;0;0;1;6;3;0;Matches;2024-05-18
237;Lima;br BRA;MF;Fluminense;27-343;1996;4.6;8;2;1;5;2;3;6;50.0;3;3;0;3;6;14;2;0;Matches;2024-05-18
238;Lincoln;br BRA;MF;Red Bull Bragantino;25-194;1998;0.9;0;0;0;0;0;0;0;;0;0;0;0;0;0;2;0;Matches;2024-05-18
239;José López;ar ARG;FW,DF;Palmeiras;23-165;2000;2.7;1;0;0;1;0;1;4;25.0;3;5;1;4;1;2;1;0;Matches;2024-05-18
240;Lorran;br BRA;MF,FW;Flamengo;17-320;2006;1.4;3;2;1;2;0;0;1;0.0;1;0;0;0;1;4;0;0;Matches;2024-05-18
241;Vágner Love;br BRA;MF;Atl Goianiense;39-343;1984;0.4;0;0;0;0;0;0;0;;0;0;0;0;0;0;2;0;Matches;2024-05-18
242;Lucão;br BRA;GK;Red Bull Bragantino;23-083;2001;1.5;0;0;0;0;0;0;0;;0;0;0;0;0;0;2;0;Matches;2024-05-18
243;Ayrton Lucas;br BRA;DF;Flamengo;26-335;1997;5.7;11;9;7;3;1;4;9;44.4;5;4;1;3;4;15;13;0;Matches;2024-05-18
244;Jean Lucas;br BRA;MF;Bahia;25-332;1998;6.0;9;5;3;5;1;3;7;42.9;4;5;1;4;6;15;4;0;Matches;2024-05-18
245;João Lucas;br BRA;DF;Juventude;26-071;1998;4.0;14;8;5;8;1;6;10;60.0;4;9;4;5;4;18;8;0;Matches;2024-05-18
246;Luciano;br BRA;MF,FW;São Paulo;31-001;1993;5.7;8;6;3;3;2;2;5;40.0;3;10;0;10;1;9;3;0;Matches;2024-05-18
247;André Luis;br BRA;MF,FW;Cuiabá;27-028;1997;1.0;2;1;2;0;0;1;3;33.3;2;2;0;2;0;2;0;0;Matches;2024-05-18
248;Machado;br BRA;MF;Cruzeiro;28-120;1996;0.5;1;0;0;1;0;0;0;;0;1;0;1;1;2;0;0;Matches;2024-05-18
249;Imanol Machuca;ar ARG;MF,FW;Fortaleza;24-125;2000;1.6;0;0;0;0;0;0;1;0.0;1;2;0;2;0;0;0;0;Matches;2024-05-18
250;Guilherme Madruga;br BRA;MF;Cuiabá;23-190;2000;0.3;0;0;0;0;0;0;0;;0;1;0;1;0;0;0;0;Matches;2024-05-18
251;Mádson;br BRA;DF;Ath Paranaense;32-127;1992;1.5;3;1;1;1;1;0;0;;0;3;2;1;0;3;10;0;Matches;2024-05-18
252;Maguinho;br BRA;DF,FW;Atl Goianiense;31-134;1993;2.0;4;2;2;1;1;1;1;100.0;0;5;3;2;0;4;3;0;Matches;2024-05-18
253;Pablo Maia;br BRA;MF;São Paulo;22-130;2002;2.9;7;2;3;3;1;1;3;33.3;2;4;2;2;0;7;0;0;Matches;2024-05-18
254;Thiago Maia;br BRA;MF;Internacional;27-057;1997;2.7;7;7;1;6;0;4;6;66.7;2;2;1;1;1;8;9;0;Matches;2024-05-18
255;Walisson Maia;br BRA;DF;Criciúma;32-272;1991;2.2;1;1;1;0;0;0;1;0.0;1;3;3;0;1;2;11;1;Matches;2024-05-18
256;Maicon;br BRA;DF;Vasco da Gama;35-248;1988;4.0;5;0;5;0;0;4;5;80.0;1;5;4;1;9;14;10;0;Matches;2024-05-18
257;Hugo Mallo;es ESP;DF;Internacional;32-332;1991;0.8;1;1;0;1;0;0;0;;0;0;0;0;0;1;0;0;Matches;2024-05-18
258;Léo Mana;br BRA;DF;Corinthians;20-043;2004;0.1;0;0;0;0;0;0;0;;0;0;0;0;0;0;2;0;Matches;2024-05-18
259;Luis Mandaca;br BRA;MF,FW;Juventude;22-230;2001;1.1;6;3;2;3;1;2;2;100.0;0;2;0;2;2;8;0;0;Matches;2024-05-18
260;Manoel;br BRA;DF;Fluminense;34-083;1990;4.2;4;3;3;0;1;1;5;20.0;4;6;6;0;2;6;15;0;Matches;2024-05-18
261;Fernando Marçal;br BRA;DF;Botafogo (RJ);35-090;1989;0.5;1;0;0;1;0;0;1;0.0;1;2;0;2;0;1;5;0;Matches;2024-05-18
262;Marcelinho;br BRA;MF,FW;Juventude;21-160;2002;1.7;1;1;0;1;0;0;2;0.0;2;0;0;0;2;3;0;0;Matches;2024-05-18
263;Marcelo;br BRA;DF;Fluminense;36-007;1988;4.0;7;6;2;4;1;6;17;35.3;11;7;1;6;5;12;4;0;Matches;2024-05-18
264;João Marcelo;br BRA;DF;Cruzeiro;23-341;2000;4.0;5;2;3;2;0;2;2;100.0;0;9;5;4;6;11;23;0;Matches;2024-05-18
265;Agustín Marchesín;ar ARG;GK;Grêmio;36-064;1988;3.0;0;0;0;0;0;0;0;;0;1;0;1;0;0;1;0;Matches;2024-05-18
266;Zé Marcos;br BRA;DF;Juventude;26-108;1998;2.9;2;0;0;2;0;2;3;66.7;1;4;2;2;6;8;14;0;Matches;2024-05-18
267;Erick Marcus;br BRA;MF,FW;Vasco da Gama;20-079;2004;0.7;1;1;0;1;0;0;0;;0;3;0;3;0;1;0;0;Matches;2024-05-18
268;Marinho;br BRA;FW,DF;Fortaleza;33-356;1990;2.7;3;2;3;0;0;1;3;33.3;2;4;0;4;1;4;1;0;Matches;2024-05-18
269;Marlon;br BRA;DF;Cruzeiro;26-365;1997;5.0;13;8;5;7;1;5;7;71.4;2;6;1;5;3;16;10;0;Matches;2024-05-18
270;Marquinhos;br BRA;DF,FW;Fluminense;21-042;2003;6.0;6;2;2;3;1;4;8;50.0;4;10;0;10;4;10;6;0;Matches;2024-05-18
271;Juan Martín Lucero;ar ARG;FW;Fortaleza;32-171;1991;2.4;1;1;0;1;0;1;4;25.0;3;1;0;1;0;1;2;0;Matches;2024-05-18
272;Martinelli;br BRA;MF,DF;Fluminense;23-009;2001;5.5;9;6;3;4;2;5;8;62.5;3;8;4;4;1;10;10;0;Matches;2024-05-18
273;Adriano Martins;br BRA;DF;Atl Goianiense;27-048;1997;2.8;2;2;1;1;0;2;3;66.7;1;5;5;0;2;4;13;0;Matches;2024-05-18
274;Gustavo Martins Santos;br BRA;DF;Grêmio;21-282;2002;2.9;1;0;0;1;0;1;2;50.0;1;3;0;3;1;2;12;0;Matches;2024-05-18
275;Gonzalo Mastriani;uy URU;FW;Ath Paranaense;31-021;1993;1.6;4;4;2;1;1;2;3;66.7;1;2;1;1;0;4;4;0;Matches;2024-05-18
276;Fellipe Mateus;br BRA;MF;Criciúma;33-097;1991;2.9;0;0;0;0;0;0;7;0.0;7;6;2;4;1;1;2;0;Matches;2024-05-18
277;Matheusinho;br BRA;FW,MF;Vitória;26-214;1997;4.4;6;5;4;1;1;2;5;40.0;3;1;0;1;5;11;1;0;Matches;2024-05-18
278;Matheusinho;br BRA;FW,MF;Criciúma;26-098;1998;0.3;0;0;0;0;0;0;1;0.0;1;0;0;0;0;0;0;0;Matches;2024-05-18
279;Matheuzinho;br BRA;DF,FW;Corinthians;23-254;2000;2.2;7;5;4;3;0;5;11;45.5;6;3;1;2;1;8;7;0;Matches;2024-05-18
280;Mauricio;br BRA;MF;Internacional;22-363;2001;3.7;5;4;0;5;0;1;3;33.3;2;2;0;2;1;6;1;0;Matches;2024-05-18
281;Max;br BRA;MF,FW;Atl Goianiense;21-326;2002;0.5;1;0;1;0;0;1;1;100.0;0;0;0;0;0;1;0;0;Matches;2024-05-18
282;Max;br BRA;MF;Cuiabá;23-007;2001;0.2;1;1;0;1;0;0;0;;0;1;0;1;0;1;0;0;Matches;2024-05-18
283;Maycon;br BRA;MF;Corinthians;26-309;1997;0.5;2;1;0;2;0;0;1;0.0;1;0;0;0;0;2;0;0;Matches;2024-05-18
284;Mayke;br BRA;DF;Palmeiras;31-191;1992;3.8;9;4;2;7;0;4;7;57.1;3;3;0;3;12;21;5;0;Matches;2024-05-18
285;Gary Medel;cl CHI;DF;Vasco da Gama;36-290;1987;1.2;1;0;1;0;0;0;0;;0;1;1;0;0;1;3;0;Matches;2024-05-18
286;Felipe Melo;br BRA;DF;Fluminense;40-328;1983;2.3;5;3;4;1;0;3;6;50.0;3;5;3;2;2;7;14;0;Matches;2024-05-18
287;Douglas Mendes;br BRA;DF;Red Bull Bragantino;19-341;2004;3.0;2;1;2;0;0;1;1;100.0;0;6;3;3;1;3;19;0;Matches;2024-05-18
288;Nathan Mendes;br BRA;DF;Red Bull Bragantino;21-274;2002;3.0;3;1;2;0;1;2;5;40.0;3;2;2;0;1;4;6;0;Matches;2024-05-18
289;Gabriel Menino;br BRA;MF;Palmeiras;23-233;2000;3.1;8;6;5;3;0;5;11;45.5;6;6;2;4;1;9;3;0;Matches;2024-05-18
290;Gabriel Mercado;ar ARG;DF;Internacional;37-062;1987;2.5;4;1;2;1;1;2;3;66.7;1;2;2;0;2;6;6;0;Matches;2024-05-18
291;Higor Meritão;br BRA;MF;Criciúma;29-331;1994;2.8;6;4;3;3;0;2;7;28.6;5;8;4;4;3;9;8;0;Matches;2024-05-18
292;Carlos Miguel;br BRA;GK;Corinthians;25-223;1998;3.0;0;0;0;0;0;0;0;;0;0;0;0;0;0;1;1;Matches;2024-05-18
293;Lucas Mineiro;br BRA;MF;Cuiabá;28-085;1996;1.1;0;0;0;0;0;0;0;;0;1;1;0;0;0;2;1;Matches;2024-05-18
294;Moises;br BRA;FW;Fortaleza;27-260;1996;1.5;2;1;0;2;0;0;3;0.0;3;1;0;1;1;3;5;0;Matches;2024-05-18
295;Jacob Montes;ni NCA;FW,MF;Botafogo (RJ);25-212;1998;0.2;0;0;0;0;0;0;0;;0;0;0;0;0;0;0;0;Matches;2024-05-18
296;Aníbal Moreno;ar ARG;MF;Palmeiras;25-006;1999;3.9;6;3;3;3;0;3;7;42.9;4;3;0;3;9;15;2;0;Matches;2024-05-18
297;Henry Mosquera;co COL;FW,MF;Red Bull Bragantino;22-186;2001;4.3;2;1;1;1;0;1;3;33.3;2;3;0;3;2;4;2;0;Matches;2024-05-18
298;Gustavo Mosquito;br BRA;FW;Corinthians;26-255;1997;1.8;3;3;1;1;1;0;4;0.0;4;0;0;0;2;5;1;0;Matches;2024-05-18
299;Jean Mota;br BRA;MF;Vitória;30-217;1993;0.9;1;1;0;1;0;0;1;0.0;1;0;0;0;0;1;1;0;Matches;2024-05-18
300;Hugo Moura;br BRA;MF;Vasco da Gama;26-137;1998;1.4;7;6;5;2;0;4;7;57.1;3;2;0;2;4;11;2;0;Matches;2024-05-18
301;Léo Naldi;br BRA;MF;Vitória;22-275;2001;0.8;4;3;2;1;1;0;0;;0;1;0;1;0;4;1;0;Matches;2024-05-18
302;Matheus Nascimento;br BRA;FW;Botafogo (RJ);20-077;2004;0.3;1;1;0;0;1;0;0;;0;1;0;1;0;1;0;0;Matches;2024-05-18
303;Nata;br BRA;MF,DF;Grêmio;22-349;2001;0.1;0;0;0;0;0;0;0;;0;1;1;0;0;0;0;0;Matches;2024-05-18
304;Kaiky Naves;br BRA;FW;Palmeiras;22-011;2002;0.0;0;0;0;0;0;0;0;;0;0;0;0;0;0;1;0;Matches;2024-05-18
305;Nenê;br BRA;MF,FW;Juventude;42-305;1981;3.0;0;0;0;0;0;0;2;0.0;2;2;0;2;1;1;0;0;Matches;2024-05-18
306;Neris;br BRA;DF;Cruzeiro;31-337;1992;2.6;4;2;2;1;1;1;1;100.0;0;1;1;0;2;6;9;0;Matches;2024-05-18
307;Rodrigo Nestor;br BRA;MF,FW;São Paulo;23-284;2000;1.8;3;2;2;1;0;2;3;66.7;1;1;1;0;1;4;1;0;Matches;2024-05-18
308;José Vitor Silva Neves;br BRA;FW,MF;Ath Paranaense;24-017;2000;1.0;1;1;0;1;0;1;2;50.0;1;2;0;2;0;1;0;0;Matches;2024-05-18
309;Newton;br BRA;MF;Criciúma;24-068;2000;0.2;1;1;0;1;0;0;0;;0;0;0;0;0;1;2;0;Matches;2024-05-18
310;Nikão;br BRA;FW,MF;Ath Paranaense;31-295;1992;1.3;5;4;1;1;3;3;4;75.0;1;0;0;0;1;6;2;0;Matches;2024-05-18
311;Gustavo Nunes;br BRA;FW;Grêmio;18-181;2005;2.3;3;1;1;0;2;1;1;100.0;0;6;0;6;1;4;1;0;Matches;2024-05-18
312;Cauly Oliveira Souza;br BRA;MF,FW;Bahia;28-247;1995;5.1;4;1;0;2;2;0;3;0.0;3;1;0;1;0;4;3;0;Matches;2024-05-18
313;Leo Ortiz;br BRA;DF;Flamengo;28-137;1996;1.0;2;0;2;0;0;2;2;100.0;0;2;2;0;0;2;5;0;Matches;2024-05-18
314;Osvaldo;br BRA;MF,FW;Vitória;37-038;1987;2.7;2;2;0;2;0;2;2;100.0;0;1;0;1;2;4;0;0;Matches;2024-05-18
315;Otávio;br BRA;MF;Atlético Mineiro;30-015;1994;5.0;19;11;8;9;2;6;9;66.7;3;5;2;3;9;28;7;0;Matches;2024-05-18
316;Pablo;br BRA;FW,MF;Ath Paranaense;31-331;1992;4.2;4;4;0;4;0;1;2;50.0;1;2;1;1;1;5;2;0;Matches;2024-05-18
317;Pablo;br BRA;DF;Botafogo (RJ);32-333;1991;0.3;1;1;0;1;0;1;1;100.0;0;0;0;0;0;1;3;0;Matches;2024-05-18
318;Bruno Pacheco;br BRA;DF;Fortaleza;32-163;1991;3.4;7;4;7;0;0;5;8;62.5;3;2;0;2;4;11;11;1;Matches;2024-05-18
319;Patryck;br BRA;DF;São Paulo;21-122;2003;1.0;1;1;1;0;0;1;4;25.0;3;0;0;0;3;4;4;0;Matches;2024-05-18
320;Patrick de Paula;br BRA;MF;Botafogo (RJ);24-254;1999;0.1;0;0;0;0;0;0;0;;0;0;0;0;1;1;0;0;Matches;2024-05-18
321;Paulinho;br BRA;FW;Atlético Mineiro;23-309;2000;4.5;7;1;1;2;4;1;4;25.0;3;4;0;4;1;8;0;0;Matches;2024-05-18
322;Paulinho;br BRA;MF;Corinthians;35-299;1988;1.3;6;5;2;3;1;3;5;60.0;2;2;1;1;0;6;3;0;Matches;2024-05-18
323;Cristian Pavón;ar ARG;FW;Grêmio;28-119;1996;1.2;2;1;2;0;0;0;2;0.0;2;3;0;3;0;2;0;0;Matches;2024-05-18
324;Dimitri Payet;fr FRA;MF;Vasco da Gama;37-051;1987;1.2;1;1;0;1;0;0;0;;0;0;0;0;0;1;0;0;Matches;2024-05-18
325;Pedrão;br BRA;DF;Atl Goianiense;31-153;1992;1.2;2;0;1;1;0;0;1;0.0;1;3;1;2;0;2;3;0;Matches;2024-05-18
326;Pedrinho;br BRA;MF;Atlético Mineiro;26-036;1998;0.3;0;0;0;0;0;0;0;;0;1;0;1;0;0;0;0;Matches;2024-05-18
327;Pedro;br BRA;FW;Flamengo;26-334;1997;5.0;4;2;0;2;2;0;1;0.0;1;4;1;3;2;6;9;0;Matches;2024-05-18
328;João Pedro;br BRA;FW;Cruzeiro;21-107;2003;0.1;0;0;0;0;0;0;0;;0;0;0;0;0;0;1;0;Matches;2024-05-18
329;João Pedro;br BRA;MF;Vasco da Gama;19-030;2005;0.2;3;2;2;1;0;1;2;50.0;1;0;0;0;0;3;0;0;Matches;2024-05-18
330;João Pedro;it ITA;FW;Grêmio;32-071;1992;2.3;1;0;0;0;1;0;0;;0;1;0;1;1;2;1;0;Matches;2024-05-18
331;João Pedro;br BRA;DF;Grêmio;27-186;1996;3.0;3;0;1;1;1;0;3;0.0;3;2;0;2;0;3;6;0;Matches;2024-05-18
332;Léo Pelé;br BRA;DF;Vasco da Gama;28-074;1996;6.0;9;3;6;3;0;2;7;28.6;5;4;1;3;1;10;32;0;Matches;2024-05-18
333;Carlos de Pena;uy URU;MF,FW;Bahia;32-069;1992;0.8;2;2;0;1;1;1;3;33.3;2;1;0;1;2;4;2;0;Matches;2024-05-18
334;Léo Pereira;br BRA;DF;Flamengo;28-109;1996;5.8;7;6;6;1;0;6;8;75.0;2;7;6;1;4;11;24;0;Matches;2024-05-18
335;Matheus Pereira;pt POR;FW;Cruzeiro;28-014;1996;4.9;2;2;2;0;0;1;1;100.0;0;1;0;1;2;4;2;0;Matches;2024-05-18
336;Yago Pikachu;br BRA;DF,FW;Fortaleza;31-349;1992;2.6;1;1;0;1;0;0;2;0.0;2;0;0;0;2;3;1;0;Matches;2024-05-18
337;Joaquín Piquerez;uy URU;DF;Palmeiras;25-269;1998;4.8;8;5;5;1;2;6;10;60.0;4;4;0;4;7;15;11;0;Matches;2024-05-18
338;Rafael Pires;br BRA;GK;São Paulo;34-331;1989;6.0;0;0;0;0;0;0;0;;0;0;0;0;0;0;0;0;Matches;2024-05-18
339;Lucas Piton;br BRA;DF;Vasco da Gama;23-223;2000;6.0;13;8;7;6;0;7;14;50.0;7;6;1;5;13;26;11;0;Matches;2024-05-18
340;Isidro Pitta;py PAR;FW;Cuiabá;24-279;1999;2.3;1;1;0;1;0;0;0;;0;0;0;0;0;1;4;0;Matches;2024-05-18
341;Tomas Pochettino;ar ARG;MF;Fortaleza;28-108;1996;3.6;4;1;1;3;0;2;6;33.3;4;6;0;6;1;5;4;0;Matches;2024-05-18
342;Mateo Ponte;uy URU;DF;Botafogo (RJ);20-361;2003;3.3;8;6;3;5;0;3;7;42.9;4;4;3;1;5;13;5;0;Matches;2024-05-18
343;Werik Popó;br BRA;FW;Juventude;22-215;2001;0.2;0;0;0;0;0;0;0;;0;1;0;1;0;0;1;0;Matches;2024-05-18
344;Gustavo Prado;br BRA;FW,MF;Internacional;18-348;2005;1.2;4;2;2;1;1;1;3;33.3;2;3;0;3;0;4;3;0;Matches;2024-05-18
345;Bruno Praxedes;br BRA;MF;Vasco da Gama;22-101;2002;0.3;1;1;0;0;1;0;2;0.0;2;0;0;0;0;1;1;0;Matches;2024-05-18
346;Erick Pulgar;cl CHI;MF;Flamengo;30-125;1994;3.5;7;4;3;4;0;3;10;30.0;7;1;0;1;4;11;5;0;Matches;2024-05-18
347;Du Queiroz;br BRA;MF;Grêmio;24-121;2000;2.5;2;1;0;2;0;1;4;25.0;3;5;0;5;5;7;1;0;Matches;2024-05-18
348;Igor Rabello;br BRA;DF;Atlético Mineiro;29-021;1995;2.1;6;3;1;5;0;4;4;100.0;0;2;1;1;2;8;14;0;Matches;2024-05-18
349;Zé Rafael;br BRA;MF;Palmeiras;30-338;1993;1.0;4;2;0;4;0;2;3;66.7;1;2;1;1;1;5;0;0;Matches;2024-05-18
350;Railan;br BRA;DF;Cuiabá;24-070;2000;1.0;2;1;1;0;1;0;2;0.0;2;0;0;0;1;3;3;0;Matches;2024-05-18
351;Eric Ramires;br BRA;MF,FW;Red Bull Bragantino;23-283;2000;3.5;12;7;6;4;2;8;10;80.0;2;3;1;2;1;13;3;0;Matches;2024-05-18
352;Ramon;br BRA;DF;Cuiabá;23-067;2001;0.8;1;1;1;0;0;0;0;;0;0;0;0;2;3;1;0;Matches;2024-05-18
353;Raniele;br BRA;MF,DF;Corinthians;27-140;1996;4.4;6;3;2;3;1;2;10;20.0;8;11;3;8;6;12;4;0;Matches;2024-05-18
354;Rafael Ratão;br BRA;FW;Bahia;28-171;1995;0.4;2;1;1;1;0;1;3;33.3;2;1;0;1;0;2;1;0;Matches;2024-05-18
355;Raul;br BRA;MF;Red Bull Bragantino;27-313;1996;1.4;0;0;0;0;0;0;0;;0;1;1;0;1;1;2;0;Matches;2024-05-18
356;Pedro Raul;br BRA;FW;Corinthians;27-196;1996;1.7;1;1;0;1;0;0;1;0.0;1;1;0;1;0;1;1;0;Matches;2024-05-18
357;Robert Renan;br BRA;DF;Internacional;20-221;2003;1.1;0;0;0;0;0;0;1;0.0;1;1;0;1;1;1;5;0;Matches;2024-05-18
358;Renê;br BRA;DF;Internacional;31-248;1992;4.0;10;7;2;8;0;3;6;50.0;3;2;0;2;9;19;9;0;Matches;2024-05-18
359;Rezende;br BRA;MF,DF;Bahia;29-138;1995;2.2;9;7;4;4;1;1;1;100.0;0;3;1;2;4;13;5;0;Matches;2024-05-18
360;Rhaldney;br BRA;MF;Atl Goianiense;25-181;1998;2.7;6;4;2;3;1;1;7;14.3;6;2;1;1;2;8;5;0;Matches;2024-05-18
361;Everton Ribeiro;br BRA;MF,FW;Bahia;35-039;1989;4.6;9;5;4;2;3;4;14;28.6;10;4;0;4;9;18;0;0;Matches;2024-05-18
362;Wesley Ribeiro;br BRA;FW;Corinthians;19-075;2005;4.7;2;0;1;1;0;1;3;33.3;2;9;0;9;2;4;0;0;Matches;2024-05-18
363;João Ricardo Riedi;br BRA;GK;Fortaleza;35-256;1988;5.0;1;0;1;0;0;0;0;;0;0;0;0;0;1;3;0;Matches;2024-05-18
364;Rikelme;br BRA;DF;Cuiabá;20-308;2003;3.3;7;5;5;2;0;5;8;62.5;3;6;0;6;6;13;8;0;Matches;2024-05-18
365;Rildo;br BRA;MF,FW;Juventude;24-119;2000;0.4;0;0;0;0;0;0;0;;0;0;0;0;1;1;0;0;Matches;2024-05-18
366;Richard Ríos;co COL;MF;Palmeiras;23-352;2000;3.9;10;5;3;4;3;1;7;14.3;6;4;0;4;3;13;2;0;Matches;2024-05-18
367;Robert;br BRA;DF;Cruzeiro;19-036;2005;0.1;0;0;0;0;0;0;1;0.0;1;0;0;0;0;0;0;0;Matches;2024-05-18
368;Kaique Rocha;br BRA;DF;Ath Paranaense;23-081;2001;6.0;11;9;7;4;0;9;11;81.8;2;6;2;4;7;18;33;0;Matches;2024-05-18
369;Marcos Rocha;br BRA;DF;Palmeiras;35-160;1988;2.2;4;1;2;2;0;0;0;;0;1;1;0;2;6;4;0;Matches;2024-05-18
370;Sergio Rochet;uy URU;GK;Internacional;31-057;1993;4.0;0;0;0;0;0;0;0;;0;0;0;0;0;0;6;0;Matches;2024-05-18
371;Rodrigo;br BRA;MF;São Paulo;20-064;2004;0.6;4;2;1;2;1;2;4;50.0;2;2;0;2;0;4;3;0;Matches;2024-05-18
372;Emiliano Rodríguez;uy URU;FW;Atl Goianiense;20-308;2003;3.1;1;0;0;1;0;0;1;0.0;1;2;0;2;1;2;2;0;Matches;2024-05-18
373;James Rodríguez;co COL;MF;São Paulo;32-312;1991;0.4;0;0;0;0;0;0;1;0.0;1;0;0;0;0;0;0;0;Matches;2024-05-18
374;Robert Rojas;py PAR;DF;Vasco da Gama;28-019;1996;0.0;3;2;2;1;0;2;2;100.0;0;0;0;0;0;3;1;0;Matches;2024-05-18
375;Guilherme Romão;br BRA;DF;Atl Goianiense;26-225;1997;5.0;5;1;3;2;0;2;3;66.7;1;3;1;2;4;9;25;0;Matches;2024-05-18
376;Ángel Romero;py PAR;FW;Corinthians;31-320;1992;4.5;3;3;1;2;0;1;5;20.0;4;2;0;2;0;3;4;0;Matches;2024-05-18
377;Lucas Romero;ar ARG;MF;Cruzeiro;30-031;1994;3.9;16;14;7;6;3;9;12;75.0;3;4;0;4;4;20;3;0;Matches;2024-05-18
378;Óscar Romero;py PAR;FW,MF;Botafogo (RJ);31-320;1992;1.5;6;5;4;1;1;4;4;100.0;0;3;0;3;2;8;1;0;Matches;2024-05-18
379;Rômulo;br BRA;DF;Atlético Mineiro;20-109;2004;0.5;2;1;0;1;1;2;2;100.0;0;0;0;0;3;5;2;0;Matches;2024-05-18
380;Romulo;br BRA;MF;Internacional;24-079;2000;0.9;1;1;1;0;0;0;1;0.0;1;2;2;0;4;5;4;0;Matches;2024-05-18
381;Romulo;br BRA;MF;Palmeiras;22-225;2001;0.6;3;2;3;0;0;1;3;33.3;2;1;0;1;0;3;0;0;Matches;2024-05-18
382;Ronald;br BRA;MF;Grêmio;21-098;2003;0.1;0;0;0;0;0;0;0;;0;1;1;0;0;0;0;0;Matches;2024-05-18
383;Ronaldo;br BRA;GK;Atl Goianiense;27-271;1996;5.0;0;0;0;0;0;0;0;;0;0;0;0;0;0;4;0;Matches;2024-05-18
384;Budiga Roni;br BRA;MF;Atl Goianiense;25-034;1999;1.5;3;3;3;0;0;2;5;40.0;3;3;3;0;2;5;5;0;Matches;2024-05-18
385;Rony;br BRA;FW;Palmeiras;29-008;1995;3.5;4;4;0;3;1;0;2;0.0;2;1;0;1;0;4;3;0;Matches;2024-05-18
386;Matheus Rossetto;br BRA;MF;Fortaleza;27-351;1996;1.0;1;1;0;1;0;0;1;0.0;1;2;0;2;0;1;1;0;Matches;2024-05-18
387;Rossi;br BRA;FW;Vasco da Gama;31-027;1993;2.4;2;2;1;1;0;2;2;100.0;0;4;1;3;1;3;3;0;Matches;2024-05-18
388;Agustín Rossi;ar ARG;GK;Flamengo;28-272;1995;6.0;0;0;0;0;0;0;0;;0;0;0;0;0;0;1;0;Matches;2024-05-18
389;Ruan;br BRA;MF,FW;Juventude;19-016;2005;0.5;0;0;0;0;0;0;1;0.0;1;1;0;1;0;0;1;0;Matches;2024-05-18
390;Rubens;br BRA;DF;Atlético Mineiro;22-333;2001;0.1;1;1;0;1;0;0;1;0.0;1;0;0;0;0;1;1;0;Matches;2024-05-18
391;Alan Ruschel;br BRA;DF;Juventude;34-270;1989;1.0;2;0;1;1;0;1;3;33.3;2;2;0;2;0;2;0;0;Matches;2024-05-18
392;Rodrigo Sam;br BRA;DF;Juventude;28-300;1995;1.7;2;1;1;1;0;2;2;100.0;0;3;2;1;2;4;6;0;Matches;2024-05-18
393;Alex Santana;br BRA;MF,FW;Ath Paranaense;29-006;1995;1.1;1;0;0;0;1;1;5;20.0;4;1;0;1;0;1;0;0;Matches;2024-05-18
394;Ademir Santos;br BRA;FW,MF;Bahia;29-093;1995;2.0;4;2;0;0;4;0;2;0.0;2;1;0;1;2;6;1;0;Matches;2024-05-18
395;Allyson Aires dos Santos;br BRA;DF;Cuiabá;33-209;1990;1.0;0;0;0;0;0;0;0;;0;0;0;0;2;2;7;0;Matches;2024-05-18
396;Eduardo Santos;br BRA;DF;Red Bull Bragantino;26-173;1997;2.5;6;5;3;3;0;4;5;80.0;1;4;2;2;1;7;5;0;Matches;2024-05-18
397;Juan Santos;br BRA;FW;São Paulo;22-074;2002;0.7;0;0;0;0;0;0;1;0.0;1;0;0;0;0;0;1;0;Matches;2024-05-18
398;Júnior Santos;br BRA;FW,MF;Botafogo (RJ);29-221;1994;4.8;6;3;3;1;2;4;5;80.0;1;3;1;2;0;6;2;0;Matches;2024-05-18
399;Renzo Saravia;ar ARG;DF;Atlético Mineiro;30-338;1993;5.0;19;12;8;8;3;8;13;61.5;5;6;2;4;5;24;7;0;Matches;2024-05-18
400;Eduardo Sasha;br BRA;FW;Red Bull Bragantino;32-085;1992;4.2;2;2;0;1;1;1;4;25.0;3;2;0;2;2;4;2;0;Matches;2024-05-18
401;Lucas Sasha;br BRA;MF;Fortaleza;34-079;1990;1.1;6;4;4;2;0;3;6;50.0;3;5;0;5;3;9;1;0;Matches;2024-05-18
402;Jefferson Savarino;ve VEN;MF,FW;Botafogo (RJ);27-190;1996;4.0;3;1;2;1;0;3;5;60.0;2;3;1;2;0;3;3;0;Matches;2024-05-18
403;Gustavo Scarpa;br BRA;MF,FW;Atlético Mineiro;30-135;1994;3.5;3;1;1;1;1;2;2;100.0;0;3;2;1;1;4;2;0;Matches;2024-05-18
404;Cleiton Schwengber;br BRA;GK;Red Bull Bragantino;26-274;1997;4.5;0;0;0;0;0;0;0;;0;0;0;0;0;0;6;0;Matches;2024-05-18
405;Juan Sforza;ar ARG;MF;Vasco da Gama;22-095;2002;4.6;8;4;2;5;1;6;16;37.5;10;5;2;3;3;11;6;0;Matches;2024-05-18
406;Shaylon;br BRA;MF,FW;Atl Goianiense;27-022;1997;4.8;3;1;1;2;0;0;7;0.0;7;5;0;5;4;7;1;0;Matches;2024-05-18
407;André Silva;br BRA;MF,FW;São Paulo;26-351;1997;3.1;1;0;0;1;0;1;5;20.0;4;7;1;6;3;4;1;0;Matches;2024-05-18
408;Luan Silva;br BRA;MF;Vitória;25-005;1999;1.5;1;0;0;1;0;1;3;33.3;2;0;0;0;1;2;2;0;Matches;2024-05-18
409;Lucas Silva;br BRA;MF;Cruzeiro;31-093;1993;4.2;3;1;1;2;0;1;3;33.3;2;6;2;4;0;3;5;0;Matches;2024-05-18
410;Rafael Silva;br BRA;FW;Cruzeiro;32-045;1992;3.9;4;3;1;3;0;3;3;100.0;0;2;0;2;1;5;2;0;Matches;2024-05-18
411;Everton Soares;br BRA;FW;Flamengo;28-058;1996;1.6;2;1;0;0;2;0;3;0.0;3;3;0;3;1;3;1;0;Matches;2024-05-18
412;Tiquinho Soares;br BRA;FW;Botafogo (RJ);33-123;1991;2.2;1;1;0;0;1;1;2;50.0;1;2;0;2;0;1;4;0;Matches;2024-05-18
413;Fernando Sobral;br BRA;MF;Cuiabá;29-154;1994;3.2;6;6;1;2;3;6;10;60.0;4;7;1;6;2;8;4;0;Matches;2024-05-18
414;Yeferson Soteldo;ve VEN;FW;Grêmio;26-324;1997;3.0;5;3;3;2;0;5;7;71.4;2;2;0;2;0;5;0;1;Matches;2024-05-18
415;Igor Vinícius de Souza;br BRA;DF;São Paulo;27-048;1997;5.4;11;7;7;3;1;4;7;57.1;3;3;0;3;2;13;3;0;Matches;2024-05-18
416;Everaldo Stum;br BRA;FW;Bahia;32-319;1991;2.8;0;0;0;0;0;0;2;0.0;2;1;0;1;1;1;5;0;Matches;2024-05-18
417;Damián Suárez;uy URU;DF;Botafogo (RJ);36-022;1988;2.6;3;3;1;2;0;0;4;0.0;4;4;1;3;2;5;3;0;Matches;2024-05-18
418;Talisson;br BRA;FW;Red Bull Bragantino;21-364;2002;0.2;0;0;0;0;0;0;0;;0;0;0;0;0;0;0;0;Matches;2024-05-18
419;Tchê Tchê;br BRA;MF;Botafogo (RJ);31-263;1992;3.1;3;3;1;2;0;2;4;50.0;2;1;0;1;2;5;1;0;Matches;2024-05-18
420;David Terans;uy URU;MF,FW;Fluminense;29-282;1994;0.6;3;3;1;2;0;2;2;100.0;0;1;0;1;0;3;0;0;Matches;2024-05-18
421;Thaciano;br BRA;FW;Bahia;29-007;1995;5.2;3;3;1;2;0;0;2;0.0;2;3;0;3;2;5;4;0;Matches;2024-05-18
422;Thiaguinho;br BRA;MF;Juventude;27-038;1997;0.5;2;2;0;2;0;0;3;0.0;3;0;0;0;0;2;1;0;Matches;2024-05-18
423;Guilherme Tinga;br BRA;DF;Fortaleza;30-261;1993;4.1;5;4;2;3;0;3;8;37.5;5;3;0;3;8;13;15;0;Matches;2024-05-18
424;Titi;br BRA;DF;Fortaleza;36-068;1988;5.0;5;2;5;0;0;2;9;22.2;7;5;4;1;3;8;15;1;Matches;2024-05-18
425;Félix Torres Caicedo;ec ECU;DF;Corinthians;27-129;1997;6.0;5;1;4;1;0;3;7;42.9;4;7;3;4;14;19;26;0;Matches;2024-05-18
426;Miguel Trauco;pe PER;DF,MF;Criciúma;31-268;1992;1.1;2;1;2;0;0;0;1;0.0;1;2;0;2;0;2;5;0;Matches;2024-05-18
427;Bruno Tubarão;br BRA;DF;Atl Goianiense;29-075;1995;4.0;13;8;6;6;1;5;7;71.4;2;3;0;3;3;16;9;0;Matches;2024-05-18
428;Bruno Uvini;br BRA;DF;Vitória;32-351;1991;3.0;1;1;0;1;0;1;1;100.0;0;3;2;1;5;6;7;0;Matches;2024-05-18
429;Vanderlan;br BRA;DF;Palmeiras;21-255;2002;1.2;3;2;1;2;0;2;3;66.7;1;1;0;1;1;4;3;0;Matches;2024-05-18
430;Guillermo Varela;uy URU;DF;Flamengo;31-056;1993;3.7;3;3;2;0;1;1;2;50.0;1;3;1;2;5;8;7;0;Matches;2024-05-18
431;Eduardo Vargas;cl CHI;FW;Atlético Mineiro;34-181;1989;1.5;0;0;0;0;0;0;1;0.0;1;1;0;1;1;1;3;0;Matches;2024-05-18
432;Pablo Vegetti;ar ARG;FW;Vasco da Gama;35-217;1988;5.8;1;1;0;1;0;1;5;20.0;4;1;0;1;0;1;7;0;Matches;2024-05-18
433;Raphael Veiga;br BRA;MF;Palmeiras;28-335;1995;4.4;7;3;0;7;0;1;5;20.0;4;4;1;3;1;8;1;0;Matches;2024-05-18
434;Fausto Vera;ar ARG;MF;Corinthians;24-054;2000;2.1;1;1;0;1;0;1;4;25.0;3;2;1;1;2;3;0;0;Matches;2024-05-18
435;Gabriel Veron;br BRA;FW,MF;Cruzeiro;21-259;2002;0.9;1;0;0;0;1;0;1;0.0;1;4;0;4;1;2;0;0;Matches;2024-05-18
436;João Victor;br BRA;DF;Vasco da Gama;25-307;1998;2.4;9;8;7;1;1;6;7;85.7;1;4;1;3;2;11;11;0;Matches;2024-05-18
437;Felipe Vieira;;DF;Fluminense;;;1.5;4;2;2;1;1;0;0;;0;1;1;0;2;6;7;0;Matches;2024-05-18
438;Mathías Villasanti;py PAR;MF;Grêmio;27-116;1997;4.0;8;6;4;4;0;2;10;20.0;8;5;0;5;7;15;6;1;Matches;2024-05-18
439;Matías Viña;uy URU;DF;Flamengo;26-192;1997;1.1;1;1;1;0;0;1;1;100.0;0;2;0;2;2;3;4;0;Matches;2024-05-18
440;Alix Vinicius;br BRA;DF;Atl Goianiense;24-195;1999;3.5;4;3;3;1;0;3;3;100.0;0;8;7;1;1;5;31;0;Matches;2024-05-18
441;Mateus Vital;br BRA;MF;Cruzeiro;26-097;1998;0.8;3;2;2;1;0;1;1;100.0;0;1;0;1;0;3;0;0;Matches;2024-05-18
442;Vitão;br BRA;DF;Internacional;24-107;2000;4.0;3;1;3;0;0;3;5;60.0;2;7;4;3;4;7;12;0;Matches;2024-05-18
443;Vitinho;br BRA;FW,MF;Red Bull Bragantino;25-048;1999;4.0;8;6;6;2;0;6;8;75.0;2;7;0;7;2;10;6;0;Matches;2024-05-18
444;Rayan Vitor;br BRA;FW,MF;Vasco da Gama;17-290;2006;1.9;3;2;1;2;0;1;3;33.3;2;3;0;3;2;5;2;0;Matches;2024-05-18
445;Felipe Vizeu;br BRA;FW;Criciúma;27-068;1997;0.3;1;0;1;0;0;0;0;;0;0;0;0;0;1;0;0;Matches;2024-05-18
446;Wagner;br BRA;DF;Vitória;24-301;1999;3.1;4;2;4;0;0;2;4;50.0;2;8;5;3;3;7;15;0;Matches;2024-05-18
447;Walter;br BRA;GK;Cuiabá;36-183;1987;4.0;0;0;0;0;0;0;0;;0;0;0;0;0;0;1;0;Matches;2024-05-18
448;Wanderson;br BRA;FW,MF;Internacional;29-225;1994;2.0;2;2;0;0;2;0;2;0.0;2;2;0;2;1;3;0;0;Matches;2024-05-18
449;Welington;br BRA;DF;São Paulo;23-090;2001;2.6;9;8;3;6;0;6;6;100.0;0;1;1;0;5;14;6;0;Matches;2024-05-18
450;José Welison;br BRA;MF;Fortaleza;29-069;1995;1.7;8;6;4;4;0;2;4;50.0;2;6;1;5;3;11;1;0;Matches;2024-05-18
451;Wesley;br BRA;DF;Flamengo;20-256;2003;1.3;2;2;1;1;0;0;1;0.0;1;3;3;0;2;4;7;0;Matches;2024-05-18
452;Wesley;br BRA;FW,MF;Internacional;25-050;1999;3.4;7;5;3;3;1;4;5;80.0;1;3;0;3;1;8;0;0;Matches;2024-05-18
453;Wéverton;br BRA;GK;Palmeiras;36-158;1987;6.0;0;0;0;0;0;0;0;;0;0;0;0;0;0;1;0;Matches;2024-05-18
454;William;br BRA;DF;Cruzeiro;29-046;1995;5.0;20;9;6;11;3;5;9;55.6;4;8;1;7;7;27;9;0;Matches;2024-05-18
455;Willian;br BRA;MF;Vitória;31-003;1993;4.0;4;3;2;2;0;1;5;20.0;4;8;2;6;4;8;6;0;Matches;2024-05-18
456;Samuel Xavier;br BRA;DF;Fluminense;33-348;1990;2.5;7;6;4;2;1;3;3;100.0;0;4;1;3;1;8;9;0;Matches;2024-05-18
457;Bruno Zapelli;ar ARG;MF,FW;Ath Paranaense;22-002;2002;2.6;3;0;0;3;0;2;9;22.2;7;3;0;3;0;3;3;0;Matches;2024-05-18
458;Federico Zaracho;ar ARG;MF;Atlético Mineiro;26-070;1998;3.1;6;3;1;3;2;0;3;0.0;3;7;0;7;7;13;2;0;Matches;2024-05-18
459;Zeca;br BRA;DF;Vitória;30-003;1994;4.3;10;5;5;3;2;3;8;37.5;5;4;3;1;3;13;8;0;Matches;2024-05-18
