Rk,Player,Nation,Pos,Squad,Age,Born,90s,Touches,Def Pen,Def 3rd,Mid 3rd,Att 3rd,Att Pen,Live,Att,Succ,Succ%,Tkld,Tkld%,Carries,TotDist,PrgDist,PrgC,1/3,CPA,Mis,Dis,Rec,PrgR,Matches,Curr_Date
1,Abner,br BRA,MF,Juventude,20-029,2004,0.1,8,0,1,7,0,0,8,0,0,,0,,6,22,7,0,0,0,0,0,7,0,Matches,2024-05-18
2,Luiz Adriano,br BRA,FW,Vitória,37-036,1987,0.8,20,1,1,13,6,3,20,0,0,,0,,8,26,11,0,0,0,0,1,15,4,Matches,2024-05-18
3,Adson,br BRA,"FW,MF",Vasco da Gama,23-225,2000,1.2,100,1,10,41,51,6,100,3,3,100.0,0,0.0,50,306,152,5,2,2,6,0,66,16,Matches,2024-05-18
4,Lucas Alario,ar ARG,"FW,MF",Internacional,31-223,1992,0.5,11,2,2,6,3,2,11,0,0,,0,,4,23,7,0,0,0,0,1,8,1,Matches,2024-05-18
5,Yuri Alberto,br BRA,FW,Corinthians,23-061,2001,2.4,68,1,3,26,40,15,68,1,0,0.0,1,100.0,43,156,36,3,1,3,12,2,47,17,Matches,2024-05-18
6,Alerrandro,br BRA,FW,Vitória,24-127,2000,3.1,88,6,12,56,21,6,88,3,1,33.3,2,66.7,42,184,77,3,1,0,4,2,50,12,Matches,2024-05-18
7,Caio Alexandre,br BRA,MF,Bahia,25-084,1999,4.9,364,5,73,241,51,0,364,2,1,50.0,1,50.0,228,963,534,3,3,0,6,6,285,2,Matches,2024-05-18
8,Matheus Alexandre,br BRA,DF,Cuiabá,25-041,1999,3.0,152,7,73,57,22,3,152,3,2,66.7,1,33.3,65,271,118,1,1,1,1,2,81,10,Matches,2024-05-18
9,Alexsander,br BRA,MF,Fluminense,20-223,2003,1.6,120,9,30,68,24,2,120,5,3,60.0,1,20.0,51,337,234,7,0,1,4,4,81,3,Matches,2024-05-18
10,Alisson,br BRA,GK,Criciúma,28-345,1995,2.0,61,56,61,0,0,0,61,0,0,,0,,29,102,81,0,0,0,0,0,16,0,Matches,2024-05-18
11,Alisson,br BRA,"DF,MF",Atlético Mineiro,18-240,2005,1.4,81,1,8,29,44,6,81,8,1,12.5,5,62.5,54,332,142,4,4,2,2,3,59,15,Matches,2024-05-18
12,Alisson,br BRA,MF,São Paulo,30-328,1993,5.7,450,15,75,294,83,2,450,8,6,75.0,1,12.5,290,1265,660,5,11,0,3,4,356,10,Matches,2024-05-18
13,Allan,br BRA,MF,Flamengo,27-076,1997,3.8,219,10,47,138,34,1,219,4,1,25.0,2,50.0,126,631,228,2,6,0,3,1,151,5,Matches,2024-05-18
14,Anderson,br BRA,GK,Cruzeiro,26-074,1998,5.0,126,100,126,0,0,0,126,0,0,,0,,76,321,226,0,0,0,0,0,53,0,Matches,2024-05-18
15,Kervin Andrade,ve VEN,MF,Fortaleza,19-035,2005,0.8,36,0,3,15,19,2,36,2,0,0.0,1,50.0,20,79,12,0,0,0,4,2,21,6,Matches,2024-05-18
16,Rodrigo Andrade,br BRA,"MF,FW",Vitória,26-349,1997,2.6,125,3,24,82,21,3,125,3,1,33.3,2,66.7,80,490,249,3,3,1,5,6,92,8,Matches,2024-05-18
17,André,br BRA,"MF,DF",Fluminense,22-307,2001,3.0,269,34,87,156,28,0,269,11,5,45.5,4,36.4,142,622,372,1,1,0,6,3,207,6,Matches,2024-05-18
18,Wilker Ángel,ve VEN,DF,Criciúma,31-061,1993,0.8,35,17,26,9,0,0,35,0,0,,0,,13,38,12,0,0,0,0,0,16,0,Matches,2024-05-18
19,Guilherme Arana,br BRA,DF,Atlético Mineiro,27-034,1997,4.1,365,6,100,145,121,11,365,11,3,27.3,8,72.7,217,880,510,10,6,2,4,0,264,34,Matches,2024-05-18
20,Luiz Araújo,br BRA,"FW,MF",Flamengo,27-351,1996,4.0,166,4,22,71,78,14,166,10,6,60.0,4,40.0,91,577,281,12,8,6,11,3,109,33,Matches,2024-05-18
21,Michel Araujo,uy URU,"DF,MF",São Paulo,27-233,1996,2.7,189,2,30,83,80,10,189,14,9,64.3,4,28.6,116,602,301,10,11,2,6,2,125,19,Matches,2024-05-18
22,Robert Arboleda,ec ECU,DF,São Paulo,32-209,1991,6.0,488,51,242,240,9,6,488,0,0,,0,,295,1120,634,1,3,0,1,0,356,0,Matches,2024-05-18
23,Lucas Arcanjo,br BRA,GK,Vitória,25-284,1998,5.0,138,120,138,0,0,0,138,0,0,,0,,64,448,318,0,0,0,0,0,44,0,Matches,2024-05-18
24,Jhon Arias,co COL,FW,Fluminense,26-240,1997,6.0,346,7,63,149,142,17,346,31,10,32.3,17,54.8,212,1359,684,20,19,3,7,12,271,42,Matches,2024-05-18
25,Santiago Arias,co COL,DF,Bahia,32-126,1992,6.0,369,13,108,172,91,6,369,5,1,20.0,3,60.0,179,773,424,12,5,0,2,3,209,38,Matches,2024-05-18
26,Arthur,br BRA,FW,Cruzeiro,25-320,1998,3.8,131,1,11,32,90,10,131,9,3,33.3,4,44.4,100,547,238,10,2,4,5,8,112,30,Matches,2024-05-18
27,Arthur,br BRA,"FW,MF",Criciúma,31-338,1992,1.0,35,0,3,21,11,1,35,3,1,33.3,2,66.7,21,57,26,0,1,0,5,2,24,2,Matches,2024-05-18
28,Filipe Augusto,br BRA,MF,Cuiabá,30-280,1993,0.2,11,0,2,9,2,0,11,1,1,100.0,0,0.0,4,28,23,1,1,0,1,0,9,1,Matches,2024-05-18
29,Renato Augusto,br BRA,"FW,MF",Fluminense,36-100,1988,0.7,39,1,3,16,20,1,39,0,0,,0,,20,89,31,0,0,0,2,0,29,2,Matches,2024-05-18
30,Gabriel Baralhas,br BRA,MF,Atl Goianiense,25-221,1998,3.6,169,12,34,103,35,3,169,3,1,33.3,2,66.7,79,277,120,2,2,1,5,5,95,7,Matches,2024-05-18
31,Danilo Barbosa,br BRA,MF,Botafogo (RJ),28-080,1996,3.5,215,18,65,125,25,5,215,2,2,100.0,0,0.0,116,472,233,4,2,1,7,6,149,3,Matches,2024-05-18
32,Diogo Barbosa,br BRA,DF,Fluminense,31-275,1992,1.7,84,2,25,44,16,0,84,5,4,80.0,1,20.0,37,285,127,2,2,0,1,1,58,5,Matches,2024-05-18
33,Gabriel Barbosa,br BRA,FW,Flamengo,27-262,1996,0.5,7,0,1,4,2,1,7,0,0,,0,,5,19,6,0,0,0,2,0,6,2,Matches,2024-05-18
34,Lucas Barbosa,br BRA,"MF,FW",Juventude,23-086,2001,3.3,178,3,21,82,75,10,178,9,3,33.3,5,55.6,87,563,193,6,5,0,6,3,122,21,Matches,2024-05-18
35,Alexander Barboza,ar ARG,"DF,FW",Botafogo (RJ),29-063,1995,1.4,97,13,40,53,5,2,97,0,0,,0,,58,231,111,1,0,0,1,0,62,2,Matches,2024-05-18
36,Mateo Barcia,uy URU,MF,Criciúma,23-089,2001,0.1,5,1,4,0,1,0,5,1,1,100.0,0,0.0,1,3,0,0,0,0,2,0,0,0,Matches,2024-05-18
37,Álvaro Barreal,ar ARG,"MF,FW",Cruzeiro,23-275,2000,2.2,136,3,25,48,63,8,136,8,3,37.5,5,62.5,81,306,121,2,2,1,4,4,89,21,Matches,2024-05-18
38,Barreto,br BRA,MF,Criciúma,28-160,1995,2.9,129,9,42,67,20,0,129,4,2,50.0,2,50.0,56,286,122,1,3,0,3,1,73,3,Matches,2024-05-18
39,Gabriel Barros,br BRA,"FW,MF",Atl Goianiense,22-206,2001,0.9,30,0,4,18,9,0,30,3,3,100.0,0,0.0,18,121,30,0,0,0,3,1,19,4,Matches,2024-05-18
40,Bastos,ao ANG,DF,Botafogo (RJ),33-052,1991,5.4,373,54,171,199,7,3,373,0,0,,0,,231,804,345,1,0,0,3,0,267,0,Matches,2024-05-18
41,Rodrigo Battaglia,ar ARG,DF,Atlético Mineiro,32-311,1991,2.4,161,18,87,66,8,3,161,1,1,100.0,0,0.0,83,499,201,0,0,0,0,0,101,0,Matches,2024-05-18
42,José Luis Rodríguez Bebanz,uy URU,FW,Vasco da Gama,27-065,1997,0.0,4,0,0,1,3,0,4,0,0,,0,,1,2,1,0,0,0,0,0,2,1,Matches,2024-05-18
43,Ramiro Benetti,br BRA,MF,Cruzeiro,30-362,1993,2.4,136,2,19,88,29,6,136,0,0,,0,,65,201,94,0,2,0,5,2,90,9,Matches,2024-05-18
44,Bento,br BRA,GK,Ath Paranaense,24-343,1999,6.0,155,134,154,1,0,0,155,0,0,,0,,83,454,253,0,0,0,0,0,65,0,Matches,2024-05-18
45,Raul Bicalho,br BRA,DF,Corinthians,25-024,1999,1.0,71,4,39,27,5,1,71,3,2,66.7,1,33.3,37,130,62,1,0,0,1,0,47,2,Matches,2024-05-18
46,Matheus Bidu,br BRA,DF,Corinthians,25-014,1999,0.2,15,3,6,8,1,0,15,0,0,,0,,10,58,39,1,0,0,0,1,8,0,Matches,2024-05-18
47,Biel,br BRA,"FW,MF",Bahia,23-047,2001,1.6,67,2,7,28,33,9,67,5,3,60.0,2,40.0,38,289,153,6,5,2,3,1,44,19,Matches,2024-05-18
48,Guilherme Biro,br BRA,MF,Corinthians,20-028,2004,0.1,10,0,0,4,6,0,10,0,0,,0,,8,50,25,0,1,0,0,0,9,1,Matches,2024-05-18
49,Damián Bobadilla,py PAR,MF,São Paulo,22-312,2001,2.1,125,1,22,76,27,6,125,1,0,0.0,1,100.0,69,261,124,2,3,1,0,1,92,2,Matches,2024-05-18
50,Yannick Bolasie,cd COD,FW,Criciúma,34-360,1989,1.9,61,1,1,24,38,9,61,9,4,44.4,5,55.6,43,265,172,8,3,7,6,4,57,18,Matches,2024-05-18
51,Thiago Borbas,uy URU,FW,Red Bull Bragantino,22-041,2002,2.2,64,8,14,22,29,12,64,0,0,,0,,24,75,23,0,1,0,8,3,34,11,Matches,2024-05-18
52,Marllon Borges,br BRA,DF,Cuiabá,32-032,1992,4.0,210,24,109,93,9,5,210,0,0,,0,,88,389,223,2,0,0,1,0,120,1,Matches,2024-05-18
53,Pedro Borges,br BRA,MF,Fortaleza,27-076,1997,2.4,131,5,33,86,13,1,131,4,2,50.0,0,0.0,44,236,81,0,1,0,3,0,60,3,Matches,2024-05-18
54,Rafael Borré,co COL,FW,Internacional,28-246,1995,4.0,120,4,8,41,72,24,119,5,2,40.0,3,60.0,58,231,78,3,1,2,10,4,85,26,Matches,2024-05-18
55,Danilo Boza,br BRA,DF,Juventude,26-012,1998,3.0,207,34,110,86,13,9,207,2,1,50.0,0,0.0,127,660,435,2,0,0,1,0,144,2,Matches,2024-05-18
56,Breno,br BRA,FW,Fortaleza,28-115,1996,2.1,74,0,11,38,28,7,74,14,8,57.1,4,28.6,38,372,179,7,3,5,5,4,55,12,Matches,2024-05-18
57,Breno,br BRA,MF,Corinthians,19-088,2005,2.9,138,4,21,93,24,2,138,3,1,33.3,2,66.7,74,317,144,1,1,0,3,1,90,6,Matches,2024-05-18
58,Emanuel Brítez,ar ARG,DF,Fortaleza,32-053,1992,4.0,148,23,79,64,5,3,148,1,1,100.0,0,0.0,52,387,209,1,0,0,0,3,58,0,Matches,2024-05-18
59,Bruninho,br BRA,"FW,MF",Red Bull Bragantino,21-065,2003,0.9,39,0,4,19,17,2,39,2,1,50.0,1,50.0,21,86,30,0,2,0,1,1,28,7,Matches,2024-05-18
60,Fabrício Bruno,br BRA,DF,Flamengo,28-096,1996,5.0,351,49,186,159,8,6,351,1,1,100.0,0,0.0,194,831,391,0,0,0,2,0,248,0,Matches,2024-05-18
61,Fabricio Bustos,ar ARG,"DF,MF",Internacional,28-020,1996,3.2,241,9,52,99,91,3,241,2,2,100.0,0,0.0,130,512,174,2,6,1,8,1,156,23,Matches,2024-05-18
62,Rafael Cabral,br BRA,GK,Grêmio,33-364,1990,1.0,23,20,23,0,0,0,23,0,0,,0,,11,89,65,0,0,0,0,0,6,0,Matches,2024-05-18
63,Cacá,br BRA,DF,Corinthians,25-023,1999,2.8,166,26,91,69,7,4,166,2,1,50.0,0,0.0,101,427,209,1,0,0,0,2,119,0,Matches,2024-05-18
64,Jonathan Cafu,br BRA,"MF,FW",Cuiabá,32-313,1991,1.1,45,1,6,22,21,5,45,7,3,42.9,4,57.1,30,202,111,3,4,0,5,4,34,9,Matches,2024-05-18
65,Jonathan Calleri,ar ARG,FW,São Paulo,30-238,1993,4.4,115,5,10,50,55,21,115,2,2,100.0,0,0.0,55,202,53,2,2,1,7,9,93,20,Matches,2024-05-18
66,Patric Calmon PK,br BRA,DF,Vitória,29-318,1994,1.5,93,8,28,40,27,4,93,5,2,40.0,3,60.0,46,230,109,4,0,3,2,0,44,12,Matches,2024-05-18
67,Camutanga,br BRA,DF,Vitória,30-234,1993,2.0,100,19,52,46,2,0,100,0,0,,0,,47,200,112,0,0,0,0,0,50,0,Matches,2024-05-18
68,Yerson Candelo,co COL,DF,Criciúma,32-084,1992,0.3,28,0,14,7,7,0,28,0,0,,0,,14,25,9,0,1,0,0,0,13,3,Matches,2024-05-18
69,Luan Cândido,br BRA,DF,Red Bull Bragantino,23-106,2001,6.0,290,46,107,143,43,9,290,2,0,0.0,2,100.0,101,469,202,1,2,0,7,0,116,6,Matches,2024-05-18
70,Germán Cano,ar ARG,"FW,MF",Fluminense,36-106,1988,4.6,129,10,28,60,45,16,129,8,2,25.0,4,50.0,54,275,84,1,2,1,7,2,79,9,Matches,2024-05-18
71,Agustín Canobbio,uy URU,"FW,MF",Ath Paranaense,25-230,1998,3.3,135,0,7,58,72,12,135,6,1,16.7,2,33.3,85,516,250,11,5,3,13,6,89,26,Matches,2024-05-18
72,Juninho Capixaba,br BRA,"DF,MF",Red Bull Bragantino,26-317,1997,3.8,219,18,61,112,48,9,219,4,1,25.0,3,75.0,89,469,227,2,5,0,2,4,91,5,Matches,2024-05-18
73,Carlinhos,br BRA,"FW,DF",Flamengo,27-096,1997,0.7,18,1,2,8,8,3,18,0,0,,0,,4,16,0,0,0,0,2,1,11,2,Matches,2024-05-18
74,Antonio Carlos,br BRA,DF,Fluminense,31-072,1993,1.5,98,21,52,46,1,1,98,1,1,100.0,0,0.0,43,245,112,0,0,0,1,0,62,0,Matches,2024-05-18
75,Jean Carlos Vicente,br BRA,"FW,MF",Juventude,32-093,1992,2.3,114,0,11,64,39,3,114,1,1,100.0,0,0.0,56,364,125,6,2,1,4,1,75,8,Matches,2024-05-18
76,Cássio,br BRA,GK,Corinthians,36-347,1987,3.0,91,75,91,0,0,0,91,0,0,,0,,51,289,187,0,0,0,0,0,36,0,Matches,2024-05-18
77,Iury de Castilho,br BRA,"FW,MF",Vitória,28-255,1995,0.8,38,2,6,12,22,4,38,7,4,57.1,3,42.9,28,211,133,5,5,0,0,3,32,8,Matches,2024-05-18
78,Murilo Cerqueira,br BRA,DF,Palmeiras,27-052,1997,4.8,261,26,117,134,12,6,261,1,1,100.0,0,0.0,140,698,317,4,2,0,2,2,165,1,Matches,2024-05-18
79,Reynaldo Cesar Moraes,br BRA,DF,Vitória,27-136,1997,1.9,78,13,56,23,0,0,78,0,0,,0,,36,203,105,1,0,0,0,0,44,0,Matches,2024-05-18
80,Christian,br BRA,"FW,MF",Ath Paranaense,23-151,2000,1.2,61,0,7,32,23,2,61,4,2,50.0,1,25.0,30,123,21,0,1,0,4,0,40,5,Matches,2024-05-18
81,Eliel Chrystian,br BRA,MF,Cuiabá,21-113,2003,0.5,11,0,0,6,5,2,11,1,0,0.0,0,0.0,7,49,37,1,0,0,2,1,12,1,Matches,2024-05-18
82,Cicinho,bg BUL,MF,Bahia,35-144,1988,0.0,1,0,0,0,1,0,1,0,0,,0,,0,0,0,0,0,0,0,0,0,0,Matches,2024-05-18
83,José Cifuentes,ec ECU,MF,Cruzeiro,25-067,1999,0.8,50,2,8,25,18,0,50,0,0,,0,,32,122,58,2,4,0,3,0,34,8,Matches,2024-05-18
84,Claudinho,br BRA,DF,Criciúma,23-237,2000,2.7,190,14,71,77,43,2,190,4,2,50.0,2,50.0,97,430,184,4,4,0,4,2,112,9,Matches,2024-05-18
85,Clayson,br BRA,MF,Cuiabá,29-060,1995,2.0,65,0,10,35,22,1,65,5,0,0.0,3,60.0,40,233,53,1,2,0,7,3,47,10,Matches,2024-05-18
86,Clayton,br BRA,FW,Vasco da Gama,25-128,1999,0.6,27,2,3,5,20,10,27,0,0,,0,,10,28,10,1,0,1,1,4,17,5,Matches,2024-05-18
87,Mateus Cocão,br BRA,MF,Vasco da Gama,22-061,2002,3.2,235,4,44,146,50,7,235,7,6,85.7,1,14.3,127,477,165,3,5,0,3,8,167,6,Matches,2024-05-18
88,Igor Coronado,br BRA,"MF,FW",Corinthians,31-274,1992,2.0,129,3,16,67,47,5,129,7,4,57.1,3,42.9,78,443,244,8,9,0,8,4,98,10,Matches,2024-05-18
89,Diego Costa,es ESP,FW,Grêmio,35-224,1988,1.3,38,2,3,18,18,6,38,3,0,0.0,3,100.0,21,117,41,1,1,0,2,6,25,6,Matches,2024-05-18
90,Douglas Costa,br BRA,FW,Fluminense,33-247,1990,1.8,132,1,12,50,74,5,132,17,12,70.6,5,29.4,80,625,287,7,8,3,1,4,93,16,Matches,2024-05-18
91,Franco Cristaldo,ar ARG,MF,Grêmio,27-277,1996,3.1,187,2,11,90,87,4,187,2,0,0.0,2,100.0,90,476,254,5,4,0,6,2,137,15,Matches,2024-05-18
92,Alejo Cruz,uy URU,MF,Atl Goianiense,23-260,2000,1.7,67,2,8,32,28,3,67,2,0,0.0,1,50.0,40,219,118,2,3,1,7,0,41,16,Matches,2024-05-18
93,Tomás Cuello,ar ARG,"FW,MF",Ath Paranaense,24-074,2000,3.8,179,2,21,74,90,15,179,18,10,55.6,7,38.9,113,736,386,11,8,3,5,3,114,26,Matches,2024-05-18
94,Víctor Cuesta,ar ARG,DF,Bahia,35-181,1988,2.7,138,18,60,70,9,1,138,0,0,,0,,70,326,122,0,1,0,3,0,84,1,Matches,2024-05-18
95,Cuiabano,br BRA,DF,Grêmio,21-092,2003,1.8,125,7,45,62,20,2,125,0,0,,0,,49,278,129,0,1,0,1,3,64,5,Matches,2024-05-18
96,Cuiabano,br BRA,DF,Botafogo (RJ),21-092,2003,1.5,95,5,20,39,38,2,95,3,2,66.7,1,33.3,55,290,165,4,2,0,1,0,53,25,Matches,2024-05-18
97,Lucas Cunha,br BRA,DF,Red Bull Bragantino,27-116,1997,0.3,13,7,8,5,0,0,13,0,0,,0,,0,0,0,0,0,0,0,0,1,0,Matches,2024-05-18
98,Danielzinho,br BRA,MF,Atl Goianiense,28-128,1996,0.2,23,1,5,14,5,0,23,1,1,100.0,0,0.0,8,53,31,0,0,0,0,0,15,0,Matches,2024-05-18
99,David,br BRA,FW,Vasco da Gama,28-214,1995,5.7,217,6,26,89,107,20,217,19,12,63.2,7,36.8,140,903,454,17,12,8,17,7,157,48,Matches,2024-05-18
100,Giorgian De Arrascaeta,uy URU,MF,Flamengo,29-352,1994,2.8,132,2,13,60,59,7,132,5,3,60.0,2,40.0,72,385,146,3,2,2,5,4,106,21,Matches,2024-05-18
101,Nicolás De La Cruz,uy URU,MF,Flamengo,26-352,1997,5.0,369,8,37,214,124,13,369,10,6,60.0,2,20.0,195,1163,645,8,14,2,7,4,239,14,Matches,2024-05-18
102,Denilson,br BRA,MF,Cuiabá,23-056,2001,2.5,119,4,23,76,22,1,119,7,7,100.0,0,0.0,66,365,125,1,2,0,3,1,78,4,Matches,2024-05-18
103,Derek,br BRA,FW,Atl Goianiense,26-168,1997,1.5,55,1,5,23,29,10,55,4,1,25.0,3,75.0,28,147,43,1,3,1,10,1,32,5,Matches,2024-05-18
104,Deyverson,br BRA,FW,Cuiabá,33-010,1991,0.8,25,1,5,16,5,1,25,1,1,100.0,0,0.0,10,40,4,0,0,0,4,1,14,1,Matches,2024-05-18
105,Matheus Dias,br BRA,DF,Internacional,27-101,1997,0.1,12,0,0,5,7,0,12,0,0,,0,,7,55,36,1,1,0,1,0,7,1,Matches,2024-05-18
106,Diego,br BRA,DF,São Paulo,24-302,1999,5.0,423,31,145,257,22,5,423,2,1,50.0,0,0.0,244,1036,530,4,3,0,3,1,300,1,Matches,2024-05-18
107,Dodi,br BRA,MF,Grêmio,28-031,1996,2.0,87,3,20,64,4,0,87,7,3,42.9,4,57.1,47,344,131,2,1,0,6,4,42,1,Matches,2024-05-18
108,Dudu,br BRA,MF,Vitória,24-348,1999,2.3,159,6,40,100,24,1,159,9,5,55.6,4,44.4,84,524,262,2,3,1,4,4,96,3,Matches,2024-05-18
109,Edenílson,br BRA,FW,Grêmio,34-152,1989,0.5,23,0,5,15,3,1,23,0,0,,0,,17,73,40,1,2,0,0,0,19,2,Matches,2024-05-18
110,Éder,it ITA,FW,Criciúma,37-185,1986,1.0,37,0,4,19,14,1,37,0,0,,0,,24,122,38,1,1,0,2,2,31,8,Matches,2024-05-18
111,Carlos Eduardo,br BRA,FW,Atlético Mineiro,19-360,2004,0.1,13,0,0,4,9,3,13,2,2,100.0,0,0.0,8,69,19,0,1,0,1,0,10,2,Matches,2024-05-18
112,Carlos Eduardo,br BRA,FW,Botafogo (RJ),34-214,1989,1.0,37,1,2,29,6,0,37,2,0,0.0,2,100.0,25,97,63,2,1,0,1,1,29,1,Matches,2024-05-18
113,Kauã Elias,br BRA,"MF,FW",Fluminense,18-051,2006,1.0,41,1,5,21,15,1,41,6,2,33.3,4,66.7,18,75,24,0,3,0,4,4,25,4,Matches,2024-05-18
114,Rafael Elias,br BRA,FW,Cruzeiro,25-036,1999,1.1,36,2,5,10,21,7,36,1,0,0.0,1,100.0,26,106,20,0,2,0,3,2,27,9,Matches,2024-05-18
115,Eliédson,br BRA,MF,Criciúma,21-062,2003,0.0,3,1,1,2,1,0,3,0,0,,0,,1,15,0,0,0,0,0,0,0,0,Matches,2024-05-18
116,Rodrigo Ely,br BRA,DF,Grêmio,30-197,1993,3.0,197,31,81,115,1,1,197,1,0,0.0,1,100.0,91,422,211,0,0,0,0,0,132,0,Matches,2024-05-18
117,Alan Empereur,br BRA,DF,Cuiabá,30-069,1994,2.9,175,23,102,71,3,0,175,0,0,,0,,115,578,340,1,2,0,1,0,132,2,Matches,2024-05-18
118,Endrick,br BRA,"FW,MF",Palmeiras,17-302,2006,5.0,173,1,10,86,84,13,173,22,9,40.9,11,50.0,120,813,368,11,13,3,14,8,128,29,Matches,2024-05-18
119,Erick,br BRA,MF,Ath Paranaense,26-186,1997,5.9,342,15,64,235,49,11,342,4,4,100.0,0,0.0,193,965,462,7,4,2,6,8,229,8,Matches,2024-05-18
120,Erick,br BRA,"DF,MF",São Paulo,26-160,1997,1.4,82,1,8,29,46,3,82,11,3,27.3,8,72.7,52,343,129,4,3,0,3,4,56,16,Matches,2024-05-18
121,Erick,br BRA,FW,Juventude,27-136,1997,3.1,76,2,5,30,41,5,76,5,2,40.0,2,40.0,34,189,67,3,0,0,2,1,52,23,Matches,2024-05-18
122,Lucas Esquivel,ar ARG,DF,Ath Paranaense,22-217,2001,5.7,369,21,113,162,95,6,369,14,7,50.0,5,35.7,213,1083,512,8,6,0,4,5,226,22,Matches,2024-05-18
123,Estevão,br BRA,"FW,DF",Palmeiras,18-024,2006,2.8,119,0,12,51,61,10,118,19,9,47.4,9,47.4,78,590,341,9,5,4,8,10,76,27,Matches,2024-05-18
124,Lucas Esteves,br BRA,DF,Vitória,23-329,2000,3.4,211,17,71,101,40,4,211,3,1,33.3,2,66.7,98,401,222,6,2,1,1,2,127,11,Matches,2024-05-18
125,Oscar Estupiñan,co COL,FW,Bahia,27-141,1996,0.6,17,1,1,10,6,1,17,1,0,0.0,1,100.0,6,34,3,0,1,0,2,1,12,2,Matches,2024-05-18
126,Lucas Evangelista,br BRA,MF,Red Bull Bragantino,29-012,1995,0.8,41,1,5,23,13,3,41,0,0,,0,,15,79,48,1,1,0,2,0,24,0,Matches,2024-05-18
127,Éverson,br BRA,GK,Atlético Mineiro,33-301,1990,5.0,170,146,168,2,0,0,170,0,0,,0,,96,397,192,0,0,0,0,0,106,0,Matches,2024-05-18
128,Everton,br BRA,FW,Grêmio,27-062,1997,0.4,16,0,2,11,4,0,16,0,0,,0,,10,59,45,2,0,0,2,0,12,3,Matches,2024-05-18
129,Bruno Fabiano Alves,br BRA,DF,Cuiabá,33-032,1991,2.2,104,12,48,52,4,3,104,0,0,,0,,48,219,127,0,1,0,1,0,76,1,Matches,2024-05-18
130,Fabinho,br BRA,MF,Palmeiras,22-039,2002,0.4,32,3,6,18,8,1,32,0,0,,0,,18,69,38,0,0,0,0,1,20,2,Matches,2024-05-18
131,Fábio,br BRA,GK,Fluminense,43-231,1980,6.0,197,177,197,0,0,0,197,0,0,,0,,93,410,165,0,0,0,1,0,80,0,Matches,2024-05-18
132,Fábio,br BRA,DF,Grêmio,33-314,1990,2.3,133,5,28,77,31,1,133,3,3,100.0,0,0.0,51,352,219,4,3,0,2,1,81,6,Matches,2024-05-18
133,Fagner,br BRA,"DF,MF",Corinthians,34-342,1989,4.3,241,8,64,123,55,0,241,3,2,66.7,1,33.3,108,482,328,5,3,0,1,0,138,9,Matches,2024-05-18
134,Rodrigo Fagundes,br BRA,DF,Criciúma,37-069,1987,3.0,187,36,116,68,3,1,187,1,1,100.0,0,0.0,97,430,234,0,1,0,0,0,106,0,Matches,2024-05-18
135,Luiz Felipe,br BRA,"DF,MF",Atl Goianiense,30-252,1993,2.1,96,12,41,52,3,2,96,0,0,,0,,49,199,108,0,0,0,1,0,55,0,Matches,2024-05-18
136,Marcos Felipe,br BRA,GK,Bahia,28-035,1996,6.0,249,187,248,1,0,0,249,0,0,,0,,151,647,429,0,0,0,0,0,129,0,Matches,2024-05-18
137,Lucas Fernandes,br BRA,MF,Cuiabá,26-241,1997,1.5,101,0,15,62,25,1,101,2,1,50.0,1,50.0,64,377,106,2,2,1,2,5,81,5,Matches,2024-05-18
138,Matheus Fernandes,br BRA,MF,Red Bull Bragantino,25-323,1998,0.4,22,0,1,20,1,0,22,0,0,,0,,12,60,29,0,0,0,0,1,12,0,Matches,2024-05-18
139,Nathan Fernandes,br BRA,"FW,MF",Grêmio,19-092,2005,1.3,64,1,6,23,37,5,64,9,5,55.6,4,44.4,35,373,142,6,6,4,4,6,47,16,Matches,2024-05-18
140,Gatito Fernández,py PAR,GK,Botafogo (RJ),36-050,1988,3.0,101,85,101,0,0,0,101,0,0,,0,,51,222,135,0,0,0,0,0,55,0,Matches,2024-05-18
141,Fernandinho,br BRA,MF,Ath Paranaense,39-014,1985,5.7,386,6,51,236,106,5,386,9,3,33.3,3,33.3,234,1129,637,10,17,0,8,6,280,18,Matches,2024-05-18
142,Fernando,br BRA,DF,Ath Paranaense,24-247,1999,0.2,7,1,3,4,0,0,7,0,0,,0,,1,1,1,0,0,0,0,0,1,0,Matches,2024-05-18
143,Fernando,br BRA,"MF,DF",Internacional,36-298,1987,1.1,103,5,32,61,11,2,103,0,0,,0,,57,333,204,3,2,0,2,0,65,2,Matches,2024-05-18
144,Luiz Fernando,br BRA,"FW,MF",Atl Goianiense,27-215,1996,4.9,163,9,35,69,64,8,163,11,4,36.4,7,63.6,104,841,436,13,10,2,9,7,111,35,Matches,2024-05-18
145,Nahuel Ferraresi,ve VEN,DF,São Paulo,25-181,1998,1.8,165,11,62,90,14,4,165,2,1,50.0,1,50.0,97,364,188,1,2,0,1,0,114,2,Matches,2024-05-18
146,Ferreira,br BRA,"MF,FW",São Paulo,26-139,1997,1.2,59,0,5,29,27,10,59,1,0,0.0,1,100.0,39,282,187,9,6,5,2,0,46,9,Matches,2024-05-18
147,Filipinho,br BRA,"MF,FW",Ath Paranaense,22-213,2001,0.6,30,1,3,18,9,0,30,2,1,50.0,0,0.0,14,69,29,0,0,0,0,2,18,1,Matches,2024-05-18
148,Alan Franco,ec ECU,MF,Atlético Mineiro,25-271,1998,4.0,214,6,39,109,67,5,214,1,1,100.0,0,0.0,110,364,138,2,4,1,5,2,140,17,Matches,2024-05-18
149,Alan Franco,ar ARG,DF,São Paulo,27-220,1996,3.5,266,19,114,142,13,3,266,1,1,100.0,0,0.0,173,744,366,4,4,0,1,0,199,0,Matches,2024-05-18
150,Lucas Freitas,br BRA,DF,Juventude,23-119,2001,0.4,19,5,15,4,0,0,19,0,0,,0,,8,70,15,0,0,0,1,0,12,0,Matches,2024-05-18
151,Marlon Freitas,br BRA,MF,Botafogo (RJ),29-052,1995,3.5,287,12,66,187,34,0,287,0,0,,0,,176,855,469,5,4,0,0,1,216,4,Matches,2024-05-18
152,Bruno Fuchs,br BRA,DF,Atlético Mineiro,25-047,1999,0.9,77,5,27,46,5,0,77,0,0,,0,,58,279,149,0,0,0,1,1,58,0,Matches,2024-05-18
153,Gabriel,br BRA,DF,Bahia,23-012,2001,5.0,354,47,190,157,8,5,354,0,0,,0,,191,734,448,0,0,0,0,2,233,1,Matches,2024-05-18
154,Gabriel,br BRA,GK,Juventude,31-234,1992,4.0,139,125,139,0,0,0,139,0,0,,0,,79,262,151,0,0,0,0,0,64,0,Matches,2024-05-18
155,Marquinhos Gabriel,br BRA,MF,Criciúma,33-302,1990,2.6,129,3,28,63,40,3,129,12,7,58.3,5,41.7,84,338,84,2,2,1,8,11,93,12,Matches,2024-05-18
156,Zé Gabriel,br BRA,MF,Vasco da Gama,25-118,1999,0.7,58,3,14,42,5,1,58,3,1,33.3,2,66.7,32,162,68,1,3,0,1,1,34,0,Matches,2024-05-18
157,Pablo Galdames Millán,cl CHI,MF,Vasco da Gama,27-140,1996,4.6,279,5,55,160,68,5,279,1,0,0.0,1,100.0,139,677,320,5,5,0,1,3,202,10,Matches,2024-05-18
158,Giuliano Galoppo,ar ARG,MF,São Paulo,24-335,1999,1.7,94,1,7,38,49,14,94,3,1,33.3,2,66.7,56,348,147,7,4,3,5,1,70,12,Matches,2024-05-18
159,Léo Gamalho,br BRA,FW,Vitória,38-109,1986,0.2,10,0,0,7,3,0,10,0,0,,0,,7,31,20,1,0,0,0,0,8,1,Matches,2024-05-18
160,Mateo Gamarra,py PAR,DF,Ath Paranaense,23-211,2000,3.0,149,18,70,69,11,5,149,1,1,100.0,0,0.0,75,439,268,3,0,1,0,2,79,0,Matches,2024-05-18
161,Ganso,br BRA,MF,Fluminense,34-219,1989,4.0,273,2,64,145,69,1,273,2,2,100.0,0,0.0,139,475,281,4,4,0,7,1,211,5,Matches,2024-05-18
162,Luan Garcia,br BRA,DF,Palmeiras,31-008,1993,2.6,105,13,54,50,1,0,105,2,1,50.0,1,50.0,59,467,279,1,1,0,1,0,70,0,Matches,2024-05-18
163,Rodrigo Garro,ar ARG,MF,Corinthians,26-135,1998,5.7,376,2,44,214,123,10,376,10,4,40.0,5,50.0,202,900,423,9,7,1,6,11,246,18,Matches,2024-05-18
164,Pedro Geromel,br BRA,DF,Grêmio,38-240,1985,1.0,67,11,42,25,0,0,67,0,0,,0,,26,77,37,0,0,0,1,0,37,0,Matches,2024-05-18
165,Gerson,br BRA,"FW,MF",Flamengo,26-364,1997,3.0,197,5,27,87,84,18,197,11,4,36.4,4,36.4,117,593,262,7,2,6,3,2,144,29,Matches,2024-05-18
166,Gilberto,br BRA,FW,Juventude,34-348,1989,0.2,5,0,0,3,2,1,5,0,0,,0,,0,0,0,0,0,0,0,0,1,0,Matches,2024-05-18
167,Luciano Giménez,ar ARG,FW,Cuiabá,24-090,2000,0.6,14,1,2,8,4,1,14,1,1,100.0,0,0.0,8,25,0,0,0,0,2,0,9,2,Matches,2024-05-18
168,Giovane,br BRA,DF,Corinthians,20-176,2003,0.1,6,0,0,3,3,0,6,1,1,100.0,0,0.0,6,64,22,0,0,0,1,1,6,1,Matches,2024-05-18
169,Leonardo Godoy,ar ARG,DF,Ath Paranaense,29-020,1995,4.5,240,6,56,93,92,9,240,5,2,40.0,3,60.0,130,461,261,6,6,2,2,3,153,29,Matches,2024-05-18
170,Bruno Gomes,br BRA,MF,Internacional,23-044,2001,0.6,61,0,9,30,22,1,61,2,1,50.0,0,0.0,37,180,105,3,0,0,0,2,42,2,Matches,2024-05-18
171,Igor Gomes,br BRA,MF,Atlético Mineiro,25-062,1999,2.2,151,1,23,77,53,8,151,9,4,44.4,4,44.4,89,448,251,5,3,1,2,1,116,15,Matches,2024-05-18
172,Igor Gomes,br BRA,DF,Internacional,23-073,2001,0.0,2,2,2,0,0,0,2,0,0,,0,,0,0,0,0,0,0,0,0,0,0,Matches,2024-05-18
173,William Gomes,br BRA,DF,São Paulo,18-064,2006,0.3,23,0,4,9,12,3,23,1,1,100.0,0,0.0,12,113,87,5,1,1,2,0,12,3,Matches,2024-05-18
174,Gustavo Gómez,py PAR,DF,Palmeiras,31-012,1993,5.0,284,21,119,149,17,13,284,0,0,,0,,156,975,608,1,0,0,1,0,177,2,Matches,2024-05-18
175,Mateus Gonçalves Martins,br BRA,"MF,FW",Vitória,29-233,1994,2.3,78,1,9,43,29,3,78,6,4,66.7,2,33.3,56,479,221,6,4,2,4,7,59,15,Matches,2024-05-18
176,Yony González,co COL,"MF,FW",Atl Goianiense,29-312,1994,1.1,37,2,11,9,17,2,37,2,1,50.0,1,50.0,24,141,64,1,3,0,3,1,26,11,Matches,2024-05-18
177,Gregore,br BRA,MF,Botafogo (RJ),30-077,1994,3.2,225,19,67,151,8,0,225,1,1,100.0,0,0.0,143,622,282,1,3,0,2,7,143,3,Matches,2024-05-18
178,Guga,br BRA,DF,Fluminense,25-263,1998,0.6,50,7,27,19,5,0,50,1,1,100.0,0,0.0,18,107,59,3,0,0,0,0,27,1,Matches,2024-05-18
179,Guilherme,br BRA,DF,Red Bull Bragantino,22-094,2002,1.2,64,8,23,30,12,0,64,0,0,,0,,24,155,70,1,1,0,0,1,26,0,Matches,2024-05-18
180,Luis Guilherme,br BRA,"FW,DF",Palmeiras,18-099,2006,1.5,78,1,5,28,45,5,78,8,6,75.0,2,25.0,55,528,293,10,9,3,3,1,65,15,Matches,2024-05-18
181,Zé Guilherme,br BRA,DF,Grêmio,19-063,2005,0.9,91,1,20,55,16,1,91,5,2,40.0,3,60.0,28,181,79,2,0,1,3,2,51,7,Matches,2024-05-18
182,Gustavinho,br BRA,MF,Red Bull Bragantino,20-025,2004,4.3,193,3,25,88,85,4,193,16,9,56.3,7,43.8,86,453,153,3,4,0,9,6,102,7,Matches,2024-05-18
183,Gustavo,br BRA,GK,Criciúma,31-069,1993,1.0,33,30,33,0,0,0,33,0,0,,0,,7,47,33,0,0,0,0,0,10,0,Matches,2024-05-18
184,Lucas Halter,br BRA,DF,Botafogo (RJ),24-016,2000,4.8,303,50,151,148,5,4,303,0,0,,0,,176,629,343,0,1,0,2,0,230,0,Matches,2024-05-18
185,Thiago Heleno,br BRA,DF,Ath Paranaense,35-244,1988,3.0,183,31,94,86,3,1,183,0,0,,0,,103,469,200,0,1,0,0,0,129,0,Matches,2024-05-18
186,Helinho,br BRA,FW,Red Bull Bragantino,24-023,2000,1.2,71,2,8,34,33,3,71,5,5,100.0,0,0.0,30,288,156,5,2,2,4,0,37,8,Matches,2024-05-18
187,Bruno Henrique,br BRA,FW,Flamengo,33-140,1990,4.3,169,4,22,70,81,19,169,10,7,70.0,2,20.0,105,786,500,19,13,6,7,2,121,32,Matches,2024-05-18
188,Bruno Henrique,br BRA,MF,Internacional,34-210,1989,2.6,153,3,18,96,40,0,153,3,1,33.3,2,66.7,81,309,147,1,1,0,7,2,94,4,Matches,2024-05-18
189,Gustavo Henrique,br BRA,DF,Corinthians,31-055,1993,2.8,144,17,70,69,5,5,144,0,0,,0,,72,256,90,0,0,0,1,1,94,0,Matches,2024-05-18
190,Luiz Henrique,br BRA,"MF,FW",Botafogo (RJ),23-137,2001,3.6,130,5,22,60,50,11,130,8,3,37.5,5,62.5,80,462,168,6,6,3,9,9,98,24,Matches,2024-05-18
191,Paulo Henrique,br BRA,DF,Vasco da Gama,27-298,1996,5.0,293,23,88,134,76,5,293,13,6,46.2,7,53.8,143,836,524,13,10,2,5,4,169,19,Matches,2024-05-18
192,Pedro Henrique,br BRA,FW,Corinthians,33-337,1990,0.8,29,2,4,13,12,2,29,0,0,,0,,16,98,45,2,2,0,0,0,18,3,Matches,2024-05-18
193,Pedro Henrique,br BRA,DF,Red Bull Bragantino,28-229,1995,3.0,175,28,67,104,4,1,175,0,0,,0,,106,505,377,1,1,0,1,0,121,0,Matches,2024-05-18
194,Hércules,br BRA,MF,Fortaleza,23-211,2000,3.9,172,7,29,110,36,5,172,8,7,87.5,1,12.5,107,563,234,5,4,0,9,3,115,9,Matches,2024-05-18
195,Marcelo Hermes,br BRA,"DF,MF",Criciúma,29-107,1995,3.0,133,5,54,43,37,5,133,3,1,33.3,2,66.7,69,219,79,1,4,0,2,1,80,12,Matches,2024-05-18
196,Diego Hernández,uy URU,"FW,MF",Botafogo (RJ),23-331,2000,1.3,61,1,10,29,22,3,61,4,1,25.0,3,75.0,28,135,41,1,2,1,2,2,34,7,Matches,2024-05-18
197,Lucca Holanda,br BRA,"FW,DF",Internacional,21-046,2003,1.4,30,0,3,10,17,4,30,2,0,0.0,2,100.0,17,116,41,2,0,1,4,2,20,6,Matches,2024-05-18
198,Hugo,br BRA,"DF,MF",Corinthians,26-263,1997,5.6,339,18,110,180,51,9,339,4,3,75.0,0,0.0,138,713,429,10,1,0,4,3,171,13,Matches,2024-05-18
199,Hugo,br BRA,DF,Botafogo (RJ),22-241,2001,4.0,222,11,72,102,49,4,222,4,1,25.0,1,25.0,96,423,203,7,2,2,7,0,115,9,Matches,2024-05-18
200,Vitor Hugo Amorim,br BRA,MF,Cruzeiro,20-090,2004,0.3,10,0,0,8,2,0,10,0,0,,0,,7,17,7,0,0,0,0,0,7,3,Matches,2024-05-18
201,José Hugo,br BRA,DF,Vitória,24-214,1999,0.3,22,0,1,12,9,5,22,5,4,80.0,1,20.0,17,122,35,3,1,2,2,2,18,3,Matches,2024-05-18
202,Victor Hugo,br BRA,FW,Flamengo,20-007,2004,0.2,22,1,5,11,7,1,22,1,0,0.0,1,100.0,11,74,14,0,0,0,1,0,14,2,Matches,2024-05-18
203,Hulk,br BRA,FW,Atlético Mineiro,37-298,1986,3.7,147,2,3,57,87,9,147,6,1,16.7,5,83.3,79,351,161,4,6,2,7,4,111,19,Matches,2024-05-18
204,José Hurtado,ec ECU,DF,Red Bull Bragantino,22-147,2001,3.0,123,13,40,43,42,4,123,7,5,71.4,2,28.6,46,371,260,10,5,2,4,1,54,12,Matches,2024-05-18
205,Igor,br BRA,MF,Flamengo,21-072,2003,0.5,31,4,6,18,7,1,31,5,2,40.0,3,60.0,11,53,16,0,0,0,2,0,15,0,Matches,2024-05-18
206,Gabriel Inocêncio,br BRA,DF,Juventude,29-272,1994,3.0,192,10,57,100,37,1,192,15,8,53.3,5,33.3,85,534,311,8,3,0,5,3,114,10,Matches,2024-05-18
207,Isaac,br BRA,DF,Fluminense,20-024,2004,0.1,10,0,2,2,6,0,10,2,1,50.0,1,50.0,6,28,21,1,0,0,0,0,7,3,Matches,2024-05-18
208,Zé Ivaldo,br BRA,"DF,MF",Cruzeiro,27-087,1997,3.5,196,16,77,97,24,10,196,3,2,66.7,1,33.3,130,669,393,5,8,0,1,0,135,0,Matches,2024-05-18
209,Jadsom,br BRA,MF,Red Bull Bragantino,22-364,2001,4.1,188,9,44,121,23,1,188,5,5,100.0,0,0.0,86,314,100,0,1,0,3,3,95,2,Matches,2024-05-18
210,Jadson,br BRA,MF,Juventude,30-262,1993,3.0,171,0,39,95,40,4,171,4,2,50.0,2,50.0,84,391,189,2,1,2,5,4,125,13,Matches,2024-05-18
211,Janderson,br BRA,"FW,DF",Vitória,25-012,1999,1.9,92,1,12,37,43,2,92,10,4,40.0,5,50.0,57,490,208,8,8,2,8,8,67,15,Matches,2024-05-18
212,Léo Jardim,br BRA,GK,Vasco da Gama,29-059,1995,6.0,166,143,164,2,0,0,166,0,0,,0,,83,502,317,0,0,0,0,0,63,0,Matches,2024-05-18
213,Jeffinho,br BRA,"FW,MF",Botafogo (RJ),24-140,1999,3.6,148,1,20,68,65,15,148,14,7,50.0,7,50.0,96,511,206,6,6,2,9,13,109,22,Matches,2024-05-18
214,Jemerson,br BRA,DF,Atlético Mineiro,31-268,1992,2.3,145,9,67,74,4,0,145,0,0,,0,,87,390,150,0,1,0,1,0,105,0,Matches,2024-05-18
215,Caíque de Jesus Gonçalves,br BRA,MF,Juventude,28-221,1995,3.8,245,15,84,147,16,1,245,3,2,66.7,1,33.3,118,650,270,2,1,0,2,3,151,4,Matches,2024-05-18
216,John,br BRA,GK,Botafogo (RJ),28-095,1996,3.0,135,91,133,2,0,0,135,0,0,,0,,81,483,257,0,0,0,1,0,69,0,Matches,2024-05-18
217,Felipe Jonatan,br BRA,DF,Fortaleza,26-093,1998,1.6,101,4,28,48,25,1,101,3,2,66.7,1,33.3,33,143,99,2,1,0,1,1,56,4,Matches,2024-05-18
218,Daniel Jr,br BRA,"MF,FW",Vitória,22-009,2002,0.3,28,0,2,12,14,0,28,3,0,0.0,2,66.7,21,174,66,0,2,0,1,1,21,4,Matches,2024-05-18
219,Luciano Juba,br BRA,DF,Bahia,24-263,1999,6.0,414,20,155,186,77,1,414,7,0,0.0,7,100.0,194,771,434,4,5,0,3,1,236,10,Matches,2024-05-18
220,Julimar,br BRA,"FW,MF",Ath Paranaense,23-114,2001,3.4,136,4,16,48,74,16,136,9,3,33.3,5,55.6,69,478,239,11,10,2,7,3,88,28,Matches,2024-05-18
221,Lucas Kal,br BRA,"MF,DF",Atl Goianiense,28-063,1996,1.3,50,4,15,29,6,0,50,0,0,,0,,21,88,29,0,0,0,1,0,28,1,Matches,2024-05-18
222,Walter Kannemann,ar ARG,DF,Grêmio,33-065,1991,1.1,63,3,20,43,0,0,63,0,0,,0,,35,173,96,1,0,0,2,0,41,0,Matches,2024-05-18
223,Kanu,br BRA,DF,Bahia,27-072,1997,4.0,230,30,141,89,1,1,230,2,0,0.0,1,50.0,134,561,344,0,0,0,0,0,164,0,Matches,2024-05-18
224,Alan Kardec,br BRA,FW,Atlético Mineiro,35-127,1989,0.1,1,0,0,0,1,0,1,0,0,,0,,1,15,15,1,1,0,0,0,1,1,Matches,2024-05-18
225,Renato Kayser,br BRA,FW,Criciúma,28-091,1996,0.9,23,1,2,13,8,5,23,1,0,0.0,1,100.0,14,33,10,0,0,0,1,1,18,3,Matches,2024-05-18
226,Renato Kayser,br BRA,FW,Fortaleza,28-091,1996,2.5,71,3,8,36,27,9,71,1,0,0.0,1,100.0,25,117,48,4,1,2,10,2,38,7,Matches,2024-05-18
227,John Kennedy,br BRA,FW,Fluminense,22-000,2002,1.3,42,1,5,16,21,6,42,8,3,37.5,5,62.5,23,151,44,1,0,1,3,3,34,10,Matches,2024-05-18
228,Keno,br BRA,FW,Fluminense,34-251,1989,0.9,30,0,3,11,16,4,30,1,1,100.0,0,0.0,14,121,76,4,1,3,1,2,25,6,Matches,2024-05-18
229,Kleiton,br BRA,FW,Juventude,25-025,1999,0.3,12,0,1,6,5,4,12,2,2,100.0,0,0.0,8,77,26,2,0,1,0,2,12,0,Matches,2024-05-18
230,Gabriel Knesowitsch,br BRA,DF,Cuiabá,20-213,2003,1.8,102,16,47,52,3,0,102,1,1,100.0,0,0.0,57,243,94,0,0,0,0,0,69,0,Matches,2024-05-18
231,Benjamín Kuscevic,cl CHI,DF,Fortaleza,28-016,1996,2.0,88,22,55,33,1,1,88,0,0,,0,,39,160,84,0,0,0,0,1,49,0,Matches,2024-05-18
232,Derik Lacerda,br BRA,"MF,FW",Cuiabá,24-234,1999,2.7,77,4,10,39,29,6,77,8,2,25.0,4,50.0,45,235,57,0,4,0,8,4,49,11,Matches,2024-05-18
233,Ignacio Laquintana,uy URU,"FW,MF",Red Bull Bragantino,25-107,1999,1.8,58,1,5,17,37,4,58,6,4,66.7,2,33.3,38,177,99,4,0,2,4,1,39,15,Matches,2024-05-18
234,Lázaro,br BRA,"FW,MF",Palmeiras,22-067,2002,2.6,133,0,5,54,75,6,133,11,4,36.4,6,54.5,93,519,289,10,8,0,2,5,105,28,Matches,2024-05-18
235,Mauricio Lemos,uy URU,DF,Atlético Mineiro,28-142,1995,2.7,206,28,83,107,18,8,206,2,1,50.0,1,50.0,118,609,371,1,3,0,1,1,145,2,Matches,2024-05-18
236,Willean Lepo,br BRA,DF,Vitória,27-123,1997,0.8,55,6,16,24,15,0,55,4,2,50.0,2,50.0,29,155,62,3,3,0,2,5,28,2,Matches,2024-05-18
237,Lima,br BRA,MF,Fluminense,27-342,1996,4.6,308,18,109,141,61,6,308,18,9,50.0,7,38.9,141,680,357,6,3,0,5,5,221,8,Matches,2024-05-18
238,Lincoln,br BRA,MF,Red Bull Bragantino,25-193,1998,0.9,55,4,4,32,20,3,55,1,0,0.0,1,100.0,30,175,113,2,1,1,1,2,27,3,Matches,2024-05-18
239,José López,ar ARG,"FW,DF",Palmeiras,23-164,2000,2.7,75,2,4,27,44,9,75,3,1,33.3,1,33.3,43,168,68,3,3,1,4,5,58,14,Matches,2024-05-18
240,Lorran,br BRA,"MF,FW",Flamengo,17-319,2006,1.4,86,0,4,29,54,10,86,11,8,72.7,2,18.2,58,369,219,6,8,2,3,2,67,14,Matches,2024-05-18
241,Vágner Love,br BRA,MF,Atl Goianiense,39-342,1984,0.4,16,2,3,5,8,2,16,1,0,0.0,1,100.0,10,23,7,0,1,0,1,0,12,2,Matches,2024-05-18
242,Lucão,br BRA,GK,Red Bull Bragantino,23-082,2001,1.5,49,33,48,1,0,0,49,0,0,,0,,18,117,40,0,0,0,0,0,14,0,Matches,2024-05-18
243,Ayrton Lucas,br BRA,DF,Flamengo,26-334,1997,5.7,321,13,80,157,88,11,321,17,10,58.8,5,29.4,148,979,568,15,12,4,5,7,172,9,Matches,2024-05-18
244,Jean Lucas,br BRA,MF,Bahia,25-331,1998,6.0,318,3,51,168,104,10,318,22,13,59.1,7,31.8,210,1342,431,9,12,4,15,20,237,40,Matches,2024-05-18
245,João Lucas,br BRA,DF,Juventude,26-070,1998,4.0,262,11,84,115,67,4,262,12,8,66.7,2,16.7,119,868,542,17,10,2,4,1,147,16,Matches,2024-05-18
246,Luciano,br BRA,"MF,FW",São Paulo,31-000,1993,5.7,252,3,23,134,98,25,251,11,7,63.6,3,27.3,140,559,157,2,7,1,7,5,193,39,Matches,2024-05-18
247,André Luis,br BRA,"MF,FW",Cuiabá,27-027,1997,1.0,37,0,6,22,9,0,37,3,1,33.3,1,33.3,17,143,24,1,0,0,3,1,26,3,Matches,2024-05-18
248,Machado,br BRA,MF,Cruzeiro,28-119,1996,0.5,27,0,4,21,2,0,27,1,0,0.0,1,100.0,18,27,5,0,0,0,0,0,18,1,Matches,2024-05-18
249,Imanol Machuca,ar ARG,"MF,FW",Fortaleza,24-124,2000,1.6,75,1,10,24,43,5,75,8,1,12.5,6,75.0,43,488,200,12,7,4,7,6,47,15,Matches,2024-05-18
250,Guilherme Madruga,br BRA,MF,Cuiabá,23-189,2000,0.3,16,2,5,10,1,0,16,0,0,,0,,6,36,13,1,1,0,1,0,10,0,Matches,2024-05-18
251,Mádson,br BRA,DF,Ath Paranaense,32-126,1992,1.5,73,11,25,33,15,2,73,0,0,,0,,28,72,43,1,1,0,0,0,36,7,Matches,2024-05-18
252,Maguinho,br BRA,"DF,FW",Atl Goianiense,31-133,1993,2.0,58,5,20,20,18,0,58,2,1,50.0,0,0.0,20,129,49,1,2,0,0,2,30,3,Matches,2024-05-18
253,Pablo Maia,br BRA,MF,São Paulo,22-129,2002,2.9,222,1,34,149,39,0,222,3,2,66.7,1,33.3,135,482,193,0,4,0,3,2,178,3,Matches,2024-05-18
254,Thiago Maia,br BRA,MF,Internacional,27-056,1997,2.7,192,10,40,130,24,4,192,2,2,100.0,0,0.0,102,429,183,2,2,0,1,0,123,2,Matches,2024-05-18
255,Walisson Maia,br BRA,DF,Criciúma,32-271,1991,2.2,108,32,77,26,5,4,108,0,0,,0,,56,197,55,0,0,0,2,0,70,1,Matches,2024-05-18
256,Maicon,br BRA,DF,Vasco da Gama,35-247,1988,4.0,243,40,122,106,16,4,243,1,1,100.0,0,0.0,128,576,302,0,5,0,4,0,161,0,Matches,2024-05-18
257,Hugo Mallo,es ESP,DF,Internacional,32-331,1991,0.8,47,0,14,22,11,0,47,1,0,0.0,1,100.0,22,82,35,2,0,0,1,0,28,3,Matches,2024-05-18
258,Léo Mana,br BRA,DF,Corinthians,20-042,2004,0.1,17,1,5,7,5,0,17,0,0,,0,,9,36,24,1,1,0,2,0,10,1,Matches,2024-05-18
259,Luis Mandaca,br BRA,"MF,FW",Juventude,22-229,2001,1.1,55,4,13,32,10,1,55,1,0,0.0,1,100.0,18,73,34,1,0,0,1,0,35,2,Matches,2024-05-18
260,Manoel,br BRA,DF,Fluminense,34-082,1990,4.2,260,40,146,105,9,2,260,1,1,100.0,0,0.0,128,669,377,0,2,0,2,0,168,0,Matches,2024-05-18
261,Fernando Marçal,br BRA,DF,Botafogo (RJ),35-089,1989,0.5,41,5,20,12,9,0,41,0,0,,0,,19,93,28,1,0,0,1,0,20,1,Matches,2024-05-18
262,Marcelinho,br BRA,"MF,FW",Juventude,21-159,2002,1.7,64,0,10,26,28,4,64,3,2,66.7,1,33.3,32,286,89,0,2,0,3,4,40,10,Matches,2024-05-18
263,Marcelo,br BRA,DF,Fluminense,36-006,1988,4.0,289,26,98,109,83,3,289,5,2,40.0,1,20.0,152,608,295,5,3,2,3,2,172,12,Matches,2024-05-18
264,João Marcelo,br BRA,DF,Cruzeiro,23-340,2000,4.0,246,39,98,137,14,3,246,3,3,100.0,0,0.0,152,1077,678,6,3,0,1,1,165,1,Matches,2024-05-18
265,Agustín Marchesín,ar ARG,GK,Grêmio,36-063,1988,3.0,85,68,83,2,0,0,85,0,0,,0,,33,163,123,0,0,0,0,0,40,0,Matches,2024-05-18
266,Zé Marcos,br BRA,DF,Juventude,26-107,1998,2.9,185,28,105,78,4,2,185,0,0,,0,,103,618,336,1,1,0,2,0,120,0,Matches,2024-05-18
267,Erick Marcus,br BRA,"MF,FW",Vasco da Gama,20-078,2004,0.7,42,1,8,20,14,5,42,1,0,0.0,1,100.0,24,115,29,1,1,1,5,3,21,6,Matches,2024-05-18
268,Marinho,br BRA,"FW,DF",Fortaleza,33-355,1990,2.7,118,0,11,45,67,10,118,12,6,50.0,5,41.7,67,585,354,10,10,5,11,7,79,15,Matches,2024-05-18
269,Marlon,br BRA,DF,Cruzeiro,26-364,1997,5.0,334,13,79,184,72,3,334,2,2,100.0,0,0.0,179,960,548,13,4,2,5,0,216,21,Matches,2024-05-18
270,Marquinhos,br BRA,"DF,FW",Fluminense,21-041,2003,6.0,372,9,72,155,149,11,372,29,7,24.1,19,65.5,203,1298,703,24,16,6,19,12,263,42,Matches,2024-05-18
271,Juan Martín Lucero,ar ARG,FW,Fortaleza,32-170,1991,2.4,44,2,3,20,21,6,44,1,0,0.0,1,100.0,24,83,43,1,0,0,3,0,33,8,Matches,2024-05-18
272,Martinelli,br BRA,"MF,DF",Fluminense,23-008,2001,5.5,425,50,174,207,45,4,425,7,2,28.6,4,57.1,227,1124,594,3,4,1,9,6,330,6,Matches,2024-05-18
273,Adriano Martins,br BRA,DF,Atl Goianiense,27-047,1997,2.8,106,21,70,35,3,2,106,1,1,100.0,0,0.0,50,206,84,0,0,0,1,0,64,1,Matches,2024-05-18
274,Gustavo Martins Santos,br BRA,DF,Grêmio,21-281,2002,2.9,200,20,73,118,9,2,200,0,0,,0,,88,328,170,0,2,0,1,0,146,1,Matches,2024-05-18
275,Gonzalo Mastriani,uy URU,FW,Ath Paranaense,31-020,1993,1.6,58,5,12,23,25,5,58,2,1,50.0,1,50.0,23,90,27,0,0,0,3,3,37,11,Matches,2024-05-18
276,Fellipe Mateus,br BRA,MF,Criciúma,33-096,1991,2.9,136,4,27,63,49,7,136,8,4,50.0,4,50.0,79,303,134,2,0,0,9,8,100,11,Matches,2024-05-18
277,Matheusinho,br BRA,"FW,MF",Vitória,26-213,1997,4.4,171,2,24,94,57,8,171,13,5,38.5,4,30.8,112,782,298,8,9,0,8,9,124,21,Matches,2024-05-18
278,Matheusinho,br BRA,"FW,MF",Criciúma,26-097,1998,0.3,17,0,1,8,8,1,17,3,2,66.7,1,33.3,15,113,23,0,1,0,3,2,13,1,Matches,2024-05-18
279,Matheuzinho,br BRA,"DF,FW",Corinthians,23-253,2000,2.2,141,5,38,59,45,6,141,1,1,100.0,0,0.0,56,281,153,1,3,0,1,1,77,19,Matches,2024-05-18
280,Mauricio,br BRA,MF,Internacional,22-362,2001,3.7,155,2,14,64,79,13,155,2,0,0.0,2,100.0,92,441,208,7,5,1,6,4,111,33,Matches,2024-05-18
281,Max,br BRA,"MF,FW",Atl Goianiense,21-325,2002,0.5,21,1,5,9,7,1,21,3,1,33.3,2,66.7,14,89,23,1,2,0,2,1,14,1,Matches,2024-05-18
282,Max,br BRA,MF,Cuiabá,23-006,2001,0.2,9,0,1,8,0,0,9,0,0,,0,,2,44,41,1,0,0,1,0,4,0,Matches,2024-05-18
283,Maycon,br BRA,MF,Corinthians,26-308,1997,0.5,37,0,7,23,7,0,37,0,0,,0,,13,122,94,3,1,0,0,1,23,2,Matches,2024-05-18
284,Mayke,br BRA,DF,Palmeiras,31-190,1992,3.8,238,7,51,139,51,3,238,4,1,25.0,3,75.0,114,641,259,4,8,0,3,2,127,20,Matches,2024-05-18
285,Gary Medel,cl CHI,DF,Vasco da Gama,36-289,1987,1.2,82,9,45,36,1,0,82,0,0,,0,,47,223,98,0,0,0,1,0,65,1,Matches,2024-05-18
286,Felipe Melo,br BRA,DF,Fluminense,40-327,1983,2.3,142,22,93,46,3,2,142,1,0,0.0,1,100.0,71,285,119,0,1,0,2,1,90,0,Matches,2024-05-18
287,Douglas Mendes,br BRA,DF,Red Bull Bragantino,19-340,2004,3.0,120,28,58,56,6,2,120,0,0,,0,,51,301,163,2,1,0,1,0,64,0,Matches,2024-05-18
288,Nathan Mendes,br BRA,DF,Red Bull Bragantino,21-273,2002,3.0,175,10,44,92,41,4,175,2,1,50.0,0,0.0,79,340,209,3,3,0,4,1,80,4,Matches,2024-05-18
289,Gabriel Menino,br BRA,MF,Palmeiras,23-232,2000,3.1,214,5,32,136,47,2,214,3,2,66.7,1,33.3,114,544,308,4,4,0,7,1,144,9,Matches,2024-05-18
290,Gabriel Mercado,ar ARG,DF,Internacional,37-061,1987,2.5,143,10,52,82,9,2,143,0,0,,0,,86,366,194,0,2,0,2,0,92,0,Matches,2024-05-18
291,Higor Meritão,br BRA,MF,Criciúma,29-330,1994,2.8,165,8,52,102,11,2,165,3,1,33.3,2,66.7,87,389,173,2,3,0,5,3,110,2,Matches,2024-05-18
292,Carlos Miguel,br BRA,GK,Corinthians,25-222,1998,3.0,100,78,100,0,0,0,100,0,0,,0,,53,215,151,0,0,0,0,0,44,0,Matches,2024-05-18
293,Lucas Mineiro,br BRA,MF,Cuiabá,28-084,1996,1.1,48,4,10,35,3,0,48,1,1,100.0,0,0.0,20,150,61,1,0,0,4,2,32,3,Matches,2024-05-18
294,Moises,br BRA,FW,Fortaleza,27-259,1996,1.5,77,6,16,26,36,8,77,9,6,66.7,2,22.2,39,286,154,8,2,6,3,2,48,8,Matches,2024-05-18
295,Jacob Montes,ni NCA,"FW,MF",Botafogo (RJ),25-211,1998,0.2,9,0,2,3,4,2,9,1,1,100.0,0,0.0,2,22,0,0,0,0,1,0,7,1,Matches,2024-05-18
296,Aníbal Moreno,ar ARG,MF,Palmeiras,25-005,1999,3.9,222,8,50,154,20,2,222,5,3,60.0,2,40.0,121,556,221,2,2,0,6,1,135,0,Matches,2024-05-18
297,Henry Mosquera,co COL,"FW,MF",Red Bull Bragantino,22-185,2001,4.3,138,3,22,44,76,18,138,31,15,48.4,14,45.2,90,923,526,18,12,7,14,10,83,27,Matches,2024-05-18
298,Gustavo Mosquito,br BRA,FW,Corinthians,26-254,1997,1.8,66,0,7,29,32,5,66,7,3,42.9,4,57.1,39,285,147,6,3,2,3,3,48,14,Matches,2024-05-18
299,Jean Mota,br BRA,MF,Vitória,30-216,1993,0.9,77,0,7,54,17,2,77,0,0,,0,,50,191,104,0,2,0,0,2,63,6,Matches,2024-05-18
300,Hugo Moura,br BRA,MF,Vasco da Gama,26-136,1998,1.4,97,4,26,60,14,0,97,3,3,100.0,0,0.0,56,262,97,2,5,0,0,1,66,3,Matches,2024-05-18
301,Léo Naldi,br BRA,MF,Vitória,22-274,2001,0.8,53,2,8,36,9,1,53,0,0,,0,,35,132,38,0,0,0,0,1,40,4,Matches,2024-05-18
302,Matheus Nascimento,br BRA,FW,Botafogo (RJ),20-076,2004,0.3,6,0,0,2,4,1,6,0,0,,0,,4,24,22,1,1,0,2,0,5,1,Matches,2024-05-18
303,Nata,br BRA,"MF,DF",Grêmio,22-348,2001,0.1,9,1,5,4,0,0,9,0,0,,0,,3,6,1,0,0,0,0,0,7,0,Matches,2024-05-18
304,Kaiky Naves,br BRA,FW,Palmeiras,22-010,2002,0.0,4,2,3,1,0,0,4,0,0,,0,,1,5,5,0,0,0,0,0,2,0,Matches,2024-05-18
305,Nenê,br BRA,"MF,FW",Juventude,42-304,1981,3.0,144,0,12,72,62,9,144,6,2,33.3,3,50.0,57,285,130,4,3,0,7,2,92,19,Matches,2024-05-18
306,Neris,br BRA,DF,Cruzeiro,31-336,1992,2.6,137,17,62,70,5,4,137,3,3,100.0,0,0.0,74,377,227,0,0,0,1,0,92,1,Matches,2024-05-18
307,Rodrigo Nestor,br BRA,"MF,FW",São Paulo,23-283,2000,1.8,133,0,11,59,63,4,133,8,3,37.5,4,50.0,80,396,229,6,4,2,1,0,97,11,Matches,2024-05-18
308,José Vitor Silva Neves,br BRA,"FW,MF",Ath Paranaense,24-016,2000,1.0,72,1,8,41,26,0,72,6,3,50.0,3,50.0,41,168,89,0,2,0,6,3,52,4,Matches,2024-05-18
309,Newton,br BRA,MF,Criciúma,24-067,2000,0.2,11,2,5,5,2,0,11,1,1,100.0,0,0.0,5,14,6,0,0,0,1,0,7,0,Matches,2024-05-18
310,Nikão,br BRA,"FW,MF",Ath Paranaense,31-294,1992,1.3,75,2,10,34,32,5,75,0,0,,0,,46,233,77,2,3,0,4,3,55,5,Matches,2024-05-18
311,Gustavo Nunes,br BRA,FW,Grêmio,18-180,2005,2.3,133,0,12,47,76,4,133,14,4,28.6,9,64.3,69,477,284,12,5,1,9,4,93,21,Matches,2024-05-18
312,Cauly Oliveira Souza,br BRA,"MF,FW",Bahia,28-246,1995,5.1,271,2,10,137,129,15,271,14,6,42.9,7,50.0,168,834,360,11,7,3,13,3,221,35,Matches,2024-05-18
313,Leo Ortiz,br BRA,DF,Flamengo,28-136,1996,1.0,63,7,27,35,1,0,63,0,0,,0,,35,192,140,0,1,0,0,0,36,0,Matches,2024-05-18
314,Osvaldo,br BRA,"MF,FW",Vitória,37-037,1987,2.7,79,1,12,41,26,7,79,4,3,75.0,1,25.0,52,297,136,6,2,3,3,8,63,18,Matches,2024-05-18
315,Otávio,br BRA,MF,Atlético Mineiro,30-014,1994,5.0,376,16,98,236,43,4,376,5,5,100.0,0,0.0,225,1124,459,7,6,1,4,3,271,6,Matches,2024-05-18
316,Pablo,br BRA,"FW,MF",Ath Paranaense,31-330,1992,4.2,166,3,8,90,68,10,166,2,0,0.0,2,100.0,86,343,148,5,3,1,8,2,121,16,Matches,2024-05-18
317,Pablo,br BRA,DF,Botafogo (RJ),32-332,1991,0.3,23,4,7,16,0,0,23,1,1,100.0,0,0.0,5,28,17,0,0,0,1,0,16,0,Matches,2024-05-18
318,Bruno Pacheco,br BRA,DF,Fortaleza,32-162,1991,3.4,154,12,58,63,37,6,154,7,4,57.1,2,28.6,62,305,136,4,5,0,3,3,77,2,Matches,2024-05-18
319,Patryck,br BRA,DF,São Paulo,21-121,2003,1.0,57,4,23,28,8,0,57,2,1,50.0,1,50.0,31,199,80,1,0,0,0,1,32,2,Matches,2024-05-18
320,Patrick de Paula,br BRA,MF,Botafogo (RJ),24-253,1999,0.1,6,0,0,5,2,0,6,0,0,,0,,1,15,15,1,1,0,1,0,2,0,Matches,2024-05-18
321,Paulinho,br BRA,FW,Atlético Mineiro,23-308,2000,4.5,193,0,12,85,101,19,192,15,8,53.3,7,46.7,132,791,422,14,12,6,6,9,163,40,Matches,2024-05-18
322,Paulinho,br BRA,MF,Corinthians,35-298,1988,1.3,82,4,23,40,20,11,82,0,0,,0,,32,186,75,4,2,1,4,2,48,1,Matches,2024-05-18
323,Cristian Pavón,ar ARG,FW,Grêmio,28-118,1996,1.2,65,1,6,32,28,5,65,3,2,66.7,1,33.3,44,269,138,4,4,2,2,2,52,8,Matches,2024-05-18
324,Dimitri Payet,fr FRA,MF,Vasco da Gama,37-050,1987,1.2,97,0,6,56,36,4,97,3,1,33.3,2,66.7,40,230,91,2,1,0,1,4,77,10,Matches,2024-05-18
325,Pedrão,br BRA,DF,Atl Goianiense,31-152,1992,1.2,60,10,32,23,5,3,60,0,0,,0,,33,128,42,0,0,0,1,0,37,0,Matches,2024-05-18
326,Pedrinho,br BRA,MF,Atlético Mineiro,26-035,1998,0.3,22,0,1,14,7,0,22,2,2,100.0,0,0.0,14,107,28,1,2,0,1,1,17,4,Matches,2024-05-18
327,Pedro,br BRA,FW,Flamengo,26-333,1997,5.0,138,8,17,58,64,25,137,15,6,40.0,8,53.3,72,284,125,7,4,5,7,5,98,23,Matches,2024-05-18
328,João Pedro,br BRA,FW,Cruzeiro,21-106,2003,0.1,8,1,3,4,1,0,8,0,0,,0,,4,16,0,0,0,0,3,0,5,0,Matches,2024-05-18
329,João Pedro,br BRA,MF,Vasco da Gama,19-029,2005,0.2,16,0,4,10,3,0,16,0,0,,0,,8,32,17,1,0,0,1,0,9,0,Matches,2024-05-18
330,João Pedro,it ITA,FW,Grêmio,32-070,1992,2.3,50,1,3,23,24,6,50,1,0,0.0,1,100.0,27,135,30,0,2,0,6,5,41,12,Matches,2024-05-18
331,João Pedro,br BRA,DF,Grêmio,27-185,1996,3.0,184,9,33,101,51,4,184,9,6,66.7,2,22.2,89,566,287,5,5,2,4,2,123,15,Matches,2024-05-18
332,Léo Pelé,br BRA,DF,Vasco da Gama,28-073,1996,6.0,391,56,186,186,19,2,391,0,0,,0,,232,1662,1019,11,6,0,2,2,289,1,Matches,2024-05-18
333,Carlos de Pena,uy URU,"MF,FW",Bahia,32-068,1992,0.8,71,0,12,38,22,0,71,0,0,,0,,32,183,101,2,1,0,1,0,42,1,Matches,2024-05-18
334,Léo Pereira,br BRA,DF,Flamengo,28-108,1996,5.8,383,39,161,209,15,7,383,2,1,50.0,0,0.0,212,1168,710,5,4,0,0,1,251,4,Matches,2024-05-18
335,Matheus Pereira,pt POR,FW,Cruzeiro,28-013,1996,4.9,277,2,7,142,129,12,277,11,6,54.5,3,27.3,184,991,487,13,11,2,10,5,216,22,Matches,2024-05-18
336,Yago Pikachu,br BRA,"DF,FW",Fortaleza,31-348,1992,2.6,90,1,12,42,37,13,90,2,1,50.0,1,50.0,52,332,226,8,3,3,3,4,61,13,Matches,2024-05-18
337,Joaquín Piquerez,uy URU,DF,Palmeiras,25-268,1998,4.8,325,12,77,165,87,2,325,9,3,33.3,5,55.6,177,938,479,12,6,0,7,0,194,15,Matches,2024-05-18
338,Rafael Pires,br BRA,GK,São Paulo,34-330,1989,6.0,155,138,154,1,0,0,155,0,0,,0,,81,286,135,0,0,0,0,0,83,0,Matches,2024-05-18
339,Lucas Piton,br BRA,DF,Vasco da Gama,23-222,2000,6.0,424,14,137,148,143,7,424,11,8,72.7,2,18.2,218,1144,512,17,9,1,10,1,250,42,Matches,2024-05-18
340,Isidro Pitta,py PAR,FW,Cuiabá,24-278,1999,2.3,65,4,7,31,28,11,65,2,1,50.0,1,50.0,30,184,78,3,2,1,3,3,45,7,Matches,2024-05-18
341,Tomas Pochettino,ar ARG,MF,Fortaleza,28-107,1996,3.6,157,4,27,74,59,2,157,7,3,42.9,4,57.1,84,531,242,9,6,2,6,4,89,17,Matches,2024-05-18
342,Mateo Ponte,uy URU,DF,Botafogo (RJ),20-360,2003,3.3,161,9,45,88,31,3,161,7,3,42.9,3,42.9,77,342,194,8,2,0,2,4,88,18,Matches,2024-05-18
343,Werik Popó,br BRA,FW,Juventude,22-214,2001,0.2,10,1,1,3,6,2,10,1,0,0.0,1,100.0,4,22,14,0,0,0,1,0,6,4,Matches,2024-05-18
344,Gustavo Prado,br BRA,"FW,MF",Internacional,18-347,2005,1.2,70,2,9,26,38,2,70,7,4,57.1,2,28.6,45,268,139,2,5,0,5,4,47,11,Matches,2024-05-18
345,Bruno Praxedes,br BRA,MF,Vasco da Gama,22-100,2002,0.3,19,0,2,8,11,2,19,3,2,66.7,1,33.3,8,81,54,2,1,0,0,0,10,1,Matches,2024-05-18
346,Erick Pulgar,cl CHI,MF,Flamengo,30-124,1994,3.5,190,5,34,133,23,3,190,0,0,,0,,84,372,128,0,1,0,5,2,122,1,Matches,2024-05-18
347,Du Queiroz,br BRA,MF,Grêmio,24-120,2000,2.5,184,3,20,128,37,2,184,3,2,66.7,1,33.3,100,480,248,5,4,0,1,1,144,9,Matches,2024-05-18
348,Igor Rabello,br BRA,DF,Atlético Mineiro,29-020,1995,2.1,156,19,74,76,6,1,156,0,0,,0,,80,403,237,0,2,0,0,0,103,0,Matches,2024-05-18
349,Zé Rafael,br BRA,MF,Palmeiras,30-337,1993,1.0,54,1,7,41,8,0,54,1,1,100.0,0,0.0,25,160,115,1,3,0,1,0,32,2,Matches,2024-05-18
350,Railan,br BRA,DF,Cuiabá,24-069,2000,1.0,40,2,8,26,7,0,40,2,0,0.0,1,50.0,14,54,28,1,2,0,1,1,26,1,Matches,2024-05-18
351,Eric Ramires,br BRA,"MF,FW",Red Bull Bragantino,23-282,2000,3.5,141,5,29,68,45,6,141,8,5,62.5,3,37.5,69,320,165,4,3,1,6,3,74,7,Matches,2024-05-18
352,Ramon,br BRA,DF,Cuiabá,23-066,2001,0.8,32,1,10,9,13,0,32,0,0,,0,,18,70,38,1,1,0,0,0,20,3,Matches,2024-05-18
353,Raniele,br BRA,"MF,DF",Corinthians,27-139,1996,4.4,214,4,68,126,23,4,214,4,2,50.0,2,50.0,108,572,265,5,3,0,3,0,141,5,Matches,2024-05-18
354,Rafael Ratão,br BRA,FW,Bahia,28-170,1995,0.4,28,1,4,10,14,4,28,2,2,100.0,0,0.0,15,40,24,1,0,1,3,1,21,7,Matches,2024-05-18
355,Raul,br BRA,MF,Red Bull Bragantino,27-312,1996,1.4,56,7,19,32,5,0,56,1,1,100.0,0,0.0,33,175,90,1,3,0,1,0,31,0,Matches,2024-05-18
356,Pedro Raul,br BRA,FW,Corinthians,27-195,1996,1.7,51,1,3,28,20,10,51,2,1,50.0,1,50.0,22,91,34,2,2,1,6,2,33,12,Matches,2024-05-18
357,Robert Renan,br BRA,DF,Internacional,20-220,2003,1.1,83,9,49,31,4,1,83,1,1,100.0,0,0.0,53,368,238,1,1,0,1,1,58,0,Matches,2024-05-18
358,Renê,br BRA,DF,Internacional,31-247,1992,4.0,333,8,78,193,67,2,333,1,0,0.0,0,0.0,190,1225,714,15,13,0,4,3,208,2,Matches,2024-05-18
359,Rezende,br BRA,"MF,DF",Bahia,29-137,1995,2.2,112,7,49,59,6,3,112,1,1,100.0,0,0.0,49,271,124,1,1,0,3,5,69,1,Matches,2024-05-18
360,Rhaldney,br BRA,MF,Atl Goianiense,25-180,1998,2.7,124,11,39,79,7,0,124,2,2,100.0,0,0.0,77,361,130,0,0,0,6,0,78,2,Matches,2024-05-18
361,Everton Ribeiro,br BRA,"MF,FW",Bahia,35-038,1989,4.6,308,3,41,150,121,5,308,11,2,18.2,9,81.8,200,908,416,9,15,1,11,11,244,23,Matches,2024-05-18
362,Wesley Ribeiro,br BRA,FW,Corinthians,19-074,2005,4.7,171,0,10,82,86,15,171,35,18,51.4,15,42.9,118,1129,601,21,16,6,11,9,129,36,Matches,2024-05-18
363,João Ricardo Riedi,br BRA,GK,Fortaleza,35-255,1988,5.0,144,125,144,0,0,0,144,0,0,,0,,74,503,368,0,0,0,0,0,40,0,Matches,2024-05-18
364,Rikelme,br BRA,DF,Cuiabá,20-307,2003,3.3,145,10,58,63,24,1,145,5,0,0.0,4,80.0,46,199,70,1,0,0,2,2,61,6,Matches,2024-05-18
365,Rildo,br BRA,"MF,FW",Juventude,24-118,2000,0.4,19,0,4,6,9,3,19,0,0,,0,,6,36,25,1,1,0,3,2,13,2,Matches,2024-05-18
366,Richard Ríos,co COL,MF,Palmeiras,23-351,2000,3.9,168,2,28,101,42,3,168,8,2,25.0,5,62.5,93,462,211,4,3,0,14,6,98,14,Matches,2024-05-18
367,Robert,br BRA,DF,Cruzeiro,19-035,2005,0.1,6,0,0,1,5,2,6,0,0,,0,,3,11,6,0,0,0,0,0,3,1,Matches,2024-05-18
368,Kaique Rocha,br BRA,DF,Ath Paranaense,23-080,2001,6.0,334,57,170,149,18,7,334,3,3,100.0,0,0.0,190,955,583,1,4,0,1,1,200,2,Matches,2024-05-18
369,Marcos Rocha,br BRA,DF,Palmeiras,35-159,1988,2.2,177,11,59,88,32,0,177,2,1,50.0,1,50.0,90,492,309,4,6,0,2,2,98,8,Matches,2024-05-18
370,Sergio Rochet,uy URU,GK,Internacional,31-056,1993,4.0,119,100,119,0,0,0,119,0,0,,0,,56,280,179,0,0,0,0,0,44,0,Matches,2024-05-18
371,Rodrigo,br BRA,MF,São Paulo,20-063,2004,0.6,39,2,7,15,17,4,39,1,0,0.0,1,100.0,19,146,106,5,2,1,2,1,22,4,Matches,2024-05-18
372,Emiliano Rodríguez,uy URU,FW,Atl Goianiense,20-307,2003,3.1,96,2,7,58,32,8,96,8,2,25.0,5,62.5,49,238,92,3,2,1,11,4,57,13,Matches,2024-05-18
373,James Rodríguez,co COL,MF,São Paulo,32-311,1991,0.4,48,0,5,31,13,0,48,1,0,0.0,1,100.0,29,121,54,0,1,0,1,0,36,3,Matches,2024-05-18
374,Robert Rojas,py PAR,DF,Vasco da Gama,28-018,1996,0.0,11,0,7,4,0,0,11,0,0,,0,,6,25,15,0,0,0,0,0,6,0,Matches,2024-05-18
375,Guilherme Romão,br BRA,DF,Atl Goianiense,26-224,1997,5.0,292,25,87,144,65,9,292,12,5,41.7,7,58.3,123,638,368,9,4,1,4,1,144,18,Matches,2024-05-18
376,Ángel Romero,py PAR,FW,Corinthians,31-319,1992,4.5,162,5,8,82,73,8,162,12,5,41.7,7,58.3,98,452,195,5,3,0,11,5,123,32,Matches,2024-05-18
377,Lucas Romero,ar ARG,MF,Cruzeiro,30-030,1994,3.9,285,5,53,178,56,0,285,8,6,75.0,2,25.0,166,615,263,1,7,0,6,8,198,3,Matches,2024-05-18
378,Óscar Romero,py PAR,"FW,MF",Botafogo (RJ),31-319,1992,1.5,90,2,12,53,26,3,90,3,2,66.7,1,33.3,54,213,84,1,2,0,3,3,56,11,Matches,2024-05-18
379,Rômulo,br BRA,DF,Atlético Mineiro,20-108,2004,0.5,30,2,16,9,6,2,30,1,1,100.0,0,0.0,16,78,43,0,2,0,2,0,18,2,Matches,2024-05-18
380,Romulo,br BRA,MF,Internacional,24-078,2000,0.9,44,6,21,23,0,0,44,1,0,0.0,1,100.0,15,36,14,0,0,0,1,0,17,0,Matches,2024-05-18
381,Romulo,br BRA,MF,Palmeiras,22-224,2001,0.6,45,1,6,11,28,2,45,0,0,,0,,25,88,49,1,3,1,3,0,26,12,Matches,2024-05-18
382,Ronald,br BRA,MF,Grêmio,21-097,2003,0.1,2,0,1,1,0,0,2,0,0,,0,,1,0,0,0,0,0,0,0,1,0,Matches,2024-05-18
383,Ronaldo,br BRA,GK,Atl Goianiense,27-270,1996,5.0,152,133,151,1,0,0,152,0,0,,0,,76,445,327,0,0,0,0,0,49,0,Matches,2024-05-18
384,Budiga Roni,br BRA,MF,Atl Goianiense,25-033,1999,1.5,73,10,34,32,7,0,73,1,1,100.0,0,0.0,28,76,25,0,0,0,1,1,36,1,Matches,2024-05-18
385,Rony,br BRA,FW,Palmeiras,29-007,1995,3.5,68,3,6,26,36,12,68,2,1,50.0,1,50.0,42,249,64,2,1,1,4,3,48,14,Matches,2024-05-18
386,Matheus Rossetto,br BRA,MF,Fortaleza,27-350,1996,1.0,60,2,10,48,3,0,60,1,0,0.0,1,100.0,29,132,62,3,0,0,0,0,40,0,Matches,2024-05-18
387,Rossi,br BRA,FW,Vasco da Gama,31-026,1993,2.4,103,2,13,49,43,4,103,4,0,0.0,3,75.0,57,267,132,5,3,0,7,2,69,23,Matches,2024-05-18
388,Agustín Rossi,ar ARG,GK,Flamengo,28-271,1995,6.0,252,199,252,0,0,0,252,0,0,,0,,168,792,460,0,0,0,0,0,144,0,Matches,2024-05-18
389,Ruan,br BRA,"MF,FW",Juventude,19-015,2005,0.5,19,1,2,9,8,2,19,7,2,28.6,4,57.1,10,82,0,0,1,1,3,0,14,4,Matches,2024-05-18
390,Rubens,br BRA,DF,Atlético Mineiro,22-332,2001,0.1,11,2,3,4,4,0,11,0,0,,0,,5,27,4,0,0,0,0,0,8,2,Matches,2024-05-18
391,Alan Ruschel,br BRA,DF,Juventude,34-269,1989,1.0,70,0,24,31,16,1,70,4,3,75.0,1,25.0,39,229,129,4,1,0,2,2,44,6,Matches,2024-05-18
392,Rodrigo Sam,br BRA,DF,Juventude,28-299,1995,1.7,103,18,62,35,6,2,103,2,2,100.0,0,0.0,43,238,122,0,1,0,4,0,65,0,Matches,2024-05-18
393,Alex Santana,br BRA,"MF,FW",Ath Paranaense,29-005,1995,1.1,56,0,4,29,23,2,56,2,1,50.0,1,50.0,35,205,98,1,4,1,0,0,38,0,Matches,2024-05-18
394,Ademir Santos,br BRA,"FW,MF",Bahia,29-092,1995,2.0,84,2,8,30,47,7,84,9,3,33.3,5,55.6,56,451,233,11,4,2,5,1,61,16,Matches,2024-05-18
395,Allyson Aires dos Santos,br BRA,DF,Cuiabá,33-208,1990,1.0,48,8,24,24,0,0,48,0,0,,0,,20,98,22,0,0,0,0,0,31,0,Matches,2024-05-18
396,Eduardo Santos,br BRA,DF,Red Bull Bragantino,26-172,1997,2.5,145,14,47,91,9,2,145,2,1,50.0,1,50.0,86,460,283,3,1,0,2,2,90,5,Matches,2024-05-18
397,Juan Santos,br BRA,FW,São Paulo,22-073,2002,0.7,16,1,1,6,10,7,16,1,1,100.0,0,0.0,8,46,21,1,1,0,3,0,6,2,Matches,2024-05-18
398,Júnior Santos,br BRA,"FW,MF",Botafogo (RJ),29-220,1994,4.8,163,3,16,60,90,25,163,13,10,76.9,3,23.1,90,707,351,13,8,7,14,5,118,39,Matches,2024-05-18
399,Renzo Saravia,ar ARG,DF,Atlético Mineiro,30-337,1993,5.0,404,15,121,225,61,0,404,5,0,0.0,5,100.0,234,1014,525,12,9,0,7,2,274,7,Matches,2024-05-18
400,Eduardo Sasha,br BRA,FW,Red Bull Bragantino,32-084,1992,4.2,136,4,7,68,62,16,136,6,3,50.0,3,50.0,64,249,68,3,1,0,9,4,93,15,Matches,2024-05-18
401,Lucas Sasha,br BRA,MF,Fortaleza,34-078,1990,1.1,62,4,16,34,13,3,62,0,0,,0,,26,109,33,0,1,0,4,0,26,7,Matches,2024-05-18
402,Jefferson Savarino,ve VEN,"MF,FW",Botafogo (RJ),27-189,1996,4.0,190,4,21,81,89,11,190,4,1,25.0,2,50.0,115,546,278,8,7,1,11,7,142,27,Matches,2024-05-18
403,Gustavo Scarpa,br BRA,"MF,FW",Atlético Mineiro,30-134,1994,3.5,281,6,45,97,141,8,281,2,1,50.0,0,0.0,179,940,474,13,8,4,2,1,209,33,Matches,2024-05-18
404,Cleiton Schwengber,br BRA,GK,Red Bull Bragantino,26-273,1997,4.5,173,117,168,5,0,0,173,0,0,,0,,86,463,295,0,0,0,0,0,68,0,Matches,2024-05-18
405,Juan Sforza,ar ARG,MF,Vasco da Gama,22-094,2002,4.6,339,13,89,228,25,3,339,5,4,80.0,1,20.0,195,917,443,3,2,0,3,0,258,2,Matches,2024-05-18
406,Shaylon,br BRA,"MF,FW",Atl Goianiense,27-021,1997,4.8,230,2,41,108,81,6,229,5,1,20.0,4,80.0,119,475,169,7,7,2,5,3,136,15,Matches,2024-05-18
407,André Silva,br BRA,"MF,FW",São Paulo,26-350,1997,3.1,118,2,14,53,52,10,118,5,3,60.0,2,40.0,66,317,159,4,4,0,11,9,92,18,Matches,2024-05-18
408,Luan Silva,br BRA,MF,Vitória,25-004,1999,1.5,66,2,18,48,1,0,66,0,0,,0,,37,111,41,0,0,0,1,0,38,0,Matches,2024-05-18
409,Lucas Silva,br BRA,MF,Cruzeiro,31-092,1993,4.2,226,10,31,136,63,3,226,3,2,66.7,1,33.3,123,642,347,4,7,0,3,3,148,7,Matches,2024-05-18
410,Rafael Silva,br BRA,FW,Cruzeiro,32-044,1992,3.9,100,1,5,43,53,10,100,5,4,80.0,1,20.0,61,237,81,3,4,1,5,8,79,19,Matches,2024-05-18
411,Everton Soares,br BRA,FW,Flamengo,28-057,1996,1.6,55,1,4,19,34,6,55,10,4,40.0,5,50.0,36,370,179,7,5,3,3,3,41,10,Matches,2024-05-18
412,Tiquinho Soares,br BRA,FW,Botafogo (RJ),33-122,1991,2.2,76,3,6,41,29,11,75,2,2,100.0,0,0.0,38,103,20,0,0,0,7,9,60,9,Matches,2024-05-18
413,Fernando Sobral,br BRA,MF,Cuiabá,29-153,1994,3.2,187,3,39,112,37,3,187,2,0,0.0,2,100.0,98,499,233,1,3,0,7,2,122,12,Matches,2024-05-18
414,Yeferson Soteldo,ve VEN,FW,Grêmio,26-323,1997,3.0,152,1,16,74,65,10,152,11,4,36.4,7,63.6,101,704,317,12,5,5,13,3,128,18,Matches,2024-05-18
415,Igor Vinícius de Souza,br BRA,DF,São Paulo,27-047,1997,5.4,390,6,79,173,144,10,390,14,10,71.4,2,14.3,217,1147,517,16,13,1,8,4,262,57,Matches,2024-05-18
416,Everaldo Stum,br BRA,FW,Bahia,32-318,1991,2.8,101,5,11,37,54,15,100,7,4,57.1,3,42.9,63,376,117,3,6,0,5,4,84,20,Matches,2024-05-18
417,Damián Suárez,uy URU,DF,Botafogo (RJ),36-021,1988,2.6,145,8,43,61,42,0,145,0,0,,0,,77,219,142,2,4,0,3,1,92,13,Matches,2024-05-18
418,Talisson,br BRA,FW,Red Bull Bragantino,21-363,2002,0.2,5,0,0,0,5,0,5,0,0,,0,,4,12,1,0,1,0,0,0,5,0,Matches,2024-05-18
419,Tchê Tchê,br BRA,MF,Botafogo (RJ),31-262,1992,3.1,162,4,30,105,31,2,162,1,1,100.0,0,0.0,110,610,269,8,3,0,6,3,124,4,Matches,2024-05-18
420,David Terans,uy URU,"MF,FW",Fluminense,29-281,1994,0.6,24,1,3,10,11,1,24,2,1,50.0,1,50.0,12,87,47,1,2,1,1,0,17,1,Matches,2024-05-18
421,Thaciano,br BRA,FW,Bahia,29-006,1995,5.2,155,5,24,63,70,25,155,4,2,50.0,2,50.0,82,314,128,5,2,1,6,5,101,24,Matches,2024-05-18
422,Thiaguinho,br BRA,MF,Juventude,27-037,1997,0.5,32,1,6,21,5,0,32,2,1,50.0,1,50.0,14,76,21,1,0,0,0,0,23,0,Matches,2024-05-18
423,Guilherme Tinga,br BRA,DF,Fortaleza,30-260,1993,4.1,223,15,68,116,46,3,223,4,1,25.0,3,75.0,88,538,327,6,3,0,2,2,98,14,Matches,2024-05-18
424,Titi,br BRA,DF,Fortaleza,36-067,1988,5.0,183,29,103,80,4,3,183,1,0,0.0,0,0.0,92,518,304,1,1,0,6,1,101,0,Matches,2024-05-18
425,Félix Torres Caicedo,ec ECU,DF,Corinthians,27-128,1997,6.0,428,51,213,198,20,11,428,3,1,33.3,2,66.7,222,926,453,1,2,0,2,1,269,0,Matches,2024-05-18
426,Miguel Trauco,pe PER,"DF,MF",Criciúma,31-267,1992,1.1,69,5,31,27,11,0,69,1,0,0.0,1,100.0,32,100,38,2,0,0,0,0,36,0,Matches,2024-05-18
427,Bruno Tubarão,br BRA,DF,Atl Goianiense,29-074,1995,4.0,209,10,65,101,46,0,209,8,3,37.5,5,62.5,116,816,424,10,8,0,1,3,116,7,Matches,2024-05-18
428,Bruno Uvini,br BRA,DF,Vitória,32-350,1991,3.0,132,19,80,53,1,1,132,0,0,,0,,76,314,98,0,0,0,0,0,87,0,Matches,2024-05-18
429,Vanderlan,br BRA,DF,Palmeiras,21-254,2002,1.2,39,3,9,21,9,2,39,0,0,,0,,19,67,34,0,0,0,2,1,15,5,Matches,2024-05-18
430,Guillermo Varela,uy URU,DF,Flamengo,31-055,1993,3.7,231,5,73,105,54,5,231,4,0,0.0,1,25.0,113,483,252,3,7,1,2,1,146,14,Matches,2024-05-18
431,Eduardo Vargas,cl CHI,FW,Atlético Mineiro,34-180,1989,1.5,68,3,4,30,35,15,68,3,1,33.3,2,66.7,47,271,110,2,2,0,4,3,57,14,Matches,2024-05-18
432,Pablo Vegetti,ar ARG,FW,Vasco da Gama,35-216,1988,5.8,151,7,11,71,72,33,150,4,0,0.0,4,100.0,75,214,26,1,2,1,17,10,118,25,Matches,2024-05-18
433,Raphael Veiga,br BRA,MF,Palmeiras,28-334,1995,4.4,201,2,11,124,68,3,200,2,2,100.0,0,0.0,99,546,269,6,8,1,12,3,120,5,Matches,2024-05-18
434,Fausto Vera,ar ARG,MF,Corinthians,24-053,2000,2.1,142,2,23,97,22,2,142,3,1,33.3,2,66.7,76,449,242,6,3,0,1,3,107,4,Matches,2024-05-18
435,Gabriel Veron,br BRA,"FW,MF",Cruzeiro,21-258,2002,0.9,41,0,3,11,29,8,41,5,4,80.0,1,20.0,29,120,44,1,4,1,2,1,30,13,Matches,2024-05-18
436,João Victor,br BRA,DF,Vasco da Gama,25-306,1998,2.4,176,16,68,87,23,4,176,3,1,33.3,2,66.7,80,604,406,6,5,1,3,2,106,3,Matches,2024-05-18
437,Felipe Vieira,,DF,Fluminense,,,1.5,102,13,63,38,2,0,102,2,1,50.0,1,50.0,54,223,129,1,0,0,3,1,67,0,Matches,2024-05-18
438,Mathías Villasanti,py PAR,MF,Grêmio,27-115,1997,4.0,301,6,46,208,52,6,301,5,3,60.0,2,40.0,147,715,319,2,4,1,8,3,217,11,Matches,2024-05-18
439,Matías Viña,uy URU,DF,Flamengo,26-191,1997,1.1,65,4,21,24,20,3,65,3,1,33.3,2,66.7,27,279,128,3,0,0,2,0,36,10,Matches,2024-05-18
440,Alix Vinicius,br BRA,DF,Atl Goianiense,24-194,1999,3.5,178,38,107,66,9,6,178,2,2,100.0,0,0.0,80,364,162,0,0,0,0,0,88,4,Matches,2024-05-18
441,Mateus Vital,br BRA,MF,Cruzeiro,26-096,1998,0.8,48,0,4,23,21,4,48,2,0,0.0,2,100.0,30,142,64,1,0,1,2,2,35,5,Matches,2024-05-18
442,Vitão,br BRA,DF,Internacional,24-106,2000,4.0,294,23,81,194,20,4,294,0,0,,0,,195,1115,845,11,3,0,2,0,225,1,Matches,2024-05-18
443,Vitinho,br BRA,"FW,MF",Red Bull Bragantino,25-047,1999,4.0,180,9,31,52,99,13,180,9,3,33.3,5,55.6,104,589,367,16,10,6,6,3,111,35,Matches,2024-05-18
444,Rayan Vitor,br BRA,"FW,MF",Vasco da Gama,17-289,2006,1.9,76,1,15,32,33,8,76,6,4,66.7,1,16.7,38,294,166,4,2,1,4,0,48,12,Matches,2024-05-18
445,Felipe Vizeu,br BRA,FW,Criciúma,27-067,1997,0.3,21,0,1,16,4,0,21,3,2,66.7,1,33.3,12,75,16,0,0,0,2,1,19,2,Matches,2024-05-18
446,Wagner,br BRA,DF,Vitória,24-300,1999,3.1,194,36,99,91,5,4,194,2,2,100.0,0,0.0,116,588,367,1,1,0,0,4,124,0,Matches,2024-05-18
447,Walter,br BRA,GK,Cuiabá,36-182,1987,4.0,135,125,135,0,0,0,135,0,0,,0,,61,350,244,0,0,0,1,0,57,0,Matches,2024-05-18
448,Wanderson,br BRA,"FW,MF",Internacional,29-224,1994,2.0,58,1,8,31,23,4,58,5,3,60.0,1,20.0,32,289,106,3,3,1,7,1,38,9,Matches,2024-05-18
449,Welington,br BRA,DF,São Paulo,23-089,2001,2.6,163,5,39,71,55,2,163,6,3,50.0,3,50.0,65,305,142,5,3,1,4,3,89,18,Matches,2024-05-18
450,José Welison,br BRA,MF,Fortaleza,29-068,1995,1.7,84,5,24,52,9,0,84,0,0,,0,,33,117,34,1,0,0,1,2,35,1,Matches,2024-05-18
451,Wesley,br BRA,DF,Flamengo,20-255,2003,1.3,80,12,31,23,26,2,80,0,0,,0,,25,102,43,1,1,1,2,0,34,7,Matches,2024-05-18
452,Wesley,br BRA,"FW,MF",Internacional,25-049,1999,3.4,175,0,16,64,100,10,175,21,10,47.6,6,28.6,121,907,491,17,8,5,8,2,135,32,Matches,2024-05-18
453,Wéverton,br BRA,GK,Palmeiras,36-157,1987,6.0,231,180,230,1,0,0,231,0,0,,0,,142,896,448,0,0,0,0,0,118,0,Matches,2024-05-18
454,William,br BRA,DF,Cruzeiro,29-045,1995,5.0,367,10,81,165,124,10,367,8,4,50.0,4,50.0,196,1080,655,15,12,3,4,5,215,32,Matches,2024-05-18
455,Willian,br BRA,MF,Vitória,31-002,1993,4.0,181,13,39,126,16,1,181,1,0,0.0,0,0.0,99,419,198,3,4,0,3,4,130,2,Matches,2024-05-18
456,Samuel Xavier,br BRA,DF,Fluminense,33-347,1990,2.5,158,8,48,68,45,3,158,0,0,,0,,66,396,239,5,5,1,3,3,93,7,Matches,2024-05-18
457,Bruno Zapelli,ar ARG,"MF,FW",Ath Paranaense,22-001,2002,2.6,157,2,11,80,68,6,157,5,3,60.0,2,40.0,97,487,250,6,3,1,8,2,108,10,Matches,2024-05-18
458,Federico Zaracho,ar ARG,MF,Atlético Mineiro,26-069,1998,3.1,177,1,27,95,55,8,177,9,3,33.3,5,55.6,95,375,136,2,3,0,7,4,120,15,Matches,2024-05-18
459,Zeca,br BRA,DF,Vitória,30-002,1994,4.3,258,18,88,120,53,2,258,5,3,60.0,1,20.0,149,1012,592,13,10,2,0,9,156,12,Matches,2024-05-18
